repo_fullname,pr_number,event,event_timestamp,author_association,username,usertype,event_sha,date
ethereum/go-ethereum,3,committed,2013-12-19T18:38:09Z,NA,vbuterin,User,6654544ca7245fa0f501057a94e74c8e331af2b0,2013-12-19
ethereum/go-ethereum,3,committed,2013-12-20T02:26:52Z,NA,vbuterin,User,d712f93e668f6c82d81cf8f631c76f992205dd9e,2013-12-20
ethereum/go-ethereum,3,committed,2013-12-20T02:28:47Z,NA,vbuterin,User,541c7ee4465234b75b8943654f5d33dede43af94,2013-12-20
ethereum/go-ethereum,3,committed,2013-12-20T02:30:38Z,NA,vbuterin,User,ec9c2aff854a941d747c32bb0556ba1a85efd8b9,2013-12-20
ethereum/go-ethereum,3,committed,2013-12-22T02:20:30Z,NA,vbuterin,User,e476fb19bc0d55fb120772c175e438e21a0cefb1,2013-12-22
ethereum/go-ethereum,3,committed,2013-12-22T02:38:16Z,NA,vbuterin,User,bce41be4f77eacdb260b9514b1471cd4058e4f93,2013-12-22
ethereum/go-ethereum,3,committed,2013-12-22T21:06:51Z,NA,vbuterin,User,0d729e121938b623857544c6c95bc95fc02d38a7,2013-12-22
ethereum/go-ethereum,3,committed,2013-12-25T13:26:43Z,NA,vbuterin,User,a3af9af23ede211b9fe933fc437074393ce36dfc,2013-12-25
ethereum/go-ethereum,3,committed,2013-12-26T21:17:18Z,NA,vbuterin,User,c489ff0cbbe2dfd0049fd3e793c1c49ccb388545,2013-12-26
ethereum/go-ethereum,3,committed,2013-12-30T01:10:58Z,NA,vbuterin,User,8e2a08ffde4f72909f1468a679b2530b629203d6,2013-12-30
ethereum/go-ethereum,3,committed,2013-12-30T21:49:41Z,NA,vbuterin,User,9115adbcca95a457602fc080fe751931c754d66d,2013-12-30
ethereum/go-ethereum,3,committed,2013-12-31T15:32:06Z,NA,vbuterin,User,0cd6ec613c8db1caaa2c78471c104c3be1965416,2013-12-31
ethereum/go-ethereum,3,committed,2013-12-31T22:29:43Z,NA,vbuterin,User,2992c04169b958b857c0703acf097a2762424bfc,2013-12-31
ethereum/go-ethereum,3,committed,2014-01-01T00:02:38Z,NA,vbuterin,User,9d47cacc47ec8c30da463944711dfa08a29d7174,2014-01-01
ethereum/go-ethereum,3,committed,2014-01-07T17:40:49Z,NA,vbuterin,User,f1208195f4ebe58d270aefe489ae3bdd7208873e,2014-01-07
ethereum/go-ethereum,3,committed,2014-01-08T16:26:19Z,NA,vbuterin,User,9c2470902b3a0a1b7669c2cf7996bc9c3dc0daa3,2014-01-08
ethereum/go-ethereum,3,committed,2014-01-15T16:05:22Z,NA,stephantual,User,66ba43ed4a94d07c6805e0d29b5a393fbe5b7b36,2014-01-15
ethereum/go-ethereum,3,committed,2014-01-15T17:10:28Z,NA,stephantual,User,e9315a1df4fa21c7cb632c1401d049de6c07c09f,2014-01-15
ethereum/go-ethereum,3,committed,2014-01-15T17:26:19Z,NA,stephantual,User,bc2664181f1ac51422b5e6d430c6fc81f109c0c5,2014-01-15
ethereum/go-ethereum,3,closed,2014-01-15T17:33:06Z,NA,stephantual,User,NA,2014-01-15
ethereum/go-ethereum,3,commented,2014-01-15T17:33:39Z,CONTRIBUTOR,stephantual,User,NA,2014-01-15
ethereum/go-ethereum,3,referenced,2014-10-23T15:58:13Z,NA,zelig,User,NA,2014-10-23
ethereum/go-ethereum,3,referenced,2014-11-04T17:19:03Z,NA,obscuren,User,NA,2014-11-04
ethereum/go-ethereum,3,referenced,2014-12-12T12:26:21Z,NA,obscuren,User,NA,2014-12-12
ethereum/go-ethereum,3,referenced,2015-01-02T16:36:10Z,NA,obscuren,User,NA,2015-01-02
ethereum/go-ethereum,3,referenced,2015-02-05T20:23:21Z,NA,tgerring,User,NA,2015-02-05
ethereum/go-ethereum,3,referenced,2015-02-13T23:28:53Z,NA,obscuren,User,NA,2015-02-13
ethereum/go-ethereum,3,referenced,2015-03-03T16:07:39Z,NA,gavofyork,User,NA,2015-03-03
ethereum/go-ethereum,3,cross-referenced,2015-05-10T01:41:12Z,NA,vinc456,User,NA,2015-05-10
ethereum/go-ethereum,3,cross-referenced,2015-05-13T04:33:02Z,NA,arvicco,User,NA,2015-05-13
ethereum/go-ethereum,3,cross-referenced,2015-12-13T17:24:03Z,NA,NA,NA,NA,2015-12-13
ethereum/go-ethereum,3,cross-referenced,2016-05-07T05:56:48Z,NA,gsj5,User,NA,2016-05-07
ethereum/go-ethereum,3,cross-referenced,2016-09-18T20:04:14Z,NA,devktor,User,NA,2016-09-18
ethereum/go-ethereum,3,referenced,2017-02-01T16:20:34Z,NA,bts,User,NA,2017-02-01
ethereum/go-ethereum,3,cross-referenced,2017-05-07T21:15:09Z,NA,ligi,User,NA,2017-05-07
ethereum/go-ethereum,3,cross-referenced,2017-08-16T05:20:13Z,NA,mazi5769,User,NA,2017-08-16
ethereum/go-ethereum,3,cross-referenced,2017-11-05T20:59:31Z,NA,ozergul,User,NA,2017-11-05
ethereum/go-ethereum,3,referenced,2018-01-24T03:25:43Z,NA,prestonvanloon,User,NA,2018-01-24
ethereum/go-ethereum,3,referenced,2018-02-24T16:15:20Z,NA,cdetrio,User,NA,2018-02-24
ethereum/go-ethereum,3,referenced,2018-03-27T14:04:12Z,NA,gballet,User,NA,2018-03-27
ethereum/go-ethereum,3,referenced,2018-08-14T11:51:16Z,NA,shiotoli,User,NA,2018-08-14
ethereum/go-ethereum,3,referenced,2018-08-17T22:22:43Z,NA,MetadiumRelease,User,NA,2018-08-17
ethereum/go-ethereum,3,cross-referenced,2018-08-31T09:27:32Z,NA,jpeletier,User,NA,2018-08-31
ethereum/go-ethereum,3,referenced,2020-02-29T13:14:47Z,NA,blazejkrzak,User,NA,2020-02-29
ethereum/go-ethereum,3,referenced,2020-03-03T15:55:25Z,NA,rewrewby,User,NA,2020-03-03
ethereum/go-ethereum,3,referenced,2020-05-26T16:16:36Z,NA,lightclient,User,NA,2020-05-26
ethereum/go-ethereum,3,referenced,2020-09-13T21:13:08Z,NA,tynes,User,NA,2020-09-13
ethereum/go-ethereum,3,referenced,2020-09-13T21:13:08Z,NA,tynes,User,NA,2020-09-13
ethereum/go-ethereum,3,referenced,2020-09-29T15:38:19Z,NA,holiman,User,NA,2020-09-29
ethereum/go-ethereum,3,referenced,2020-11-16T16:15:54Z,NA,meowsbits,User,NA,2020-11-16
ethereum/go-ethereum,3,referenced,2021-02-17T00:44:42Z,NA,recmo,User,NA,2021-02-17
ethereum/go-ethereum,3,referenced,2021-03-10T09:42:28Z,NA,enriquefynn,User,NA,2021-03-10
ethereum/go-ethereum,3,referenced,2021-08-13T20:22:17Z,NA,maoueh,User,NA,2021-08-13
ethereum/go-ethereum,3,referenced,2021-08-13T20:22:32Z,NA,maoueh,User,NA,2021-08-13
ethereum/go-ethereum,3,cross-referenced,2021-10-01T10:31:44Z,NA,NA,NA,NA,2021-10-01
ethereum/go-ethereum,3,cross-referenced,2021-10-01T10:33:08Z,NA,NA,NA,NA,2021-10-01
ethereum/go-ethereum,3,referenced,2021-10-27T20:51:59Z,NA,rohansbansal,User,NA,2021-10-27
ethereum/go-ethereum,3,referenced,2022-01-04T12:54:57Z,NA,lochjin,User,NA,2022-01-04
ethereum/go-ethereum,3,referenced,2022-01-20T19:04:32Z,NA,tony-ricciardi,User,NA,2022-01-20
ethereum/go-ethereum,3,referenced,2022-03-01T17:15:32Z,NA,asn-d6,User,NA,2022-03-01
ethereum/go-ethereum,3,referenced,2022-06-15T14:27:46Z,NA,Inphi,User,NA,2022-06-15
ethereum/go-ethereum,3,referenced,2022-08-05T18:13:06Z,NA,tarcisiozf,User,NA,2022-08-05
ethereum/go-ethereum,3,referenced,2022-08-17T15:38:58Z,NA,unclezoro,User,NA,2022-08-17
ethereum/go-ethereum,3,referenced,2022-10-08T16:51:04Z,NA,shopglobal,User,NA,2022-10-08
ethereum/go-ethereum,3,referenced,2023-01-04T20:13:48Z,NA,joshuacolvin0,User,NA,2023-01-04
ethereum/go-ethereum,3,referenced,2023-03-13T12:09:31Z,NA,neraty,User,NA,2023-03-13
ethereum/go-ethereum,3,referenced,2023-04-03T12:47:01Z,NA,neraty,User,NA,2023-04-03
ethereum/go-ethereum,3,referenced,2023-07-25T19:12:33Z,NA,sbellem,User,NA,2023-07-25
ethereum/go-ethereum,3,referenced,2023-09-11T10:52:44Z,NA,nikicat,User,NA,2023-09-11
ethereum/go-ethereum,3,referenced,2023-10-27T19:00:27Z,NA,andrewbx,User,NA,2023-10-27
ethereum/go-ethereum,3,referenced,2023-11-02T08:57:26Z,NA,cuiweixie,User,NA,2023-11-02
ethereum/go-ethereum,3,referenced,2024-02-07T13:10:22Z,NA,canercidam,User,NA,2024-02-07
ethereum/go-ethereum,3,referenced,2024-02-24T17:18:16Z,NA,allnil,User,NA,2024-02-24
ethereum/go-ethereum,3,referenced,2024-04-10T04:41:35Z,NA,siddharth0a,User,NA,2024-04-10
ethereum/go-ethereum,3,cross-referenced,2024-06-26T22:47:43Z,NA,tnunamak,User,NA,2024-06-26
ethereum/go-ethereum,3,cross-referenced,2025-01-27T08:59:47Z,NA,zsfelfoldi,User,NA,2025-01-27
ethereum/go-ethereum,3,referenced,2025-01-30T17:46:19Z,NA,ryanschneider,User,NA,2025-01-30
ethereum/go-ethereum,3,referenced,2025-03-21T09:48:00Z,NA,fjl,User,NA,2025-03-21
ethereum/go-ethereum,3,referenced,2025-03-25T15:27:52Z,NA,bharath-123,User,NA,2025-03-25
ethereum/go-ethereum,3,referenced,2025-03-25T15:27:55Z,NA,bharath-123,User,NA,2025-03-25
ethereum/go-ethereum,3,referenced,2025-03-25T15:28:00Z,NA,bharath-123,User,NA,2025-03-25
ethereum/go-ethereum,3,referenced,2025-04-21T16:23:19Z,NA,sivaratrisrinivas,User,NA,2025-04-21
ethereum/go-ethereum,3,referenced,2025-06-19T19:05:14Z,NA,rezzmah,User,NA,2025-06-19
ethereum/go-ethereum,3,referenced,2025-10-14T10:38:55Z,NA,fjl,User,NA,2025-10-14
ethereum/go-ethereum,2,committed,2014-01-10T05:23:19Z,NA,vessenes,User,06adb4c9ae45f51b7abd36c2cd4fd5cbf9e1a471,2014-01-10
ethereum/go-ethereum,2,commented,2014-01-10T09:39:05Z,CONTRIBUTOR,obscuren,User,NA,2014-01-10
ethereum/go-ethereum,2,closed,2014-01-10T09:39:05Z,NA,obscuren,User,NA,2014-01-10
ethereum/go-ethereum,2,commented,2014-01-11T18:11:25Z,NONE,vessenes,User,NA,2014-01-11
ethereum/go-ethereum,2,cross-referenced,2014-02-17T09:05:28Z,NA,elimisteve,User,NA,2014-02-17
ethereum/go-ethereum,2,cross-referenced,2015-01-05T10:42:08Z,NA,zelig,User,NA,2015-01-05
ethereum/go-ethereum,2,referenced,2015-02-13T23:28:53Z,NA,obscuren,User,NA,2015-02-13
ethereum/go-ethereum,2,cross-referenced,2015-03-02T04:32:04Z,NA,SilentCicero,User,NA,2015-03-02
ethereum/go-ethereum,2,cross-referenced,2015-03-12T09:23:47Z,NA,frozeman,User,NA,2015-03-12
ethereum/go-ethereum,2,cross-referenced,2015-05-10T01:41:12Z,NA,vinc456,User,NA,2015-05-10
ethereum/go-ethereum,2,cross-referenced,2015-05-11T02:24:00Z,NA,NA,NA,NA,2015-05-11
ethereum/go-ethereum,2,cross-referenced,2015-05-13T04:33:02Z,NA,arvicco,User,NA,2015-05-13
ethereum/go-ethereum,2,cross-referenced,2015-08-04T10:13:11Z,NA,stephantual,User,NA,2015-08-04
ethereum/go-ethereum,2,cross-referenced,2015-09-30T07:38:17Z,NA,tinybike,User,NA,2015-09-30
ethereum/go-ethereum,2,cross-referenced,2015-12-13T17:24:03Z,NA,NA,NA,NA,2015-12-13
ethereum/go-ethereum,2,cross-referenced,2016-05-07T05:56:48Z,NA,gsj5,User,NA,2016-05-07
ethereum/go-ethereum,2,cross-referenced,2016-05-11T03:00:12Z,NA,gsj5,User,NA,2016-05-11
ethereum/go-ethereum,2,cross-referenced,2016-05-21T00:49:06Z,NA,fluidvoice,User,NA,2016-05-21
ethereum/go-ethereum,2,cross-referenced,2016-09-18T20:04:13Z,NA,devktor,User,NA,2016-09-18
ethereum/go-ethereum,2,cross-referenced,2016-10-26T17:55:12Z,NA,pencilvester,User,NA,2016-10-26
ethereum/go-ethereum,2,cross-referenced,2017-05-07T21:15:09Z,NA,ligi,User,NA,2017-05-07
ethereum/go-ethereum,2,cross-referenced,2017-08-16T05:20:13Z,NA,mazi5769,User,NA,2017-08-16
ethereum/go-ethereum,2,cross-referenced,2017-11-05T20:59:31Z,NA,ozergul,User,NA,2017-11-05
ethereum/go-ethereum,2,cross-referenced,2017-12-19T12:20:02Z,NA,zsfelfoldi,User,NA,2017-12-19
ethereum/go-ethereum,2,cross-referenced,2018-01-13T11:17:04Z,NA,cculianu,User,NA,2018-01-13
ethereum/go-ethereum,2,referenced,2018-01-15T21:40:50Z,NA,prestonvanloon,User,NA,2018-01-15
ethereum/go-ethereum,2,referenced,2018-02-24T16:15:20Z,NA,cdetrio,User,NA,2018-02-24
ethereum/go-ethereum,2,cross-referenced,2018-03-08T13:06:52Z,NA,philsmd,User,NA,2018-03-08
ethereum/go-ethereum,2,referenced,2018-07-27T11:57:12Z,NA,MetadiumRelease,User,NA,2018-07-27
ethereum/go-ethereum,2,referenced,2018-08-14T11:51:16Z,NA,shiotoli,User,NA,2018-08-14
ethereum/go-ethereum,2,referenced,2018-09-12T21:06:27Z,NA,bmperrea,User,NA,2018-09-12
ethereum/go-ethereum,2,referenced,2018-09-13T12:10:53Z,NA,nnn-gif,User,NA,2018-09-13
ethereum/go-ethereum,2,referenced,2018-09-28T07:41:58Z,NA,jpeletier,User,NA,2018-09-28
ethereum/go-ethereum,2,referenced,2018-10-18T23:04:12Z,NA,jgiles,User,NA,2018-10-18
ethereum/go-ethereum,2,referenced,2018-12-21T09:06:13Z,NA,ngtuna,User,NA,2018-12-21
ethereum/go-ethereum,2,referenced,2019-03-18T10:36:41Z,NA,ngtuna,User,NA,2019-03-18
ethereum/go-ethereum,2,referenced,2020-03-03T15:55:25Z,NA,rewrewby,User,NA,2020-03-03
ethereum/go-ethereum,2,cross-referenced,2020-04-09T08:15:55Z,NA,ligi,User,NA,2020-04-09
ethereum/go-ethereum,2,referenced,2020-04-21T04:20:22Z,NA,coderbradlee,User,NA,2020-04-21
ethereum/go-ethereum,2,referenced,2020-04-28T03:24:43Z,NA,Zergity,User,NA,2020-04-28
ethereum/go-ethereum,2,referenced,2020-05-26T16:16:36Z,NA,lightclient,User,NA,2020-05-26
ethereum/go-ethereum,2,referenced,2020-06-06T07:00:38Z,NA,hackmod,User,NA,2020-06-06
ethereum/go-ethereum,2,cross-referenced,2020-11-13T05:23:54Z,NA,zjsunzone,User,NA,2020-11-13
ethereum/go-ethereum,2,referenced,2020-11-16T16:15:54Z,NA,meowsbits,User,NA,2020-11-16
ethereum/go-ethereum,2,cross-referenced,2020-12-05T00:07:32Z,NA,Neurone,User,NA,2020-12-05
ethereum/go-ethereum,2,referenced,2021-02-17T00:44:42Z,NA,recmo,User,NA,2021-02-17
ethereum/go-ethereum,2,cross-referenced,2021-02-21T18:15:47Z,NA,qhenkart,User,NA,2021-02-21
ethereum/go-ethereum,2,cross-referenced,2021-03-24T15:58:25Z,NA,susannaK,User,NA,2021-03-24
ethereum/go-ethereum,2,cross-referenced,2021-06-04T06:08:58Z,NA,m-e-r-k-l-e-root,User,NA,2021-06-04
ethereum/go-ethereum,2,referenced,2021-07-22T11:47:41Z,NA,shoenseiwaso,User,NA,2021-07-22
ethereum/go-ethereum,2,referenced,2021-08-13T20:22:17Z,NA,maoueh,User,NA,2021-08-13
ethereum/go-ethereum,2,referenced,2021-08-13T20:22:32Z,NA,maoueh,User,NA,2021-08-13
ethereum/go-ethereum,2,referenced,2021-08-13T20:24:13Z,NA,maoueh,User,NA,2021-08-13
ethereum/go-ethereum,2,referenced,2021-10-27T20:51:59Z,NA,rohansbansal,User,NA,2021-10-27
ethereum/go-ethereum,2,referenced,2021-11-12T05:43:04Z,NA,maoueh,User,NA,2021-11-12
ethereum/go-ethereum,2,referenced,2021-12-12T09:31:39Z,NA,dindinw,User,NA,2021-12-12
ethereum/go-ethereum,2,referenced,2022-01-20T19:04:32Z,NA,tony-ricciardi,User,NA,2022-01-20
ethereum/go-ethereum,2,referenced,2022-01-20T19:04:36Z,NA,tony-ricciardi,User,NA,2022-01-20
ethereum/go-ethereum,2,referenced,2022-01-20T19:05:23Z,NA,tony-ricciardi,User,NA,2022-01-20
ethereum/go-ethereum,2,referenced,2022-02-20T05:29:34Z,NA,asn-d6,User,NA,2022-02-20
ethereum/go-ethereum,2,referenced,2022-06-14T19:34:18Z,NA,Inphi,User,NA,2022-06-14
ethereum/go-ethereum,2,cross-referenced,2022-09-19T14:10:43Z,NA,schonex,User,NA,2022-09-19
ethereum/go-ethereum,2,referenced,2023-01-04T20:13:48Z,NA,joshuacolvin0,User,NA,2023-01-04
ethereum/go-ethereum,2,referenced,2023-03-13T12:09:39Z,NA,neraty,User,NA,2023-03-13
ethereum/go-ethereum,2,referenced,2023-04-03T12:47:09Z,NA,neraty,User,NA,2023-04-03
ethereum/go-ethereum,2,referenced,2023-07-25T19:12:33Z,NA,sbellem,User,NA,2023-07-25
ethereum/go-ethereum,2,referenced,2023-08-04T12:46:51Z,NA,spencer-tb,User,NA,2023-08-04
ethereum/go-ethereum,2,referenced,2023-09-11T10:52:44Z,NA,nikicat,User,NA,2023-09-11
ethereum/go-ethereum,2,referenced,2023-11-02T08:57:26Z,NA,cuiweixie,User,NA,2023-11-02
ethereum/go-ethereum,2,referenced,2024-01-23T08:13:55Z,NA,jakub-freebit,User,NA,2024-01-23
ethereum/go-ethereum,2,referenced,2024-02-24T17:18:16Z,NA,allnil,User,NA,2024-02-24
ethereum/go-ethereum,2,referenced,2024-04-04T13:21:14Z,NA,atenjin,User,NA,2024-04-04
ethereum/go-ethereum,2,referenced,2024-04-10T04:41:35Z,NA,siddharth0a,User,NA,2024-04-10
ethereum/go-ethereum,2,cross-referenced,2024-06-26T22:47:43Z,NA,tnunamak,User,NA,2024-06-26
ethereum/go-ethereum,2,referenced,2024-09-19T17:21:08Z,NA,come-maiz,User,NA,2024-09-19
ethereum/go-ethereum,2,cross-referenced,2025-01-27T08:57:43Z,NA,zsfelfoldi,User,NA,2025-01-27
ethereum/go-ethereum,2,referenced,2025-01-30T17:46:24Z,NA,ryanschneider,User,NA,2025-01-30
ethereum/go-ethereum,2,referenced,2025-02-03T19:12:11Z,NA,scharissis,User,NA,2025-02-03
ethereum/go-ethereum,2,referenced,2025-03-17T17:59:05Z,NA,fjl,User,NA,2025-03-17
ethereum/go-ethereum,2,referenced,2025-03-18T21:47:46Z,NA,totovskimartin,User,NA,2025-03-18
ethereum/go-ethereum,2,referenced,2025-03-18T21:59:30Z,NA,totovskimartin,User,NA,2025-03-18
ethereum/go-ethereum,2,referenced,2025-03-25T15:27:53Z,NA,bharath-123,User,NA,2025-03-25
ethereum/go-ethereum,2,referenced,2025-03-25T15:27:55Z,NA,bharath-123,User,NA,2025-03-25
ethereum/go-ethereum,2,referenced,2025-04-21T16:23:17Z,NA,sivaratrisrinivas,User,NA,2025-04-21
ethereum/go-ethereum,2,referenced,2025-06-19T19:05:14Z,NA,rezzmah,User,NA,2025-06-19
ethereum/go-ethereum,2,referenced,2025-10-14T10:38:55Z,NA,fjl,User,NA,2025-10-14
ethereum/go-ethereum,4,committed,2014-01-15T17:40:35Z,NA,stephantual,User,be48f2eb91b8726cbafe9865360e64cbfa35c3de,2014-01-15
ethereum/go-ethereum,4,referenced,2014-01-19T23:58:41Z,NA,obscuren,User,NA,2014-01-19
ethereum/go-ethereum,4,merged,2014-01-19T23:58:41Z,NA,obscuren,User,NA,2014-01-19
ethereum/go-ethereum,4,closed,2014-01-19T23:58:41Z,NA,obscuren,User,NA,2014-01-19
ethereum/go-ethereum,4,referenced,2014-11-04T17:19:03Z,NA,obscuren,User,NA,2014-11-04
ethereum/go-ethereum,4,referenced,2014-12-12T12:26:21Z,NA,obscuren,User,NA,2014-12-12
ethereum/go-ethereum,4,referenced,2015-01-02T16:36:10Z,NA,obscuren,User,NA,2015-01-02
ethereum/go-ethereum,4,referenced,2015-03-03T16:07:39Z,NA,obscuren,User,NA,2015-03-03
ethereum/go-ethereum,4,cross-referenced,2015-12-13T17:24:03Z,NA,NA,NA,NA,2015-12-13
ethereum/go-ethereum,4,cross-referenced,2015-12-15T16:01:16Z,NA,Nashatyrev,User,NA,2015-12-15
ethereum/go-ethereum,4,cross-referenced,2016-09-18T20:04:14Z,NA,devktor,User,NA,2016-09-18
ethereum/go-ethereum,4,referenced,2017-02-01T16:20:34Z,NA,bts,User,NA,2017-02-01
ethereum/go-ethereum,4,referenced,2017-02-01T16:20:34Z,NA,bts,User,NA,2017-02-01
ethereum/go-ethereum,4,cross-referenced,2017-05-07T21:15:09Z,NA,ligi,User,NA,2017-05-07
ethereum/go-ethereum,4,cross-referenced,2017-08-16T05:20:13Z,NA,mazi5769,User,NA,2017-08-16
ethereum/go-ethereum,4,cross-referenced,2017-11-05T20:59:31Z,NA,ozergul,User,NA,2017-11-05
ethereum/go-ethereum,4,referenced,2018-02-24T16:15:20Z,NA,cdetrio,User,NA,2018-02-24
ethereum/go-ethereum,4,referenced,2018-06-12T06:04:54Z,NA,phucnguyenit,User,NA,2018-06-12
ethereum/go-ethereum,4,referenced,2018-08-14T11:51:16Z,NA,shiotoli,User,NA,2018-08-14
ethereum/go-ethereum,4,referenced,2018-08-17T22:39:25Z,NA,MetadiumRelease,User,NA,2018-08-17
ethereum/go-ethereum,4,referenced,2018-11-15T15:56:34Z,NA,xmxanuel,User,NA,2018-11-15
ethereum/go-ethereum,4,referenced,2018-11-30T20:22:48Z,NA,eximchain137,User,NA,2018-11-30
ethereum/go-ethereum,4,referenced,2018-12-04T14:28:32Z,NA,gballet,User,NA,2018-12-04
ethereum/go-ethereum,4,referenced,2019-01-09T14:19:33Z,NA,cryptomental,User,NA,2019-01-09
ethereum/go-ethereum,4,referenced,2019-01-09T15:01:55Z,NA,cryptomental,User,NA,2019-01-09
ethereum/go-ethereum,4,referenced,2019-01-09T15:18:53Z,NA,cryptomental,User,NA,2019-01-09
ethereum/go-ethereum,4,cross-referenced,2019-05-03T12:30:12Z,NA,WinstonPrivacy,User,NA,2019-05-03
ethereum/go-ethereum,4,referenced,2019-06-04T21:36:27Z,NA,ryanschneider,User,NA,2019-06-04
ethereum/go-ethereum,4,cross-referenced,2020-01-14T14:04:57Z,NA,MysticRyuujin,User,NA,2020-01-14
ethereum/go-ethereum,4,referenced,2020-02-29T13:14:47Z,NA,blazejkrzak,User,NA,2020-02-29
ethereum/go-ethereum,4,referenced,2020-03-03T15:55:25Z,NA,rewrewby,User,NA,2020-03-03
ethereum/go-ethereum,4,referenced,2020-03-05T02:38:31Z,NA,rjl493456442,User,NA,2020-03-05
ethereum/go-ethereum,4,referenced,2020-09-13T21:13:08Z,NA,tynes,User,NA,2020-09-13
ethereum/go-ethereum,4,referenced,2020-09-13T21:13:08Z,NA,tynes,User,NA,2020-09-13
ethereum/go-ethereum,4,referenced,2021-02-02T16:06:08Z,NA,rjl493456442,User,NA,2021-02-02
ethereum/go-ethereum,4,referenced,2021-02-17T00:44:42Z,NA,recmo,User,NA,2021-02-17
ethereum/go-ethereum,4,referenced,2021-04-14T20:23:13Z,NA,karalabe,User,NA,2021-04-14
ethereum/go-ethereum,4,referenced,2021-08-13T20:22:17Z,NA,maoueh,User,NA,2021-08-13
ethereum/go-ethereum,4,referenced,2021-08-13T20:22:32Z,NA,maoueh,User,NA,2021-08-13
ethereum/go-ethereum,4,referenced,2021-08-28T00:52:03Z,NA,reds,User,NA,2021-08-28
ethereum/go-ethereum,4,referenced,2022-01-20T19:04:32Z,NA,tony-ricciardi,User,NA,2022-01-20
ethereum/go-ethereum,4,referenced,2022-02-10T04:15:22Z,NA,lochjin,User,NA,2022-02-10
ethereum/go-ethereum,4,referenced,2022-06-21T23:54:37Z,NA,Inphi,User,NA,2022-06-21
ethereum/go-ethereum,4,referenced,2022-08-05T18:13:06Z,NA,tarcisiozf,User,NA,2022-08-05
ethereum/go-ethereum,4,referenced,2022-08-31T08:20:23Z,NA,duguyifang,User,NA,2022-08-31
ethereum/go-ethereum,4,referenced,2023-03-13T12:09:31Z,NA,neraty,User,NA,2023-03-13
ethereum/go-ethereum,4,referenced,2023-03-13T12:09:38Z,NA,neraty,User,NA,2023-03-13
ethereum/go-ethereum,4,referenced,2023-04-03T12:47:02Z,NA,neraty,User,NA,2023-04-03
ethereum/go-ethereum,4,referenced,2023-04-03T12:47:08Z,NA,neraty,User,NA,2023-04-03
ethereum/go-ethereum,4,referenced,2023-07-25T19:12:33Z,NA,sbellem,User,NA,2023-07-25
ethereum/go-ethereum,4,referenced,2023-09-11T10:52:44Z,NA,nikicat,User,NA,2023-09-11
ethereum/go-ethereum,4,cross-referenced,2023-09-21T03:01:00Z,NA,mohasdev,User,NA,2023-09-21
ethereum/go-ethereum,4,referenced,2023-11-02T08:57:25Z,NA,cuiweixie,User,NA,2023-11-02
ethereum/go-ethereum,4,referenced,2024-02-24T17:18:16Z,NA,allnil,User,NA,2024-02-24
ethereum/go-ethereum,4,referenced,2024-04-04T13:21:14Z,NA,atenjin,User,NA,2024-04-04
ethereum/go-ethereum,4,referenced,2024-04-10T04:41:35Z,NA,siddharth0a,User,NA,2024-04-10
ethereum/go-ethereum,4,referenced,2024-12-30T10:20:36Z,NA,wsodsong,User,NA,2024-12-30
ethereum/go-ethereum,4,referenced,2025-01-30T17:46:20Z,NA,ryanschneider,User,NA,2025-01-30
ethereum/go-ethereum,4,referenced,2025-01-30T17:46:24Z,NA,ryanschneider,User,NA,2025-01-30
ethereum/go-ethereum,4,referenced,2025-01-30T18:26:20Z,NA,HerbertJordan,User,NA,2025-01-30
ethereum/go-ethereum,4,referenced,2025-03-25T15:27:52Z,NA,bharath-123,User,NA,2025-03-25
ethereum/go-ethereum,4,referenced,2025-03-25T15:28:00Z,NA,bharath-123,User,NA,2025-03-25
ethereum/go-ethereum,4,referenced,2025-07-02T08:57:37Z,NA,yoosah,User,NA,2025-07-02
ethereum/go-ethereum,4,referenced,2025-08-20T04:59:43Z,NA,yihuang,User,NA,2025-08-20
ethereum/go-ethereum,4,referenced,2025-08-20T05:00:57Z,NA,yihuang,User,NA,2025-08-20
ethereum/go-ethereum,4,referenced,2025-10-08T13:17:37Z,NA,sjnscythe,User,NA,2025-10-08
ethereum/go-ethereum,4,referenced,2025-11-03T11:37:20Z,NA,Thegaram,User,NA,2025-11-03
ethereum/go-ethereum,4,referenced,2025-11-21T14:07:21Z,NA,ttrap0332-design,User,NA,2025-11-21
ethereum/go-ethereum,4,referenced,2025-11-21T14:30:21Z,NA,ttrap0332-design,User,NA,2025-11-21
ethereum/go-ethereum,11,committed,2014-02-01T03:10:18Z,NA,hiddentao,User,6a7cd0c676f56ab1bf2205ee29f6bb24a2449f29,2014-02-01
ethereum/go-ethereum,11,committed,2014-02-01T03:20:29Z,NA,hiddentao,User,9cdf8f2cba0469429f3d3f2aeacdbb4844928a0a,2014-02-01
ethereum/go-ethereum,11,committed,2014-02-01T04:25:40Z,NA,hiddentao,User,f4433a680482fda18b9273195ed7c65f5314f157,2014-02-01
ethereum/go-ethereum,11,referenced,2014-02-02T11:21:55Z,NA,obscuren,User,NA,2014-02-02
ethereum/go-ethereum,11,merged,2014-02-02T11:21:55Z,NA,obscuren,User,NA,2014-02-02
ethereum/go-ethereum,11,closed,2014-02-02T11:21:55Z,NA,obscuren,User,NA,2014-02-02
ethereum/go-ethereum,11,referenced,2015-01-29T11:02:24Z,NA,obscuren,User,NA,2015-01-29
ethereum/go-ethereum,11,referenced,2015-01-29T11:02:24Z,NA,obscuren,User,NA,2015-01-29
ethereum/go-ethereum,11,referenced,2015-07-23T14:53:14Z,NA,zsfelfoldi,User,NA,2015-07-23
ethereum/go-ethereum,11,cross-referenced,2016-09-18T20:04:14Z,NA,devktor,User,NA,2016-09-18
ethereum/go-ethereum,11,referenced,2017-02-01T16:20:34Z,NA,bts,User,NA,2017-02-01
ethereum/go-ethereum,11,cross-referenced,2017-05-07T21:15:09Z,NA,ligi,User,NA,2017-05-07
ethereum/go-ethereum,11,cross-referenced,2017-08-16T05:20:13Z,NA,mazi5769,User,NA,2017-08-16
ethereum/go-ethereum,11,cross-referenced,2017-09-16T04:12:55Z,NA,johnluan,User,NA,2017-09-16
ethereum/go-ethereum,11,cross-referenced,2017-11-06T00:18:59Z,NA,johnluan,User,NA,2017-11-06
ethereum/go-ethereum,11,referenced,2018-01-24T03:25:43Z,NA,prestonvanloon,User,NA,2018-01-24
ethereum/go-ethereum,11,referenced,2018-09-08T21:38:17Z,NA,holiman,User,NA,2018-09-08
ethereum/go-ethereum,11,referenced,2019-01-12T14:57:40Z,NA,whilei,User,NA,2019-01-12
ethereum/go-ethereum,11,referenced,2020-03-03T15:55:25Z,NA,rewrewby,User,NA,2020-03-03
ethereum/go-ethereum,11,referenced,2020-03-25T06:57:47Z,NA,gballet,User,NA,2020-03-25
ethereum/go-ethereum,11,referenced,2020-06-16T13:44:01Z,NA,lightclient,User,NA,2020-06-16
ethereum/go-ethereum,11,referenced,2020-09-13T21:13:08Z,NA,tynes,User,NA,2020-09-13
ethereum/go-ethereum,11,referenced,2020-10-30T17:29:20Z,NA,gballet,User,NA,2020-10-30
ethereum/go-ethereum,11,referenced,2021-02-02T16:06:08Z,NA,rjl493456442,User,NA,2021-02-02
ethereum/go-ethereum,11,referenced,2021-02-17T00:44:43Z,NA,recmo,User,NA,2021-02-17
ethereum/go-ethereum,11,referenced,2021-04-14T15:21:58Z,NA,s1na,User,NA,2021-04-14
ethereum/go-ethereum,11,referenced,2022-01-20T19:04:32Z,NA,tony-ricciardi,User,NA,2022-01-20
ethereum/go-ethereum,11,referenced,2022-08-05T18:13:06Z,NA,tarcisiozf,User,NA,2022-08-05
ethereum/go-ethereum,11,referenced,2022-08-09T04:59:06Z,NA,Inphi,User,NA,2022-08-09
ethereum/go-ethereum,11,referenced,2022-10-31T18:49:10Z,NA,dindinw,User,NA,2022-10-31
ethereum/go-ethereum,11,referenced,2022-11-29T19:57:34Z,NA,marioevz,User,NA,2022-11-29
ethereum/go-ethereum,11,referenced,2023-01-04T20:13:48Z,NA,joshuacolvin0,User,NA,2023-01-04
ethereum/go-ethereum,11,referenced,2023-03-13T12:09:32Z,NA,neraty,User,NA,2023-03-13
ethereum/go-ethereum,11,referenced,2023-04-03T12:47:02Z,NA,neraty,User,NA,2023-04-03
ethereum/go-ethereum,11,referenced,2023-07-25T19:12:34Z,NA,sbellem,User,NA,2023-07-25
ethereum/go-ethereum,11,referenced,2023-11-02T08:57:25Z,NA,cuiweixie,User,NA,2023-11-02
ethereum/go-ethereum,11,referenced,2024-02-24T17:18:16Z,NA,allnil,User,NA,2024-02-24
ethereum/go-ethereum,11,referenced,2024-10-02T07:24:42Z,NA,mralj,User,NA,2024-10-02
ethereum/go-ethereum,11,referenced,2025-01-30T17:46:20Z,NA,ryanschneider,User,NA,2025-01-30
ethereum/go-ethereum,11,referenced,2025-03-25T15:28:00Z,NA,bharath-123,User,NA,2025-03-25
ethereum/go-ethereum,11,referenced,2025-04-14T06:50:43Z,NA,dudong2,User,NA,2025-04-14
ethereum/go-ethereum,11,referenced,2025-04-14T07:51:34Z,NA,dudong2,User,NA,2025-04-14
ethereum/go-ethereum,11,referenced,2025-10-08T13:17:38Z,NA,sjnscythe,User,NA,2025-10-08
ethereum/go-ethereum,11,referenced,2025-12-26T10:02:24Z,NA,oxbrain01,User,NA,2025-12-26
ethereum/go-ethereum,19,committed,2014-02-22T20:16:24Z,NA,,,5ba1e3fddc315628995426a55b84a6e11598dba9,2014-02-22
ethereum/go-ethereum,19,labeled,2014-02-28T14:15:59Z,NA,obscuren,User,NA,2014-02-28
ethereum/go-ethereum,19,labeled,2014-02-28T14:16:07Z,NA,obscuren,User,NA,2014-02-28
ethereum/go-ethereum,19,unlabeled,2014-02-28T14:16:08Z,NA,obscuren,User,NA,2014-02-28
ethereum/go-ethereum,19,commented,2014-02-28T14:16:37Z,CONTRIBUTOR,obscuren,User,NA,2014-02-28
ethereum/go-ethereum,19,closed,2014-02-28T14:16:37Z,NA,obscuren,User,NA,2014-02-28
ethereum/go-ethereum,19,referenced,2014-10-23T12:30:15Z,NA,fjl,User,NA,2014-10-23
ethereum/go-ethereum,19,cross-referenced,2015-04-24T09:18:19Z,NA,alexvandesande,User,NA,2015-04-24
ethereum/go-ethereum,19,cross-referenced,2017-05-07T21:15:09Z,NA,ligi,User,NA,2017-05-07
ethereum/go-ethereum,19,cross-referenced,2017-08-16T05:20:13Z,NA,mazi5769,User,NA,2017-08-16
ethereum/go-ethereum,19,referenced,2018-02-10T01:09:14Z,NA,prestonvanloon,User,NA,2018-02-10
ethereum/go-ethereum,19,referenced,2019-02-05T19:04:25Z,NA,meowsbits,User,NA,2019-02-05
ethereum/go-ethereum,19,referenced,2019-03-21T21:32:08Z,NA,MetadiumRelease,User,NA,2019-03-21
ethereum/go-ethereum,19,referenced,2020-02-02T22:14:15Z,NA,i-norden,User,NA,2020-02-02
ethereum/go-ethereum,19,referenced,2020-03-03T15:55:26Z,NA,rewrewby,User,NA,2020-03-03
ethereum/go-ethereum,19,referenced,2020-07-06T22:01:37Z,NA,villanuevawill,User,NA,2020-07-06
ethereum/go-ethereum,19,referenced,2020-07-21T10:03:03Z,NA,fjl,User,NA,2020-07-21
ethereum/go-ethereum,19,referenced,2020-07-24T13:04:27Z,NA,fjl,User,NA,2020-07-24
ethereum/go-ethereum,19,referenced,2021-02-02T16:06:09Z,NA,rjl493456442,User,NA,2021-02-02
ethereum/go-ethereum,19,referenced,2021-02-17T00:44:43Z,NA,recmo,User,NA,2021-02-17
ethereum/go-ethereum,19,referenced,2021-08-13T20:22:17Z,NA,maoueh,User,NA,2021-08-13
ethereum/go-ethereum,19,referenced,2021-08-13T20:23:07Z,NA,maoueh,User,NA,2021-08-13
ethereum/go-ethereum,19,referenced,2021-10-26T18:05:44Z,NA,jwasinger,User,NA,2021-10-26
ethereum/go-ethereum,19,referenced,2021-11-15T02:53:09Z,NA,jwasinger,User,NA,2021-11-15
ethereum/go-ethereum,19,referenced,2021-11-30T07:10:06Z,NA,jwasinger,User,NA,2021-11-30
ethereum/go-ethereum,19,referenced,2022-02-26T13:35:37Z,NA,zhiqiangxu,User,NA,2022-02-26
ethereum/go-ethereum,19,cross-referenced,2022-03-18T14:51:33Z,NA,gballet,User,NA,2022-03-18
ethereum/go-ethereum,19,cross-referenced,2022-05-02T11:55:32Z,NA,gballet,User,NA,2022-05-02
ethereum/go-ethereum,19,referenced,2022-09-16T21:32:08Z,NA,protolambda,User,NA,2022-09-16
ethereum/go-ethereum,19,referenced,2022-09-29T16:10:42Z,NA,Inphi,User,NA,2022-09-29
ethereum/go-ethereum,19,referenced,2023-01-04T17:56:49Z,NA,protolambda,User,NA,2023-01-04
ethereum/go-ethereum,19,referenced,2023-01-04T17:56:50Z,NA,protolambda,User,NA,2023-01-04
ethereum/go-ethereum,19,referenced,2023-02-15T20:29:02Z,NA,jsign,User,NA,2023-02-15
ethereum/go-ethereum,19,referenced,2023-02-23T14:42:15Z,NA,weiihann,User,NA,2023-02-23
ethereum/go-ethereum,19,referenced,2023-03-03T17:26:24Z,NA,protolambda,User,NA,2023-03-03
ethereum/go-ethereum,19,referenced,2023-03-13T00:49:30Z,NA,lochjin,User,NA,2023-03-13
ethereum/go-ethereum,19,referenced,2023-03-13T12:09:34Z,NA,neraty,User,NA,2023-03-13
ethereum/go-ethereum,19,referenced,2023-04-03T12:47:04Z,NA,neraty,User,NA,2023-04-03
ethereum/go-ethereum,19,referenced,2023-07-25T19:12:34Z,NA,sbellem,User,NA,2023-07-25
ethereum/go-ethereum,19,referenced,2023-11-02T08:57:27Z,NA,cuiweixie,User,NA,2023-11-02
ethereum/go-ethereum,19,referenced,2024-01-10T17:02:04Z,NA,maoueh,User,NA,2024-01-10
ethereum/go-ethereum,19,referenced,2024-03-27T16:12:33Z,NA,maoueh,User,NA,2024-03-27
ethereum/go-ethereum,19,referenced,2024-06-14T12:17:56Z,NA,sduchesneau,User,NA,2024-06-14
ethereum/go-ethereum,19,referenced,2025-01-30T17:46:22Z,NA,ryanschneider,User,NA,2025-01-30
ethereum/go-ethereum,19,referenced,2025-02-05T01:40:48Z,NA,darioush,User,NA,2025-02-05
ethereum/go-ethereum,19,referenced,2025-03-10T04:28:00Z,NA,mmsqe,User,NA,2025-03-10
ethereum/go-ethereum,19,referenced,2025-03-25T15:27:53Z,NA,bharath-123,User,NA,2025-03-25
ethereum/go-ethereum,19,referenced,2025-03-25T15:27:58Z,NA,bharath-123,User,NA,2025-03-25
ethereum/go-ethereum,19,referenced,2025-10-08T13:17:47Z,NA,sjnscythe,User,NA,2025-10-08
ethereum/go-ethereum,19,referenced,2025-12-26T10:02:25Z,NA,oxbrain01,User,NA,2025-12-26
ethereum/go-ethereum,21,committed,2014-02-28T15:41:30Z,NA,0xc1c4da,User,aa7c53b7efacb35b23668f95df4349ff380b6910,2014-02-28
ethereum/go-ethereum,21,referenced,2014-02-28T15:46:34Z,NA,obscuren,User,NA,2014-02-28
ethereum/go-ethereum,21,merged,2014-02-28T15:46:34Z,NA,obscuren,User,NA,2014-02-28
ethereum/go-ethereum,21,closed,2014-02-28T15:46:34Z,NA,obscuren,User,NA,2014-02-28
ethereum/go-ethereum,21,referenced,2014-10-23T12:30:15Z,NA,fjl,User,NA,2014-10-23
ethereum/go-ethereum,21,referenced,2015-01-29T11:02:24Z,NA,obscuren,User,NA,2015-01-29
ethereum/go-ethereum,21,cross-referenced,2017-08-16T05:20:13Z,NA,mazi5769,User,NA,2017-08-16
ethereum/go-ethereum,21,cross-referenced,2017-09-07T10:01:22Z,NA,kaminono,User,NA,2017-09-07
ethereum/go-ethereum,21,referenced,2018-09-08T21:38:17Z,NA,holiman,User,NA,2018-09-08
ethereum/go-ethereum,21,referenced,2019-09-25T06:19:29Z,NA,MetadiumRelease,User,NA,2019-09-25
ethereum/go-ethereum,21,referenced,2019-11-25T14:47:41Z,NA,holiman,User,NA,2019-11-25
ethereum/go-ethereum,21,referenced,2019-12-02T08:31:29Z,NA,holiman,User,NA,2019-12-02
ethereum/go-ethereum,21,referenced,2019-12-04T10:12:06Z,NA,holiman,User,NA,2019-12-04
ethereum/go-ethereum,21,referenced,2020-01-21T12:29:57Z,NA,holiman,User,NA,2020-01-21
ethereum/go-ethereum,21,referenced,2020-02-02T22:14:15Z,NA,i-norden,User,NA,2020-02-02
ethereum/go-ethereum,21,referenced,2020-02-04T16:34:33Z,NA,holiman,User,NA,2020-02-04
ethereum/go-ethereum,21,referenced,2020-07-06T22:01:37Z,NA,villanuevawill,User,NA,2020-07-06
ethereum/go-ethereum,21,referenced,2020-07-21T10:03:03Z,NA,fjl,User,NA,2020-07-21
ethereum/go-ethereum,21,referenced,2020-07-24T13:04:27Z,NA,fjl,User,NA,2020-07-24
ethereum/go-ethereum,21,referenced,2021-08-13T20:22:18Z,NA,maoueh,User,NA,2021-08-13
ethereum/go-ethereum,21,referenced,2021-10-11T13:34:30Z,NA,zsfelfoldi,User,NA,2021-10-11
ethereum/go-ethereum,21,referenced,2021-10-26T18:05:44Z,NA,jwasinger,User,NA,2021-10-26
ethereum/go-ethereum,21,referenced,2021-11-15T02:53:09Z,NA,jwasinger,User,NA,2021-11-15
ethereum/go-ethereum,21,referenced,2021-11-30T07:10:06Z,NA,jwasinger,User,NA,2021-11-30
ethereum/go-ethereum,21,referenced,2022-02-21T09:55:45Z,NA,hadv,User,NA,2022-02-21
ethereum/go-ethereum,21,cross-referenced,2022-03-18T14:51:33Z,NA,gballet,User,NA,2022-03-18
ethereum/go-ethereum,21,cross-referenced,2022-05-02T11:55:32Z,NA,gballet,User,NA,2022-05-02
ethereum/go-ethereum,21,referenced,2022-09-16T21:32:09Z,NA,protolambda,User,NA,2022-09-16
ethereum/go-ethereum,21,referenced,2023-01-04T17:56:49Z,NA,protolambda,User,NA,2023-01-04
ethereum/go-ethereum,21,referenced,2023-01-04T17:56:50Z,NA,protolambda,User,NA,2023-01-04
ethereum/go-ethereum,21,referenced,2023-02-15T20:29:03Z,NA,jsign,User,NA,2023-02-15
ethereum/go-ethereum,21,referenced,2023-03-03T17:26:24Z,NA,protolambda,User,NA,2023-03-03
ethereum/go-ethereum,21,referenced,2023-03-13T12:09:35Z,NA,neraty,User,NA,2023-03-13
ethereum/go-ethereum,21,referenced,2023-04-03T12:47:05Z,NA,neraty,User,NA,2023-04-03
ethereum/go-ethereum,21,referenced,2023-07-25T19:12:35Z,NA,sbellem,User,NA,2023-07-25
ethereum/go-ethereum,21,referenced,2024-03-18T17:32:31Z,NA,allnil,User,NA,2024-03-18
ethereum/go-ethereum,21,referenced,2024-06-14T12:17:57Z,NA,sduchesneau,User,NA,2024-06-14
ethereum/go-ethereum,21,referenced,2025-01-30T17:46:22Z,NA,ryanschneider,User,NA,2025-01-30
ethereum/go-ethereum,21,referenced,2025-03-25T15:27:56Z,NA,bharath-123,User,NA,2025-03-25
ethereum/go-ethereum,21,referenced,2025-03-25T15:28:00Z,NA,bharath-123,User,NA,2025-03-25
ethereum/go-ethereum,21,referenced,2025-10-08T13:17:47Z,NA,sjnscythe,User,NA,2025-10-08
ethereum/go-ethereum,21,referenced,2025-12-26T10:02:25Z,NA,oxbrain01,User,NA,2025-12-26
ethereum/go-ethereum,21,referenced,2025-12-26T10:02:31Z,NA,oxbrain01,User,NA,2025-12-26
ethereum/go-ethereum,27,committed,2014-02-28T16:04:45Z,NA,obscuren,User,c6d6ca283d24f7860dfa185c95a3d7b4a90afc60,2014-02-28
ethereum/go-ethereum,27,committed,2014-03-01T18:53:24Z,NA,obscuren,User,570ab249b304bf6612e82839b3d8564930ea0dce,2014-03-01
ethereum/go-ethereum,27,committed,2014-03-02T23:53:10Z,NA,obscuren,User,b0be8474162bd3d12669600f4072c422089bc77a,2014-03-02
ethereum/go-ethereum,27,committed,2014-03-02T23:53:24Z,NA,obscuren,User,00533003b7e5369260f63e65b88e2f08ab33350b,2014-03-02
ethereum/go-ethereum,27,committed,2014-03-02T23:54:05Z,NA,obscuren,User,a482b0cc1b7ddbeae00988c7dd10391df01b0009,2014-03-02
ethereum/go-ethereum,27,committed,2014-03-02T23:54:41Z,NA,obscuren,User,3d2c3b0107d438dd081c57ef74036f4c5a03855f,2014-03-02
ethereum/go-ethereum,27,committed,2014-03-03T10:32:58Z,NA,obscuren,User,833a1a4eab01392b69339762cf8fe443697138a2,2014-03-03
ethereum/go-ethereum,27,committed,2014-03-05T09:44:33Z,NA,obscuren,User,827505985652ac164d1f670797396d0f46774fb2,2014-03-05
ethereum/go-ethereum,27,committed,2014-03-05T09:44:43Z,NA,obscuren,User,f7fb5b902c8b216c835c10fc4676b7b08fb90d04,2014-03-05
ethereum/go-ethereum,27,committed,2014-03-05T09:57:14Z,NA,obscuren,User,fbd53f0e34b636074941f5ea7b151bf173c5ed17,2014-03-05
ethereum/go-ethereum,27,commented,2014-03-14T22:46:44Z,CONTRIBUTOR,obscuren,User,NA,2014-03-14
ethereum/go-ethereum,27,closed,2014-03-14T22:46:44Z,NA,obscuren,User,NA,2014-03-14
ethereum/go-ethereum,27,commented,2014-03-14T23:10:49Z,NONE,bysagar,User,NA,2014-03-14
ethereum/go-ethereum,27,referenced,2014-10-23T12:30:16Z,NA,fjl,User,NA,2014-10-23
ethereum/go-ethereum,27,referenced,2016-05-05T20:31:09Z,NA,Arachnid,User,NA,2016-05-05
ethereum/go-ethereum,27,referenced,2017-02-01T16:20:34Z,NA,bts,User,NA,2017-02-01
ethereum/go-ethereum,27,referenced,2020-02-02T22:14:16Z,NA,i-norden,User,NA,2020-02-02
ethereum/go-ethereum,27,referenced,2020-03-03T15:55:26Z,NA,rewrewby,User,NA,2020-03-03
ethereum/go-ethereum,27,referenced,2020-07-21T10:03:03Z,NA,fjl,User,NA,2020-07-21
ethereum/go-ethereum,27,referenced,2020-07-24T13:04:27Z,NA,fjl,User,NA,2020-07-24
ethereum/go-ethereum,27,referenced,2020-09-14T15:53:29Z,NA,blazejkrzak,User,NA,2020-09-14
ethereum/go-ethereum,27,referenced,2020-09-25T18:17:25Z,NA,i-norden,User,NA,2020-09-25
ethereum/go-ethereum,27,referenced,2021-02-02T16:06:09Z,NA,rjl493456442,User,NA,2021-02-02
ethereum/go-ethereum,27,referenced,2021-02-17T00:44:43Z,NA,recmo,User,NA,2021-02-17
ethereum/go-ethereum,27,referenced,2021-10-18T17:24:06Z,NA,protolambda,User,NA,2021-10-18
ethereum/go-ethereum,27,referenced,2021-11-15T00:48:36Z,NA,jwasinger,User,NA,2021-11-15
ethereum/go-ethereum,27,referenced,2021-11-15T02:53:09Z,NA,jwasinger,User,NA,2021-11-15
ethereum/go-ethereum,27,referenced,2021-11-30T07:10:06Z,NA,jwasinger,User,NA,2021-11-30
ethereum/go-ethereum,27,referenced,2022-02-21T09:55:46Z,NA,hadv,User,NA,2022-02-21
ethereum/go-ethereum,27,cross-referenced,2022-03-18T14:51:33Z,NA,gballet,User,NA,2022-03-18
ethereum/go-ethereum,27,cross-referenced,2022-05-02T11:55:32Z,NA,gballet,User,NA,2022-05-02
ethereum/go-ethereum,27,referenced,2022-09-16T21:32:09Z,NA,protolambda,User,NA,2022-09-16
ethereum/go-ethereum,27,referenced,2023-01-04T17:56:49Z,NA,protolambda,User,NA,2023-01-04
ethereum/go-ethereum,27,referenced,2023-01-04T20:13:49Z,NA,joshuacolvin0,User,NA,2023-01-04
ethereum/go-ethereum,27,referenced,2023-01-26T13:41:00Z,NA,protolambda,User,NA,2023-01-26
ethereum/go-ethereum,27,referenced,2023-02-15T20:29:03Z,NA,jsign,User,NA,2023-02-15
ethereum/go-ethereum,27,referenced,2023-03-03T17:26:24Z,NA,protolambda,User,NA,2023-03-03
ethereum/go-ethereum,27,referenced,2023-03-13T12:09:35Z,NA,neraty,User,NA,2023-03-13
ethereum/go-ethereum,27,referenced,2023-04-03T12:47:05Z,NA,neraty,User,NA,2023-04-03
ethereum/go-ethereum,27,referenced,2023-05-30T14:44:49Z,NA,shampoobera,User,NA,2023-05-30
ethereum/go-ethereum,27,referenced,2023-07-06T02:42:05Z,NA,lochjin,User,NA,2023-07-06
ethereum/go-ethereum,27,referenced,2023-07-25T19:12:36Z,NA,sbellem,User,NA,2023-07-25
ethereum/go-ethereum,27,referenced,2025-01-30T17:46:22Z,NA,ryanschneider,User,NA,2025-01-30
ethereum/go-ethereum,27,referenced,2025-02-05T01:40:49Z,NA,darioush,User,NA,2025-02-05
ethereum/go-ethereum,27,referenced,2025-03-25T15:27:56Z,NA,bharath-123,User,NA,2025-03-25
ethereum/go-ethereum,27,referenced,2025-03-25T15:27:59Z,NA,bharath-123,User,NA,2025-03-25
ethereum/go-ethereum,27,referenced,2025-04-13T22:02:32Z,NA,dudong2,User,NA,2025-04-13
ethereum/go-ethereum,27,referenced,2025-06-03T12:09:35Z,NA,GAtom22,User,NA,2025-06-03
ethereum/go-ethereum,27,referenced,2025-10-08T13:17:48Z,NA,sjnscythe,User,NA,2025-10-08
ethereum/go-ethereum,23,committed,2014-03-09T06:02:09Z,NA,wemeetagain,User,6c91aa0f4cf50e666cdd25204a1c9da4fd2d2e88,2014-03-09
ethereum/go-ethereum,23,committed,2014-03-09T06:04:13Z,NA,wemeetagain,User,8a95b8a35c0cdbc1f4285a1db1972ebbd0c99d35,2014-03-09
ethereum/go-ethereum,23,commented,2014-03-13T05:27:44Z,CONTRIBUTOR,wemeetagain,User,NA,2014-03-13
ethereum/go-ethereum,23,closed,2014-03-13T06:26:01Z,NA,wemeetagain,User,NA,2014-03-13
ethereum/go-ethereum,23,commented,2014-03-13T10:58:18Z,CONTRIBUTOR,obscuren,User,NA,2014-03-13
ethereum/go-ethereum,23,referenced,2014-11-04T17:19:03Z,NA,obscuren,User,NA,2014-11-04
ethereum/go-ethereum,23,referenced,2014-12-12T12:26:21Z,NA,obscuren,User,NA,2014-12-12
ethereum/go-ethereum,23,referenced,2015-01-02T16:36:10Z,NA,obscuren,User,NA,2015-01-02
ethereum/go-ethereum,23,referenced,2015-01-29T11:02:24Z,NA,obscuren,User,NA,2015-01-29
ethereum/go-ethereum,23,referenced,2015-03-03T16:07:39Z,NA,obscuren,User,NA,2015-03-03
ethereum/go-ethereum,23,cross-referenced,2017-08-16T05:20:13Z,NA,mazi5769,User,NA,2017-08-16
ethereum/go-ethereum,23,referenced,2018-02-07T15:49:19Z,NA,enriquefynn,User,NA,2018-02-07
ethereum/go-ethereum,23,cross-referenced,2018-03-30T04:54:36Z,NA,countvonzero,User,NA,2018-03-30
ethereum/go-ethereum,23,referenced,2018-09-08T21:38:17Z,NA,holiman,User,NA,2018-09-08
ethereum/go-ethereum,23,referenced,2020-02-20T17:27:45Z,NA,AusIV,User,NA,2020-02-20
ethereum/go-ethereum,23,referenced,2020-07-21T10:03:03Z,NA,fjl,User,NA,2020-07-21
ethereum/go-ethereum,23,referenced,2020-07-24T13:04:27Z,NA,fjl,User,NA,2020-07-24
ethereum/go-ethereum,23,referenced,2020-09-25T18:17:25Z,NA,i-norden,User,NA,2020-09-25
ethereum/go-ethereum,23,referenced,2021-02-17T00:44:43Z,NA,recmo,User,NA,2021-02-17
ethereum/go-ethereum,23,referenced,2021-08-13T20:22:17Z,NA,maoueh,User,NA,2021-08-13
ethereum/go-ethereum,23,referenced,2021-10-11T13:34:30Z,NA,zsfelfoldi,User,NA,2021-10-11
ethereum/go-ethereum,23,referenced,2021-11-09T02:48:49Z,NA,jwasinger,User,NA,2021-11-09
ethereum/go-ethereum,23,referenced,2021-11-09T02:48:50Z,NA,jwasinger,User,NA,2021-11-09
ethereum/go-ethereum,23,referenced,2022-02-21T09:55:46Z,NA,hadv,User,NA,2022-02-21
ethereum/go-ethereum,23,referenced,2022-09-16T21:32:08Z,NA,protolambda,User,NA,2022-09-16
ethereum/go-ethereum,23,referenced,2022-12-02T18:01:00Z,NA,Inphi,User,NA,2022-12-02
ethereum/go-ethereum,23,referenced,2023-01-04T17:56:49Z,NA,protolambda,User,NA,2023-01-04
ethereum/go-ethereum,23,referenced,2023-01-04T17:56:51Z,NA,protolambda,User,NA,2023-01-04
ethereum/go-ethereum,23,referenced,2023-02-23T14:42:16Z,NA,weiihann,User,NA,2023-02-23
ethereum/go-ethereum,23,referenced,2023-03-03T17:26:24Z,NA,protolambda,User,NA,2023-03-03
ethereum/go-ethereum,23,referenced,2023-03-13T12:09:33Z,NA,neraty,User,NA,2023-03-13
ethereum/go-ethereum,23,referenced,2023-04-03T12:47:03Z,NA,neraty,User,NA,2023-04-03
ethereum/go-ethereum,23,referenced,2023-07-25T19:12:35Z,NA,sbellem,User,NA,2023-07-25
ethereum/go-ethereum,23,referenced,2023-11-02T08:57:27Z,NA,cuiweixie,User,NA,2023-11-02
ethereum/go-ethereum,23,referenced,2024-03-18T17:32:30Z,NA,allnil,User,NA,2024-03-18
ethereum/go-ethereum,23,referenced,2024-06-14T12:17:56Z,NA,sduchesneau,User,NA,2024-06-14
ethereum/go-ethereum,23,referenced,2025-01-30T17:46:21Z,NA,ryanschneider,User,NA,2025-01-30
ethereum/go-ethereum,23,referenced,2025-03-25T15:27:56Z,NA,bharath-123,User,NA,2025-03-25
ethereum/go-ethereum,23,referenced,2025-04-14T06:50:45Z,NA,dudong2,User,NA,2025-04-14
ethereum/go-ethereum,23,referenced,2025-10-08T13:17:47Z,NA,sjnscythe,User,NA,2025-10-08
ethereum/go-ethereum,24,committed,2014-03-11T05:17:38Z,NA,tymat,User,3c6f51d5de6739dce6367659bdbb0c611e8dda0e,2014-03-11
ethereum/go-ethereum,24,closed,2014-03-11T05:48:23Z,NA,NA,NA,NA,2014-03-11
ethereum/go-ethereum,24,head_ref_deleted,2014-03-11T05:48:27Z,NA,NA,NA,NA,2014-03-11
ethereum/go-ethereum,24,commented,2014-03-11T22:39:24Z,CONTRIBUTOR,obscuren,User,NA,2014-03-11
ethereum/go-ethereum,24,cross-referenced,2017-08-16T05:20:13Z,NA,mazi5769,User,NA,2017-08-16
ethereum/go-ethereum,24,cross-referenced,2017-12-19T12:20:02Z,NA,zsfelfoldi,User,NA,2017-12-19
ethereum/go-ethereum,24,cross-referenced,2018-03-30T04:54:36Z,NA,countvonzero,User,NA,2018-03-30
ethereum/go-ethereum,24,referenced,2018-09-08T21:38:17Z,NA,holiman,User,NA,2018-09-08
ethereum/go-ethereum,24,referenced,2019-02-07T21:00:35Z,NA,whilei,User,NA,2019-02-07
ethereum/go-ethereum,24,referenced,2020-02-20T17:27:45Z,NA,AusIV,User,NA,2020-02-20
ethereum/go-ethereum,24,referenced,2020-07-21T10:03:03Z,NA,fjl,User,NA,2020-07-21
ethereum/go-ethereum,24,referenced,2020-07-24T13:04:27Z,NA,fjl,User,NA,2020-07-24
ethereum/go-ethereum,24,referenced,2021-02-17T00:44:43Z,NA,recmo,User,NA,2021-02-17
ethereum/go-ethereum,24,referenced,2021-08-13T20:22:17Z,NA,maoueh,User,NA,2021-08-13
ethereum/go-ethereum,24,referenced,2021-10-11T13:34:30Z,NA,zsfelfoldi,User,NA,2021-10-11
ethereum/go-ethereum,24,referenced,2021-11-09T02:48:50Z,NA,jwasinger,User,NA,2021-11-09
ethereum/go-ethereum,24,referenced,2021-11-15T02:53:09Z,NA,jwasinger,User,NA,2021-11-15
ethereum/go-ethereum,24,referenced,2021-11-30T07:10:06Z,NA,jwasinger,User,NA,2021-11-30
ethereum/go-ethereum,24,referenced,2022-01-20T19:04:32Z,NA,tony-ricciardi,User,NA,2022-01-20
ethereum/go-ethereum,24,referenced,2022-02-21T09:55:46Z,NA,hadv,User,NA,2022-02-21
ethereum/go-ethereum,24,referenced,2022-02-26T13:35:37Z,NA,zhiqiangxu,User,NA,2022-02-26
ethereum/go-ethereum,24,cross-referenced,2022-03-18T14:51:33Z,NA,gballet,User,NA,2022-03-18
ethereum/go-ethereum,24,cross-referenced,2022-05-02T11:55:32Z,NA,gballet,User,NA,2022-05-02
ethereum/go-ethereum,24,referenced,2022-12-02T18:01:01Z,NA,Inphi,User,NA,2022-12-02
ethereum/go-ethereum,24,referenced,2022-12-05T11:39:11Z,NA,zhiqiangxu,User,NA,2022-12-05
ethereum/go-ethereum,24,referenced,2023-01-26T13:41:05Z,NA,protolambda,User,NA,2023-01-26
ethereum/go-ethereum,24,referenced,2023-02-15T20:29:03Z,NA,jsign,User,NA,2023-02-15
ethereum/go-ethereum,24,referenced,2023-03-03T17:26:25Z,NA,protolambda,User,NA,2023-03-03
ethereum/go-ethereum,24,referenced,2023-03-13T12:09:33Z,NA,neraty,User,NA,2023-03-13
ethereum/go-ethereum,24,referenced,2023-03-13T12:09:36Z,NA,neraty,User,NA,2023-03-13
ethereum/go-ethereum,24,referenced,2023-03-13T12:09:41Z,NA,neraty,User,NA,2023-03-13
ethereum/go-ethereum,24,referenced,2023-04-03T12:47:04Z,NA,neraty,User,NA,2023-04-03
ethereum/go-ethereum,24,referenced,2023-04-03T12:47:06Z,NA,neraty,User,NA,2023-04-03
ethereum/go-ethereum,24,referenced,2023-04-03T12:47:10Z,NA,neraty,User,NA,2023-04-03
ethereum/go-ethereum,24,referenced,2023-04-04T01:36:24Z,NA,dindinw,User,NA,2023-04-04
ethereum/go-ethereum,24,referenced,2023-07-25T19:12:35Z,NA,sbellem,User,NA,2023-07-25
ethereum/go-ethereum,24,referenced,2023-11-02T08:57:27Z,NA,cuiweixie,User,NA,2023-11-02
ethereum/go-ethereum,24,referenced,2024-03-18T17:32:31Z,NA,allnil,User,NA,2024-03-18
ethereum/go-ethereum,24,referenced,2024-06-14T12:17:56Z,NA,sduchesneau,User,NA,2024-06-14
ethereum/go-ethereum,24,referenced,2025-01-30T17:46:21Z,NA,ryanschneider,User,NA,2025-01-30
ethereum/go-ethereum,24,referenced,2025-01-30T17:46:22Z,NA,ryanschneider,User,NA,2025-01-30
ethereum/go-ethereum,24,referenced,2025-01-30T17:46:25Z,NA,ryanschneider,User,NA,2025-01-30
ethereum/go-ethereum,24,referenced,2025-03-25T15:27:56Z,NA,bharath-123,User,NA,2025-03-25
ethereum/go-ethereum,24,referenced,2025-03-25T15:27:59Z,NA,bharath-123,User,NA,2025-03-25
ethereum/go-ethereum,24,referenced,2025-04-14T06:50:45Z,NA,dudong2,User,NA,2025-04-14
ethereum/go-ethereum,24,referenced,2025-06-03T12:09:35Z,NA,GAtom22,User,NA,2025-06-03
ethereum/go-ethereum,24,referenced,2025-10-08T13:17:47Z,NA,sjnscythe,User,NA,2025-10-08
ethereum/go-ethereum,24,referenced,2025-12-26T10:02:25Z,NA,oxbrain01,User,NA,2025-12-26
ethereum/go-ethereum,24,referenced,2025-12-26T10:02:31Z,NA,oxbrain01,User,NA,2025-12-26
ethereum/go-ethereum,25,committed,2014-03-11T05:56:19Z,NA,tymat,User,51985ac71048d3c88b540a777967bf14e10363f5,2014-03-11
ethereum/go-ethereum,25,commented,2014-03-11T22:42:01Z,CONTRIBUTOR,obscuren,User,NA,2014-03-11
ethereum/go-ethereum,25,closed,2014-03-11T22:42:01Z,NA,obscuren,User,NA,2014-03-11
ethereum/go-ethereum,25,commented,2014-03-11T22:46:48Z,CONTRIBUTOR,obscuren,User,NA,2014-03-11
ethereum/go-ethereum,25,reopened,2014-03-16T17:33:45Z,NA,obscuren,User,NA,2014-03-16
ethereum/go-ethereum,25,closed,2014-03-16T17:33:51Z,NA,obscuren,User,NA,2014-03-16
ethereum/go-ethereum,25,cross-referenced,2014-03-16T17:34:14Z,NA,obscuren,User,NA,2014-03-16
ethereum/go-ethereum,25,referenced,2017-02-01T16:20:34Z,NA,bts,User,NA,2017-02-01
ethereum/go-ethereum,25,cross-referenced,2017-08-16T05:20:13Z,NA,mazi5769,User,NA,2017-08-16
ethereum/go-ethereum,25,referenced,2018-09-08T21:38:17Z,NA,holiman,User,NA,2018-09-08
ethereum/go-ethereum,25,referenced,2020-02-02T22:14:15Z,NA,i-norden,User,NA,2020-02-02
ethereum/go-ethereum,25,referenced,2020-02-20T17:27:46Z,NA,AusIV,User,NA,2020-02-20
ethereum/go-ethereum,25,referenced,2020-03-10T11:26:02Z,NA,rewrewby,User,NA,2020-03-10
ethereum/go-ethereum,25,referenced,2020-07-21T10:03:03Z,NA,fjl,User,NA,2020-07-21
ethereum/go-ethereum,25,referenced,2020-07-24T13:04:27Z,NA,fjl,User,NA,2020-07-24
ethereum/go-ethereum,25,referenced,2020-09-25T18:17:25Z,NA,i-norden,User,NA,2020-09-25
ethereum/go-ethereum,25,referenced,2021-02-17T00:44:43Z,NA,recmo,User,NA,2021-02-17
ethereum/go-ethereum,25,referenced,2021-06-02T13:13:15Z,NA,karalabe,User,NA,2021-06-02
ethereum/go-ethereum,25,referenced,2021-08-28T00:52:09Z,NA,reds,User,NA,2021-08-28
ethereum/go-ethereum,25,referenced,2021-10-11T13:34:31Z,NA,zsfelfoldi,User,NA,2021-10-11
ethereum/go-ethereum,25,referenced,2021-11-09T02:48:50Z,NA,jwasinger,User,NA,2021-11-09
ethereum/go-ethereum,25,referenced,2021-11-15T02:53:09Z,NA,jwasinger,User,NA,2021-11-15
ethereum/go-ethereum,25,referenced,2021-11-30T07:10:06Z,NA,jwasinger,User,NA,2021-11-30
ethereum/go-ethereum,25,referenced,2022-01-20T19:04:32Z,NA,tony-ricciardi,User,NA,2022-01-20
ethereum/go-ethereum,25,referenced,2022-02-21T09:55:46Z,NA,hadv,User,NA,2022-02-21
ethereum/go-ethereum,25,cross-referenced,2022-03-18T14:51:33Z,NA,gballet,User,NA,2022-03-18
ethereum/go-ethereum,25,cross-referenced,2022-05-02T11:55:32Z,NA,gballet,User,NA,2022-05-02
ethereum/go-ethereum,25,referenced,2022-12-02T18:01:01Z,NA,Inphi,User,NA,2022-12-02
ethereum/go-ethereum,25,referenced,2023-01-04T20:13:49Z,NA,joshuacolvin0,User,NA,2023-01-04
ethereum/go-ethereum,25,referenced,2023-02-15T20:29:03Z,NA,jsign,User,NA,2023-02-15
ethereum/go-ethereum,25,referenced,2023-03-13T12:09:35Z,NA,neraty,User,NA,2023-03-13
ethereum/go-ethereum,25,referenced,2023-04-03T12:47:05Z,NA,neraty,User,NA,2023-04-03
ethereum/go-ethereum,25,referenced,2023-04-04T01:36:24Z,NA,dindinw,User,NA,2023-04-04
ethereum/go-ethereum,25,referenced,2023-07-25T19:12:36Z,NA,sbellem,User,NA,2023-07-25
ethereum/go-ethereum,25,referenced,2023-11-02T08:57:27Z,NA,cuiweixie,User,NA,2023-11-02
ethereum/go-ethereum,25,referenced,2024-03-18T17:32:31Z,NA,allnil,User,NA,2024-03-18
ethereum/go-ethereum,25,referenced,2024-06-14T12:17:56Z,NA,sduchesneau,User,NA,2024-06-14
ethereum/go-ethereum,25,referenced,2025-01-30T17:46:22Z,NA,ryanschneider,User,NA,2025-01-30
ethereum/go-ethereum,25,referenced,2025-03-25T15:27:59Z,NA,bharath-123,User,NA,2025-03-25
ethereum/go-ethereum,25,referenced,2025-06-03T12:09:35Z,NA,GAtom22,User,NA,2025-06-03
ethereum/go-ethereum,25,referenced,2025-10-08T13:17:48Z,NA,sjnscythe,User,NA,2025-10-08
ethereum/go-ethereum,25,referenced,2025-12-26T10:02:25Z,NA,oxbrain01,User,NA,2025-12-26
ethereum/go-ethereum,28,committed,2014-03-15T23:46:10Z,NA,wemeetagain,User,13e18e1d8f717ffab1b59a39cf67ef169a542e74,2014-03-15
ethereum/go-ethereum,28,merged,2014-03-22T10:32:26Z,NA,obscuren,User,NA,2014-03-22
ethereum/go-ethereum,28,closed,2014-03-22T10:32:26Z,NA,obscuren,User,NA,2014-03-22
ethereum/go-ethereum,28,referenced,2014-10-23T12:30:16Z,NA,fjl,User,NA,2014-10-23
ethereum/go-ethereum,28,referenced,2015-01-29T11:02:24Z,NA,obscuren,User,NA,2015-01-29
ethereum/go-ethereum,28,referenced,2016-05-05T20:31:09Z,NA,Arachnid,User,NA,2016-05-05
ethereum/go-ethereum,28,referenced,2017-02-01T16:20:34Z,NA,bts,User,NA,2017-02-01
ethereum/go-ethereum,28,referenced,2018-06-06T10:49:52Z,NA,ngtuna,User,NA,2018-06-06
ethereum/go-ethereum,28,referenced,2020-02-20T17:27:46Z,NA,AusIV,User,NA,2020-02-20
ethereum/go-ethereum,28,referenced,2020-03-10T11:26:02Z,NA,rewrewby,User,NA,2020-03-10
ethereum/go-ethereum,28,referenced,2020-09-25T18:17:25Z,NA,i-norden,User,NA,2020-09-25
ethereum/go-ethereum,28,referenced,2021-02-02T16:06:09Z,NA,rjl493456442,User,NA,2021-02-02
ethereum/go-ethereum,28,referenced,2021-08-13T20:22:17Z,NA,maoueh,User,NA,2021-08-13
ethereum/go-ethereum,28,referenced,2021-10-18T17:24:06Z,NA,protolambda,User,NA,2021-10-18
ethereum/go-ethereum,28,referenced,2021-11-15T02:53:09Z,NA,jwasinger,User,NA,2021-11-15
ethereum/go-ethereum,28,referenced,2021-11-30T07:10:06Z,NA,jwasinger,User,NA,2021-11-30
ethereum/go-ethereum,28,cross-referenced,2022-03-18T14:51:33Z,NA,gballet,User,NA,2022-03-18
ethereum/go-ethereum,28,cross-referenced,2022-05-02T11:55:32Z,NA,gballet,User,NA,2022-05-02
ethereum/go-ethereum,28,referenced,2022-07-14T11:24:40Z,NA,hadv,User,NA,2022-07-14
ethereum/go-ethereum,28,referenced,2022-12-02T18:01:01Z,NA,Inphi,User,NA,2022-12-02
ethereum/go-ethereum,28,referenced,2023-01-04T20:13:49Z,NA,joshuacolvin0,User,NA,2023-01-04
ethereum/go-ethereum,28,referenced,2023-01-26T13:41:02Z,NA,protolambda,User,NA,2023-01-26
ethereum/go-ethereum,28,referenced,2023-02-15T20:29:03Z,NA,jsign,User,NA,2023-02-15
ethereum/go-ethereum,28,referenced,2023-03-03T17:26:25Z,NA,protolambda,User,NA,2023-03-03
ethereum/go-ethereum,28,referenced,2023-03-13T12:09:40Z,NA,neraty,User,NA,2023-03-13
ethereum/go-ethereum,28,referenced,2023-04-03T12:47:10Z,NA,neraty,User,NA,2023-04-03
ethereum/go-ethereum,28,referenced,2023-05-30T14:44:49Z,NA,shampoobera,User,NA,2023-05-30
ethereum/go-ethereum,28,referenced,2023-07-06T02:42:05Z,NA,lochjin,User,NA,2023-07-06
ethereum/go-ethereum,28,referenced,2023-07-25T19:12:36Z,NA,sbellem,User,NA,2023-07-25
ethereum/go-ethereum,28,referenced,2024-03-28T16:38:47Z,NA,allnil,User,NA,2024-03-28
ethereum/go-ethereum,28,referenced,2024-06-14T12:17:56Z,NA,sduchesneau,User,NA,2024-06-14
ethereum/go-ethereum,28,referenced,2025-01-30T17:46:25Z,NA,ryanschneider,User,NA,2025-01-30
ethereum/go-ethereum,28,referenced,2025-02-05T01:40:49Z,NA,darioush,User,NA,2025-02-05
ethereum/go-ethereum,28,referenced,2025-03-25T15:27:59Z,NA,bharath-123,User,NA,2025-03-25
ethereum/go-ethereum,28,referenced,2025-04-13T22:02:32Z,NA,dudong2,User,NA,2025-04-13
ethereum/go-ethereum,28,referenced,2025-04-14T06:50:45Z,NA,dudong2,User,NA,2025-04-14
ethereum/go-ethereum,28,referenced,2025-06-03T12:09:35Z,NA,GAtom22,User,NA,2025-06-03
ethereum/go-ethereum,28,referenced,2025-10-08T13:17:48Z,NA,sjnscythe,User,NA,2025-10-08
ethereum/go-ethereum,31,committed,2014-03-27T10:14:04Z,NA,zelig,User,49c710bf442940b3abc68123964b56b211b92c12,2014-03-27
ethereum/go-ethereum,31,referenced,2014-03-27T14:24:36Z,NA,obscuren,User,NA,2014-03-27
ethereum/go-ethereum,31,merged,2014-03-27T14:24:36Z,NA,obscuren,User,NA,2014-03-27
ethereum/go-ethereum,31,closed,2014-03-27T14:24:36Z,NA,obscuren,User,NA,2014-03-27
ethereum/go-ethereum,31,referenced,2014-11-04T17:19:03Z,NA,obscuren,User,NA,2014-11-04
ethereum/go-ethereum,31,referenced,2014-12-12T12:26:21Z,NA,obscuren,User,NA,2014-12-12
ethereum/go-ethereum,31,referenced,2015-01-02T16:36:10Z,NA,obscuren,User,NA,2015-01-02
ethereum/go-ethereum,31,referenced,2015-03-03T16:07:39Z,NA,obscuren,User,NA,2015-03-03
ethereum/go-ethereum,31,referenced,2016-05-05T20:31:09Z,NA,Arachnid,User,NA,2016-05-05
ethereum/go-ethereum,31,referenced,2020-02-20T17:27:46Z,NA,AusIV,User,NA,2020-02-20
ethereum/go-ethereum,31,referenced,2020-09-25T18:17:25Z,NA,i-norden,User,NA,2020-09-25
ethereum/go-ethereum,31,referenced,2021-02-02T16:06:09Z,NA,rjl493456442,User,NA,2021-02-02
ethereum/go-ethereum,31,referenced,2021-08-13T20:22:17Z,NA,maoueh,User,NA,2021-08-13
ethereum/go-ethereum,31,referenced,2022-01-20T19:04:33Z,NA,tony-ricciardi,User,NA,2022-01-20
ethereum/go-ethereum,31,referenced,2022-07-14T11:24:40Z,NA,hadv,User,NA,2022-07-14
ethereum/go-ethereum,31,referenced,2022-12-02T18:01:01Z,NA,Inphi,User,NA,2022-12-02
ethereum/go-ethereum,31,referenced,2023-01-26T13:41:04Z,NA,protolambda,User,NA,2023-01-26
ethereum/go-ethereum,31,referenced,2023-03-03T17:26:25Z,NA,protolambda,User,NA,2023-03-03
ethereum/go-ethereum,31,referenced,2023-03-13T12:09:36Z,NA,neraty,User,NA,2023-03-13
ethereum/go-ethereum,31,referenced,2023-03-13T12:09:40Z,NA,neraty,User,NA,2023-03-13
ethereum/go-ethereum,31,referenced,2023-04-03T12:47:06Z,NA,neraty,User,NA,2023-04-03
ethereum/go-ethereum,31,referenced,2023-04-03T12:47:10Z,NA,neraty,User,NA,2023-04-03
ethereum/go-ethereum,31,referenced,2023-05-30T14:44:49Z,NA,shampoobera,User,NA,2023-05-30
ethereum/go-ethereum,31,referenced,2024-03-18T15:12:24Z,NA,maoueh,User,NA,2024-03-18
ethereum/go-ethereum,31,referenced,2025-01-30T17:46:23Z,NA,ryanschneider,User,NA,2025-01-30
ethereum/go-ethereum,31,referenced,2025-01-30T17:46:25Z,NA,ryanschneider,User,NA,2025-01-30
ethereum/go-ethereum,31,referenced,2025-02-05T01:40:49Z,NA,darioush,User,NA,2025-02-05
ethereum/go-ethereum,31,referenced,2025-12-26T10:02:26Z,NA,oxbrain01,User,NA,2025-12-26
ethereum/go-ethereum,32,committed,2014-04-07T19:58:36Z,NA,cabreraalex,User,cd799926d2d547a9121856d5c68b1f93956ab29b,2014-04-07
ethereum/go-ethereum,32,referenced,2014-04-09T15:02:01Z,NA,obscuren,User,NA,2014-04-09
ethereum/go-ethereum,32,merged,2014-04-09T15:02:01Z,NA,obscuren,User,NA,2014-04-09
ethereum/go-ethereum,32,closed,2014-04-09T15:02:01Z,NA,obscuren,User,NA,2014-04-09
ethereum/go-ethereum,32,referenced,2014-10-23T12:30:16Z,NA,fjl,User,NA,2014-10-23
ethereum/go-ethereum,32,referenced,2014-12-12T12:26:21Z,NA,obscuren,User,NA,2014-12-12
ethereum/go-ethereum,32,referenced,2015-01-02T16:36:10Z,NA,obscuren,User,NA,2015-01-02
ethereum/go-ethereum,32,referenced,2015-01-29T11:02:24Z,NA,obscuren,User,NA,2015-01-29
ethereum/go-ethereum,32,referenced,2015-03-03T16:07:39Z,NA,obscuren,User,NA,2015-03-03
ethereum/go-ethereum,32,referenced,2017-02-01T16:20:34Z,NA,bts,User,NA,2017-02-01
ethereum/go-ethereum,32,referenced,2020-02-20T17:27:46Z,NA,AusIV,User,NA,2020-02-20
ethereum/go-ethereum,32,referenced,2020-02-20T17:27:46Z,NA,AusIV,User,NA,2020-02-20
ethereum/go-ethereum,32,referenced,2020-09-25T18:17:26Z,NA,i-norden,User,NA,2020-09-25
ethereum/go-ethereum,32,referenced,2021-02-02T16:06:11Z,NA,rjl493456442,User,NA,2021-02-02
ethereum/go-ethereum,32,referenced,2021-02-17T00:44:44Z,NA,recmo,User,NA,2021-02-17
ethereum/go-ethereum,32,referenced,2021-08-13T20:22:17Z,NA,maoueh,User,NA,2021-08-13
ethereum/go-ethereum,32,referenced,2021-11-30T07:10:06Z,NA,jwasinger,User,NA,2021-11-30
ethereum/go-ethereum,32,referenced,2022-01-20T19:04:33Z,NA,tony-ricciardi,User,NA,2022-01-20
ethereum/go-ethereum,32,cross-referenced,2022-03-18T14:51:33Z,NA,gballet,User,NA,2022-03-18
ethereum/go-ethereum,32,cross-referenced,2022-05-02T11:55:32Z,NA,gballet,User,NA,2022-05-02
ethereum/go-ethereum,32,referenced,2022-05-06T14:00:21Z,NA,holiman,User,NA,2022-05-06
ethereum/go-ethereum,32,referenced,2022-07-14T11:24:40Z,NA,hadv,User,NA,2022-07-14
ethereum/go-ethereum,32,referenced,2022-12-05T11:39:11Z,NA,zhiqiangxu,User,NA,2022-12-05
ethereum/go-ethereum,32,referenced,2023-01-04T20:13:49Z,NA,joshuacolvin0,User,NA,2023-01-04
ethereum/go-ethereum,32,referenced,2023-01-26T13:41:04Z,NA,protolambda,User,NA,2023-01-26
ethereum/go-ethereum,32,cross-referenced,2023-02-14T11:49:58Z,NA,kumavis,User,NA,2023-02-14
ethereum/go-ethereum,32,referenced,2023-02-15T20:29:03Z,NA,jsign,User,NA,2023-02-15
ethereum/go-ethereum,32,referenced,2023-02-23T14:42:16Z,NA,weiihann,User,NA,2023-02-23
ethereum/go-ethereum,32,referenced,2023-03-13T12:09:36Z,NA,neraty,User,NA,2023-03-13
ethereum/go-ethereum,32,referenced,2023-04-03T12:47:06Z,NA,neraty,User,NA,2023-04-03
ethereum/go-ethereum,32,referenced,2023-05-30T14:44:49Z,NA,shampoobera,User,NA,2023-05-30
ethereum/go-ethereum,32,referenced,2023-09-18T01:01:34Z,NA,lochjin,User,NA,2023-09-18
ethereum/go-ethereum,32,referenced,2024-06-14T12:17:57Z,NA,sduchesneau,User,NA,2024-06-14
ethereum/go-ethereum,32,referenced,2024-12-02T21:33:20Z,NA,s1na,User,NA,2024-12-02
ethereum/go-ethereum,32,referenced,2025-01-30T17:46:23Z,NA,ryanschneider,User,NA,2025-01-30
ethereum/go-ethereum,32,referenced,2025-02-05T01:40:49Z,NA,darioush,User,NA,2025-02-05
ethereum/go-ethereum,32,referenced,2025-12-26T10:02:26Z,NA,oxbrain01,User,NA,2025-12-26
ethereum/go-ethereum,33,committed,2014-04-16T12:36:52Z,NA,zelig,User,7f0c974008b62115c5c2685dee909b379ca1c6fc,2014-04-16
ethereum/go-ethereum,33,committed,2014-04-16T12:37:04Z,NA,zelig,User,f4c13f865634bae6c9cc7cd0478b7765a24fa695,2014-04-16
ethereum/go-ethereum,33,committed,2014-04-16T13:57:51Z,NA,zelig,User,32b09d652de90d1626888c4ed6b61fb5bce0a7dc,2014-04-16
ethereum/go-ethereum,33,committed,2014-04-16T14:01:22Z,NA,zelig,User,59a7b130191286f141a40d294981805677414eb5,2014-04-16
ethereum/go-ethereum,33,merged,2014-04-25T08:34:07Z,NA,obscuren,User,NA,2014-04-25
ethereum/go-ethereum,33,closed,2014-04-25T08:34:07Z,NA,obscuren,User,NA,2014-04-25
ethereum/go-ethereum,33,referenced,2014-10-23T12:30:16Z,NA,fjl,User,NA,2014-10-23
ethereum/go-ethereum,33,referenced,2017-02-01T16:20:34Z,NA,bts,User,NA,2017-02-01
ethereum/go-ethereum,33,referenced,2020-10-16T01:54:49Z,NA,i-norden,User,NA,2020-10-16
ethereum/go-ethereum,33,referenced,2021-02-01T12:56:30Z,NA,fjl,User,NA,2021-02-01
ethereum/go-ethereum,33,referenced,2021-02-02T16:06:09Z,NA,rjl493456442,User,NA,2021-02-02
ethereum/go-ethereum,33,referenced,2021-08-13T20:22:18Z,NA,maoueh,User,NA,2021-08-13
ethereum/go-ethereum,33,referenced,2021-11-30T07:10:06Z,NA,jwasinger,User,NA,2021-11-30
ethereum/go-ethereum,33,referenced,2022-01-20T19:04:33Z,NA,tony-ricciardi,User,NA,2022-01-20
ethereum/go-ethereum,33,cross-referenced,2022-03-18T14:51:33Z,NA,gballet,User,NA,2022-03-18
ethereum/go-ethereum,33,cross-referenced,2022-05-02T11:55:32Z,NA,gballet,User,NA,2022-05-02
ethereum/go-ethereum,33,referenced,2022-12-02T18:01:01Z,NA,Inphi,User,NA,2022-12-02
ethereum/go-ethereum,33,referenced,2022-12-05T11:39:11Z,NA,zhiqiangxu,User,NA,2022-12-05
ethereum/go-ethereum,33,referenced,2023-01-04T20:13:49Z,NA,joshuacolvin0,User,NA,2023-01-04
ethereum/go-ethereum,33,referenced,2023-01-26T13:41:03Z,NA,protolambda,User,NA,2023-01-26
ethereum/go-ethereum,33,referenced,2023-02-15T20:29:03Z,NA,jsign,User,NA,2023-02-15
ethereum/go-ethereum,33,referenced,2023-03-13T12:09:36Z,NA,neraty,User,NA,2023-03-13
ethereum/go-ethereum,33,referenced,2023-03-13T12:09:40Z,NA,neraty,User,NA,2023-03-13
ethereum/go-ethereum,33,referenced,2023-04-03T12:47:06Z,NA,neraty,User,NA,2023-04-03
ethereum/go-ethereum,33,referenced,2023-04-03T12:47:10Z,NA,neraty,User,NA,2023-04-03
ethereum/go-ethereum,33,referenced,2023-05-30T14:44:50Z,NA,shampoobera,User,NA,2023-05-30
ethereum/go-ethereum,33,referenced,2024-03-18T15:12:24Z,NA,maoueh,User,NA,2024-03-18
ethereum/go-ethereum,33,referenced,2024-06-14T12:17:57Z,NA,sduchesneau,User,NA,2024-06-14
ethereum/go-ethereum,33,referenced,2024-12-02T21:33:20Z,NA,s1na,User,NA,2024-12-02
ethereum/go-ethereum,33,referenced,2025-01-30T17:46:23Z,NA,ryanschneider,User,NA,2025-01-30
ethereum/go-ethereum,33,referenced,2025-01-30T17:46:25Z,NA,ryanschneider,User,NA,2025-01-30
ethereum/go-ethereum,33,referenced,2025-12-26T10:02:26Z,NA,oxbrain01,User,NA,2025-12-26
ethereum/go-ethereum,34,committed,2014-04-28T09:40:05Z,NA,,,a0f35d324822fc66951f8a33526ff3d15b0de09d,2014-04-28
ethereum/go-ethereum,34,referenced,2014-04-28T20:00:08Z,NA,obscuren,User,NA,2014-04-28
ethereum/go-ethereum,34,merged,2014-04-28T20:00:08Z,NA,obscuren,User,NA,2014-04-28
ethereum/go-ethereum,34,closed,2014-04-28T20:00:08Z,NA,obscuren,User,NA,2014-04-28
ethereum/go-ethereum,34,referenced,2014-10-23T12:30:16Z,NA,fjl,User,NA,2014-10-23
ethereum/go-ethereum,34,cross-referenced,2017-12-04T16:20:10Z,NA,ekhvalov,User,NA,2017-12-04
ethereum/go-ethereum,34,referenced,2019-02-13T15:04:44Z,NA,whilei,User,NA,2019-02-13
ethereum/go-ethereum,34,referenced,2020-02-24T18:23:54Z,NA,AusIV,User,NA,2020-02-24
ethereum/go-ethereum,34,referenced,2020-09-25T18:17:25Z,NA,i-norden,User,NA,2020-09-25
ethereum/go-ethereum,34,referenced,2021-08-13T20:22:17Z,NA,maoueh,User,NA,2021-08-13
ethereum/go-ethereum,34,referenced,2021-11-30T07:10:06Z,NA,jwasinger,User,NA,2021-11-30
ethereum/go-ethereum,34,cross-referenced,2022-03-18T14:51:33Z,NA,gballet,User,NA,2022-03-18
ethereum/go-ethereum,34,cross-referenced,2022-05-02T11:55:32Z,NA,gballet,User,NA,2022-05-02
ethereum/go-ethereum,34,referenced,2022-12-05T11:39:12Z,NA,zhiqiangxu,User,NA,2022-12-05
ethereum/go-ethereum,34,referenced,2023-01-04T20:13:50Z,NA,joshuacolvin0,User,NA,2023-01-04
ethereum/go-ethereum,34,referenced,2023-01-26T13:41:04Z,NA,protolambda,User,NA,2023-01-26
ethereum/go-ethereum,34,referenced,2023-02-15T20:29:04Z,NA,jsign,User,NA,2023-02-15
ethereum/go-ethereum,34,referenced,2023-02-23T14:42:17Z,NA,weiihann,User,NA,2023-02-23
ethereum/go-ethereum,34,referenced,2023-03-13T12:09:41Z,NA,neraty,User,NA,2023-03-13
ethereum/go-ethereum,34,referenced,2023-04-03T12:47:11Z,NA,neraty,User,NA,2023-04-03
ethereum/go-ethereum,34,referenced,2023-05-30T14:44:50Z,NA,shampoobera,User,NA,2023-05-30
ethereum/go-ethereum,34,referenced,2023-07-25T19:12:36Z,NA,sbellem,User,NA,2023-07-25
ethereum/go-ethereum,34,referenced,2023-11-16T03:54:41Z,NA,lochjin,User,NA,2023-11-16
ethereum/go-ethereum,34,referenced,2024-03-18T15:12:25Z,NA,maoueh,User,NA,2024-03-18
ethereum/go-ethereum,34,referenced,2024-06-14T12:17:57Z,NA,sduchesneau,User,NA,2024-06-14
ethereum/go-ethereum,34,referenced,2024-12-02T21:33:20Z,NA,s1na,User,NA,2024-12-02
ethereum/go-ethereum,34,referenced,2025-01-30T17:46:25Z,NA,ryanschneider,User,NA,2025-01-30
ethereum/go-ethereum,34,referenced,2025-02-05T01:40:50Z,NA,darioush,User,NA,2025-02-05
ethereum/go-ethereum,34,referenced,2025-03-25T15:27:57Z,NA,bharath-123,User,NA,2025-03-25
ethereum/go-ethereum,34,referenced,2025-03-25T15:28:01Z,NA,bharath-123,User,NA,2025-03-25
ethereum/go-ethereum,34,referenced,2025-09-23T09:56:54Z,NA,bshastry,User,NA,2025-09-23
ethereum/go-ethereum,34,cross-referenced,2025-09-23T09:59:15Z,NA,bshastry,User,NA,2025-09-23
ethereum/go-ethereum,84,committed,2014-05-23T17:25:49Z,NA,zelig,User,72df038d25c50a27adae8ea528dcedd3537267cf,2014-05-23
ethereum/go-ethereum,84,committed,2014-06-14T12:53:55Z,NA,zelig,User,50fdfb127ac35120315628a286f0a507c4470a89,2014-06-14
ethereum/go-ethereum,84,committed,2014-06-18T17:12:31Z,NA,zelig,User,a32a15ad935952537be8c9b4ea9fcb561e5c6125,2014-06-18
ethereum/go-ethereum,84,committed,2014-06-23T10:38:14Z,NA,zelig,User,f90001e938ce34457cc0ed5822c8e7dff52ec58c,2014-06-23
ethereum/go-ethereum,84,committed,2014-06-23T10:39:09Z,NA,zelig,User,7bcf875c577cd9710d27dd4511ae21aa62067d79,2014-06-23
ethereum/go-ethereum,84,committed,2014-06-23T10:57:00Z,NA,zelig,User,d060ae6a368bb880132e548c58b33e2508adc125,2014-06-23
ethereum/go-ethereum,84,committed,2014-06-23T11:06:45Z,NA,zelig,User,c67cdab22162792f40cb366cbf12960c306aa835,2014-06-23
ethereum/go-ethereum,84,committed,2014-06-23T11:13:06Z,NA,zelig,User,456167aca0b795c625d6718ef8a06fe5fcb00c2e,2014-06-23
ethereum/go-ethereum,84,committed,2014-06-23T11:25:55Z,NA,zelig,User,1024766514eea7bb628ec6e5ed974e997b8faefc,2014-06-23
ethereum/go-ethereum,84,committed,2014-06-23T11:30:30Z,NA,zelig,User,34284b7532e753b7fe67a11d8fe19ba4afd9066f,2014-06-23
ethereum/go-ethereum,84,committed,2014-06-23T11:38:23Z,NA,zelig,User,6f09a3e8200ba2eeeeb296141d6644d04078a9c4,2014-06-23
ethereum/go-ethereum,84,renamed,2014-06-23T12:10:41Z,NA,zelig,User,NA,2014-06-23
ethereum/go-ethereum,84,committed,2014-06-25T15:20:26Z,NA,zelig,User,08de13a57b4a59fc4a8ccf9e707ede57cc380a0c,2014-06-25
ethereum/go-ethereum,84,committed,2014-06-25T15:53:19Z,NA,zelig,User,39c0f7f3865965ae64ea51aba4de5b7350539ea8,2014-06-25
ethereum/go-ethereum,84,committed,2014-06-25T15:54:29Z,NA,zelig,User,8ee1abecb971e39ad5e0ed5b199ff4bf553ca67a,2014-06-25
ethereum/go-ethereum,84,committed,2014-06-25T15:56:03Z,NA,zelig,User,096427c3b1a9bcd08bab11e06d4c5f0df65f0d9e,2014-06-25
ethereum/go-ethereum,84,committed,2014-06-25T17:09:42Z,NA,zelig,User,bf57e9603b9ef2c96e8e6d7c3d22ea674392d56b,2014-06-25
ethereum/go-ethereum,84,committed,2014-06-25T17:18:22Z,NA,zelig,User,6763d28a170b4e91c78532feed68805fe88c41dd,2014-06-25
ethereum/go-ethereum,84,committed,2014-06-25T17:28:38Z,NA,zelig,User,9a06efd0809c370451c5e85ce4688104cd5df461,2014-06-25
ethereum/go-ethereum,84,committed,2014-06-26T09:47:45Z,NA,zelig,User,2f96652bb408e65c205317403d749ba9a395c6bb,2014-06-26
ethereum/go-ethereum,84,committed,2014-06-26T11:13:31Z,NA,zelig,User,c0a05fcf8984f04f198c5c0f8be4f73090f99403,2014-06-26
ethereum/go-ethereum,84,committed,2014-06-26T15:26:14Z,NA,zelig,User,21d86ca486a88c936a1fe71f78d76c78df36a7eb,2014-06-26
ethereum/go-ethereum,84,committed,2014-06-26T15:33:40Z,NA,zelig,User,648c418fcd7a88fc48032c55c2dba87f6bdad8c7,2014-06-26
ethereum/go-ethereum,84,committed,2014-06-26T17:48:08Z,NA,zelig,User,ae5ace16190d48bfe7a0364fdb0b51644518ec42,2014-06-26
ethereum/go-ethereum,84,merged,2014-06-26T17:55:29Z,NA,obscuren,User,NA,2014-06-26
ethereum/go-ethereum,84,closed,2014-06-26T17:55:29Z,NA,obscuren,User,NA,2014-06-26
ethereum/go-ethereum,84,head_ref_deleted,2014-07-04T11:28:13Z,NA,zelig,User,NA,2014-07-04
ethereum/go-ethereum,84,referenced,2020-02-24T18:23:56Z,NA,AusIV,User,NA,2020-02-24
ethereum/go-ethereum,84,referenced,2020-05-21T18:22:15Z,NA,AusIV,User,NA,2020-05-21
ethereum/go-ethereum,84,referenced,2021-02-02T16:06:12Z,NA,rjl493456442,User,NA,2021-02-02
ethereum/go-ethereum,84,referenced,2021-08-13T20:22:31Z,NA,maoueh,User,NA,2021-08-13
ethereum/go-ethereum,84,referenced,2022-02-21T06:13:07Z,NA,jwasinger,User,NA,2022-02-21
ethereum/go-ethereum,84,cross-referenced,2022-03-18T14:51:34Z,NA,gballet,User,NA,2022-03-18
ethereum/go-ethereum,84,cross-referenced,2022-05-02T11:55:33Z,NA,gballet,User,NA,2022-05-02
ethereum/go-ethereum,84,referenced,2022-12-05T11:39:15Z,NA,zhiqiangxu,User,NA,2022-12-05
ethereum/go-ethereum,84,referenced,2022-12-29T04:00:07Z,NA,Inphi,User,NA,2022-12-29
ethereum/go-ethereum,84,referenced,2023-02-15T20:29:07Z,NA,jsign,User,NA,2023-02-15
ethereum/go-ethereum,84,referenced,2023-06-06T09:37:45Z,NA,luanxu-mch,User,NA,2023-06-06
ethereum/go-ethereum,84,referenced,2024-12-02T21:33:18Z,NA,s1na,User,NA,2024-12-02
ethereum/go-ethereum,84,referenced,2024-12-02T21:33:24Z,NA,s1na,User,NA,2024-12-02
ethereum/go-ethereum,84,referenced,2025-01-30T17:46:27Z,NA,ryanschneider,User,NA,2025-01-30
ethereum/go-ethereum,84,referenced,2025-02-05T01:40:52Z,NA,darioush,User,NA,2025-02-05
ethereum/go-ethereum,84,referenced,2025-02-05T01:40:52Z,NA,darioush,User,NA,2025-02-05
ethereum/go-ethereum,84,referenced,2025-12-26T10:02:29Z,NA,oxbrain01,User,NA,2025-12-26
ethereum/go-ethereum,96,committed,2014-06-26T21:25:17Z,NA,obscuren,User,d57b7e8d5fd59007e7fc42132de5cc9459a2bc71,2014-06-26
ethereum/go-ethereum,96,committed,2014-06-26T21:31:07Z,NA,obscuren,User,1b74b98f90d6641b2cd18c60dc9b5829a9870d86,2014-06-26
ethereum/go-ethereum,96,committed,2014-06-29T08:44:03Z,NA,obscuren,User,328ee9a3ecb0e49f229eac5773c3a516cc4e17ce,2014-06-29
ethereum/go-ethereum,96,committed,2014-06-29T12:43:27Z,NA,zelig,User,2d48fc11130d5aba8ed9f37ecdf7f8b5115753cf,2014-06-29
ethereum/go-ethereum,96,committed,2014-06-29T17:32:48Z,NA,zelig,User,e38b016547e98a33daf013c98c951254f95aeabf,2014-06-29
ethereum/go-ethereum,96,committed,2014-06-29T17:33:22Z,NA,zelig,User,0ea9595d41c59d763237f7a3dd415f23dad34c6f,2014-06-29
ethereum/go-ethereum,96,committed,2014-06-29T17:37:22Z,NA,zelig,User,27e1352c85e9b73fdccc83b559a104c68cc00975,2014-06-29
ethereum/go-ethereum,96,committed,2014-06-29T17:38:17Z,NA,zelig,User,9bd67de671bd0f70e85dcc518fd91fa080a849fc,2014-06-29
ethereum/go-ethereum,96,committed,2014-06-29T17:39:13Z,NA,zelig,User,cf7fcadeca356adf780d00583a16f0b722cc7987,2014-06-29
ethereum/go-ethereum,96,committed,2014-06-29T17:39:31Z,NA,zelig,User,ce4080faa78238c2dc389070da4a376226f48833,2014-06-29
ethereum/go-ethereum,96,committed,2014-06-29T19:31:00Z,NA,zelig,User,12fbb7ae5ceb3c06fb7c4611e82d7cb10cea06be,2014-06-29
ethereum/go-ethereum,96,committed,2014-06-29T19:32:31Z,NA,zelig,User,e43e4ff2c1d882ec96424ced1cf8980e14636afd,2014-06-29
ethereum/go-ethereum,96,committed,2014-06-29T19:34:07Z,NA,zelig,User,29cc1af2bc8d4a516e30abba9155584d7df8dd83,2014-06-29
ethereum/go-ethereum,96,committed,2014-06-29T19:38:26Z,NA,zelig,User,8aea468744e223f310da98f7478fb5b468d99563,2014-06-29
ethereum/go-ethereum,96,committed,2014-06-29T19:39:45Z,NA,zelig,User,098f7f23ce62d3f0c60d30d325576de93795cc4b,2014-06-29
ethereum/go-ethereum,96,committed,2014-07-01T08:25:42Z,NA,ebuchman,User,0ed9528d760028acda6333269423eab775026685,2014-07-01
ethereum/go-ethereum,96,committed,2014-07-01T09:28:11Z,NA,obscuren,User,41a03b29ab2a1808d17a7035a261796bba588e4e,2014-07-01
ethereum/go-ethereum,96,committed,2014-07-01T14:01:28Z,NA,zelig,User,ce88a73aa6e695a0b672da2d01baf14f03d514b0,2014-07-01
ethereum/go-ethereum,96,referenced,2014-07-01T14:15:59Z,NA,obscuren,User,NA,2014-07-01
ethereum/go-ethereum,96,merged,2014-07-01T14:15:59Z,NA,obscuren,User,NA,2014-07-01
ethereum/go-ethereum,96,closed,2014-07-01T14:15:59Z,NA,obscuren,User,NA,2014-07-01
ethereum/go-ethereum,96,head_ref_deleted,2015-03-08T10:06:58Z,NA,zelig,User,NA,2015-03-08
ethereum/go-ethereum,96,referenced,2017-06-10T21:12:12Z,NA,nolash,User,NA,2017-06-10
ethereum/go-ethereum,96,referenced,2018-07-27T04:04:09Z,NA,ngtuna,User,NA,2018-07-27
ethereum/go-ethereum,96,referenced,2020-02-20T17:27:45Z,NA,AusIV,User,NA,2020-02-20
ethereum/go-ethereum,96,referenced,2020-02-24T18:23:57Z,NA,AusIV,User,NA,2020-02-24
ethereum/go-ethereum,96,referenced,2021-02-02T16:06:13Z,NA,rjl493456442,User,NA,2021-02-02
ethereum/go-ethereum,96,referenced,2021-08-13T20:22:32Z,NA,maoueh,User,NA,2021-08-13
ethereum/go-ethereum,96,referenced,2021-08-13T20:23:08Z,NA,maoueh,User,NA,2021-08-13
ethereum/go-ethereum,96,referenced,2022-12-05T11:39:15Z,NA,zhiqiangxu,User,NA,2022-12-05
ethereum/go-ethereum,96,referenced,2023-02-07T00:07:10Z,NA,marioevz,User,NA,2023-02-07
ethereum/go-ethereum,96,referenced,2023-07-07T10:03:42Z,NA,luanxu-mch,User,NA,2023-07-07
ethereum/go-ethereum,96,referenced,2023-07-25T19:12:40Z,NA,sbellem,User,NA,2023-07-25
ethereum/go-ethereum,96,referenced,2024-12-02T21:33:25Z,NA,s1na,User,NA,2024-12-02
ethereum/go-ethereum,96,referenced,2025-01-30T17:46:28Z,NA,ryanschneider,User,NA,2025-01-30
ethereum/go-ethereum,96,referenced,2025-02-05T01:40:53Z,NA,darioush,User,NA,2025-02-05
ethereum/go-ethereum,92,committed,2014-06-29T12:43:27Z,NA,zelig,User,2d48fc11130d5aba8ed9f37ecdf7f8b5115753cf,2014-06-29
ethereum/go-ethereum,92,committed,2014-06-29T17:32:48Z,NA,zelig,User,e38b016547e98a33daf013c98c951254f95aeabf,2014-06-29
ethereum/go-ethereum,92,committed,2014-06-29T17:33:22Z,NA,zelig,User,0ea9595d41c59d763237f7a3dd415f23dad34c6f,2014-06-29
ethereum/go-ethereum,92,committed,2014-06-29T17:37:22Z,NA,zelig,User,27e1352c85e9b73fdccc83b559a104c68cc00975,2014-06-29
ethereum/go-ethereum,92,committed,2014-06-29T17:38:17Z,NA,zelig,User,9bd67de671bd0f70e85dcc518fd91fa080a849fc,2014-06-29
ethereum/go-ethereum,92,committed,2014-06-29T17:39:13Z,NA,zelig,User,cf7fcadeca356adf780d00583a16f0b722cc7987,2014-06-29
ethereum/go-ethereum,92,committed,2014-06-29T17:39:31Z,NA,zelig,User,ce4080faa78238c2dc389070da4a376226f48833,2014-06-29
ethereum/go-ethereum,92,committed,2014-06-29T19:31:00Z,NA,zelig,User,12fbb7ae5ceb3c06fb7c4611e82d7cb10cea06be,2014-06-29
ethereum/go-ethereum,92,committed,2014-06-29T19:32:31Z,NA,zelig,User,e43e4ff2c1d882ec96424ced1cf8980e14636afd,2014-06-29
ethereum/go-ethereum,92,committed,2014-06-29T19:34:07Z,NA,zelig,User,29cc1af2bc8d4a516e30abba9155584d7df8dd83,2014-06-29
ethereum/go-ethereum,92,committed,2014-06-29T19:38:26Z,NA,zelig,User,8aea468744e223f310da98f7478fb5b468d99563,2014-06-29
ethereum/go-ethereum,92,committed,2014-06-29T19:39:45Z,NA,zelig,User,098f7f23ce62d3f0c60d30d325576de93795cc4b,2014-06-29
ethereum/go-ethereum,92,closed,2014-07-01T13:25:33Z,NA,obscuren,User,NA,2014-07-01
ethereum/go-ethereum,92,reopened,2014-07-01T13:27:30Z,NA,obscuren,User,NA,2014-07-01
ethereum/go-ethereum,92,referenced,2014-07-01T13:27:38Z,NA,obscuren,User,NA,2014-07-01
ethereum/go-ethereum,92,merged,2014-07-01T13:27:38Z,NA,obscuren,User,NA,2014-07-01
ethereum/go-ethereum,92,closed,2014-07-01T13:27:38Z,NA,obscuren,User,NA,2014-07-01
ethereum/go-ethereum,92,cross-referenced,2016-05-11T03:00:12Z,NA,gsj5,User,NA,2016-05-11
ethereum/go-ethereum,92,cross-referenced,2017-04-17T02:55:41Z,NA,jiebanghan,User,NA,2017-04-17
ethereum/go-ethereum,92,referenced,2017-06-10T21:12:12Z,NA,nolash,User,NA,2017-06-10
ethereum/go-ethereum,92,referenced,2018-05-18T10:09:31Z,NA,enriquefynn,User,NA,2018-05-18
ethereum/go-ethereum,92,referenced,2018-05-18T10:09:31Z,NA,enriquefynn,User,NA,2018-05-18
ethereum/go-ethereum,92,referenced,2018-05-18T10:09:31Z,NA,enriquefynn,User,NA,2018-05-18
ethereum/go-ethereum,92,referenced,2018-05-18T10:09:31Z,NA,enriquefynn,User,NA,2018-05-18
ethereum/go-ethereum,92,referenced,2018-05-18T10:09:31Z,NA,enriquefynn,User,NA,2018-05-18
ethereum/go-ethereum,92,referenced,2018-05-18T10:09:31Z,NA,enriquefynn,User,NA,2018-05-18
ethereum/go-ethereum,92,referenced,2018-05-18T10:09:31Z,NA,enriquefynn,User,NA,2018-05-18
ethereum/go-ethereum,92,referenced,2018-05-18T10:09:31Z,NA,enriquefynn,User,NA,2018-05-18
ethereum/go-ethereum,92,referenced,2018-05-18T10:09:31Z,NA,enriquefynn,User,NA,2018-05-18
ethereum/go-ethereum,92,referenced,2018-05-18T10:09:31Z,NA,enriquefynn,User,NA,2018-05-18
ethereum/go-ethereum,92,referenced,2018-05-18T10:09:31Z,NA,enriquefynn,User,NA,2018-05-18
ethereum/go-ethereum,92,referenced,2018-05-18T10:09:31Z,NA,enriquefynn,User,NA,2018-05-18
ethereum/go-ethereum,92,referenced,2018-05-18T10:09:31Z,NA,enriquefynn,User,NA,2018-05-18
ethereum/go-ethereum,92,referenced,2018-05-18T10:09:31Z,NA,enriquefynn,User,NA,2018-05-18
ethereum/go-ethereum,92,referenced,2018-05-18T10:09:31Z,NA,enriquefynn,User,NA,2018-05-18
ethereum/go-ethereum,92,referenced,2018-05-18T10:09:31Z,NA,enriquefynn,User,NA,2018-05-18
ethereum/go-ethereum,92,referenced,2018-05-18T10:09:31Z,NA,enriquefynn,User,NA,2018-05-18
ethereum/go-ethereum,92,referenced,2018-05-18T10:09:31Z,NA,enriquefynn,User,NA,2018-05-18
ethereum/go-ethereum,92,referenced,2018-05-18T10:09:31Z,NA,enriquefynn,User,NA,2018-05-18
ethereum/go-ethereum,92,referenced,2018-05-18T10:09:31Z,NA,enriquefynn,User,NA,2018-05-18
ethereum/go-ethereum,92,referenced,2018-05-18T10:09:32Z,NA,enriquefynn,User,NA,2018-05-18
ethereum/go-ethereum,92,referenced,2018-05-18T10:09:32Z,NA,enriquefynn,User,NA,2018-05-18
ethereum/go-ethereum,92,referenced,2018-05-18T10:09:32Z,NA,enriquefynn,User,NA,2018-05-18
ethereum/go-ethereum,92,referenced,2018-05-18T10:09:32Z,NA,enriquefynn,User,NA,2018-05-18
ethereum/go-ethereum,92,referenced,2018-05-18T10:09:32Z,NA,enriquefynn,User,NA,2018-05-18
ethereum/go-ethereum,92,referenced,2018-05-18T10:09:32Z,NA,enriquefynn,User,NA,2018-05-18
ethereum/go-ethereum,92,referenced,2018-05-18T10:09:32Z,NA,enriquefynn,User,NA,2018-05-18
ethereum/go-ethereum,92,referenced,2018-05-18T10:09:32Z,NA,enriquefynn,User,NA,2018-05-18
ethereum/go-ethereum,92,referenced,2018-05-18T10:09:32Z,NA,enriquefynn,User,NA,2018-05-18
ethereum/go-ethereum,92,referenced,2018-05-18T10:09:32Z,NA,enriquefynn,User,NA,2018-05-18
ethereum/go-ethereum,92,referenced,2018-05-18T10:09:32Z,NA,enriquefynn,User,NA,2018-05-18
ethereum/go-ethereum,92,referenced,2018-05-18T10:09:32Z,NA,enriquefynn,User,NA,2018-05-18
ethereum/go-ethereum,92,referenced,2018-05-18T10:09:32Z,NA,enriquefynn,User,NA,2018-05-18
ethereum/go-ethereum,92,referenced,2018-05-18T10:09:32Z,NA,enriquefynn,User,NA,2018-05-18
ethereum/go-ethereum,92,referenced,2018-05-18T10:09:32Z,NA,enriquefynn,User,NA,2018-05-18
ethereum/go-ethereum,92,referenced,2018-05-18T10:09:32Z,NA,enriquefynn,User,NA,2018-05-18
ethereum/go-ethereum,92,referenced,2018-05-18T10:09:32Z,NA,enriquefynn,User,NA,2018-05-18
ethereum/go-ethereum,92,referenced,2020-02-20T17:27:45Z,NA,AusIV,User,NA,2020-02-20
ethereum/go-ethereum,92,referenced,2020-02-24T18:23:57Z,NA,AusIV,User,NA,2020-02-24
ethereum/go-ethereum,92,referenced,2020-05-21T18:22:19Z,NA,AusIV,User,NA,2020-05-21
ethereum/go-ethereum,92,referenced,2021-02-02T16:06:12Z,NA,rjl493456442,User,NA,2021-02-02
ethereum/go-ethereum,92,referenced,2021-08-13T20:23:08Z,NA,maoueh,User,NA,2021-08-13
ethereum/go-ethereum,92,referenced,2022-01-20T19:04:34Z,NA,tony-ricciardi,User,NA,2022-01-20
ethereum/go-ethereum,92,referenced,2022-04-26T10:07:15Z,NA,lispc,User,NA,2022-04-26
ethereum/go-ethereum,92,cross-referenced,2022-05-02T11:55:33Z,NA,gballet,User,NA,2022-05-02
ethereum/go-ethereum,92,referenced,2022-12-05T11:39:15Z,NA,zhiqiangxu,User,NA,2022-12-05
ethereum/go-ethereum,92,referenced,2023-01-04T20:13:52Z,NA,joshuacolvin0,User,NA,2023-01-04
ethereum/go-ethereum,92,referenced,2023-01-23T10:49:09Z,NA,MariusVanDerWijden,User,NA,2023-01-23
ethereum/go-ethereum,92,referenced,2023-02-15T20:29:08Z,NA,jsign,User,NA,2023-02-15
ethereum/go-ethereum,92,referenced,2023-02-23T14:42:22Z,NA,weiihann,User,NA,2023-02-23
ethereum/go-ethereum,92,referenced,2023-06-15T13:49:03Z,NA,luanxu-mch,User,NA,2023-06-15
ethereum/go-ethereum,92,referenced,2023-07-25T19:12:39Z,NA,sbellem,User,NA,2023-07-25
ethereum/go-ethereum,92,referenced,2024-12-02T21:33:25Z,NA,s1na,User,NA,2024-12-02
ethereum/go-ethereum,92,referenced,2025-01-30T17:46:28Z,NA,ryanschneider,User,NA,2025-01-30
ethereum/go-ethereum,92,referenced,2025-02-05T01:40:54Z,NA,darioush,User,NA,2025-02-05
ethereum/go-ethereum,92,referenced,2025-12-26T10:02:30Z,NA,oxbrain01,User,NA,2025-12-26
ethereum/go-ethereum,94,committed,2014-07-01T08:25:42Z,NA,ebuchman,User,0ed9528d760028acda6333269423eab775026685,2014-07-01
ethereum/go-ethereum,94,merged,2014-07-01T09:28:20Z,NA,obscuren,User,NA,2014-07-01
ethereum/go-ethereum,94,closed,2014-07-01T09:28:20Z,NA,obscuren,User,NA,2014-07-01
ethereum/go-ethereum,94,cross-referenced,2015-06-26T16:32:59Z,NA,General-Beck,User,NA,2015-06-26
ethereum/go-ethereum,94,referenced,2017-06-10T21:12:12Z,NA,nolash,User,NA,2017-06-10
ethereum/go-ethereum,94,referenced,2020-02-24T18:23:57Z,NA,AusIV,User,NA,2020-02-24
ethereum/go-ethereum,94,referenced,2021-02-02T16:06:13Z,NA,rjl493456442,User,NA,2021-02-02
ethereum/go-ethereum,94,referenced,2021-08-13T20:22:32Z,NA,maoueh,User,NA,2021-08-13
ethereum/go-ethereum,94,referenced,2021-08-13T20:23:08Z,NA,maoueh,User,NA,2021-08-13
ethereum/go-ethereum,94,cross-referenced,2021-10-18T14:00:39Z,NA,garysdevil,User,NA,2021-10-18
ethereum/go-ethereum,94,referenced,2022-01-20T19:04:34Z,NA,tony-ricciardi,User,NA,2022-01-20
ethereum/go-ethereum,94,referenced,2022-04-26T10:07:15Z,NA,lispc,User,NA,2022-04-26
ethereum/go-ethereum,94,cross-referenced,2022-05-02T11:55:33Z,NA,gballet,User,NA,2022-05-02
ethereum/go-ethereum,94,referenced,2022-12-05T11:39:15Z,NA,zhiqiangxu,User,NA,2022-12-05
ethereum/go-ethereum,94,referenced,2022-12-20T19:30:24Z,NA,MariusVanDerWijden,User,NA,2022-12-20
ethereum/go-ethereum,94,referenced,2023-01-04T20:13:52Z,NA,joshuacolvin0,User,NA,2023-01-04
ethereum/go-ethereum,94,referenced,2023-01-30T10:54:55Z,NA,JacekGlen,User,NA,2023-01-30
ethereum/go-ethereum,94,referenced,2023-02-15T20:29:08Z,NA,jsign,User,NA,2023-02-15
ethereum/go-ethereum,94,referenced,2024-12-02T21:33:25Z,NA,s1na,User,NA,2024-12-02
ethereum/go-ethereum,94,referenced,2025-01-30T17:46:28Z,NA,ryanschneider,User,NA,2025-01-30
ethereum/go-ethereum,94,referenced,2025-02-05T01:40:53Z,NA,darioush,User,NA,2025-02-05
ethereum/go-ethereum,94,referenced,2025-12-26T10:02:30Z,NA,oxbrain01,User,NA,2025-12-26
ethereum/go-ethereum,98,committed,2014-07-03T16:35:48Z,NA,zelig,User,a3c482351114404a4568f4b3f4503182402dc6fd,2014-07-03
ethereum/go-ethereum,98,committed,2014-07-03T16:36:24Z,NA,zelig,User,9de30d96f0362bc885d75a27bbd9c3d02af2d983,2014-07-03
ethereum/go-ethereum,98,merged,2014-07-03T22:14:26Z,NA,obscuren,User,NA,2014-07-03
ethereum/go-ethereum,98,closed,2014-07-03T22:14:26Z,NA,obscuren,User,NA,2014-07-03
ethereum/go-ethereum,98,cross-referenced,2014-07-04T10:09:55Z,NA,zelig,User,NA,2014-07-04
ethereum/go-ethereum,98,head_ref_deleted,2014-07-04T11:27:21Z,NA,zelig,User,NA,2014-07-04
ethereum/go-ethereum,98,referenced,2017-06-10T21:12:12Z,NA,nolash,User,NA,2017-06-10
ethereum/go-ethereum,98,referenced,2021-02-02T16:06:13Z,NA,rjl493456442,User,NA,2021-02-02
ethereum/go-ethereum,98,referenced,2021-08-13T20:22:32Z,NA,maoueh,User,NA,2021-08-13
ethereum/go-ethereum,98,referenced,2021-08-13T20:23:08Z,NA,maoueh,User,NA,2021-08-13
ethereum/go-ethereum,98,referenced,2022-01-20T19:04:35Z,NA,tony-ricciardi,User,NA,2022-01-20
ethereum/go-ethereum,98,referenced,2022-04-26T10:07:15Z,NA,lispc,User,NA,2022-04-26
ethereum/go-ethereum,98,cross-referenced,2022-05-02T11:55:33Z,NA,gballet,User,NA,2022-05-02
ethereum/go-ethereum,98,referenced,2023-01-04T20:13:53Z,NA,joshuacolvin0,User,NA,2023-01-04
ethereum/go-ethereum,98,referenced,2023-02-08T16:56:16Z,NA,marioevz,User,NA,2023-02-08
ethereum/go-ethereum,98,referenced,2023-02-15T20:29:08Z,NA,jsign,User,NA,2023-02-15
ethereum/go-ethereum,98,referenced,2023-02-23T14:42:22Z,NA,weiihann,User,NA,2023-02-23
ethereum/go-ethereum,98,referenced,2023-07-25T19:12:40Z,NA,sbellem,User,NA,2023-07-25
ethereum/go-ethereum,98,referenced,2024-12-02T21:33:25Z,NA,s1na,User,NA,2024-12-02
ethereum/go-ethereum,98,referenced,2025-01-07T11:55:29Z,NA,buzzuporg,User,NA,2025-01-07
ethereum/go-ethereum,98,referenced,2025-01-30T17:46:28Z,NA,ryanschneider,User,NA,2025-01-30
ethereum/go-ethereum,98,referenced,2025-02-05T01:40:54Z,NA,darioush,User,NA,2025-02-05
ethereum/go-ethereum,100,committed,2014-07-04T18:48:37Z,NA,zelig,User,1e4ae24126d21305c8fcbebd057ce4ec28ddd242,2014-07-04
ethereum/go-ethereum,100,referenced,2014-07-07T08:55:39Z,NA,obscuren,User,NA,2014-07-07
ethereum/go-ethereum,100,merged,2014-07-07T08:55:39Z,NA,obscuren,User,NA,2014-07-07
ethereum/go-ethereum,100,closed,2014-07-07T08:55:39Z,NA,obscuren,User,NA,2014-07-07
ethereum/go-ethereum,100,cross-referenced,2014-07-07T08:58:50Z,NA,obscuren,User,NA,2014-07-07
ethereum/go-ethereum,100,referenced,2020-02-20T17:27:45Z,NA,AusIV,User,NA,2020-02-20
ethereum/go-ethereum,100,cross-referenced,2021-01-15T07:19:29Z,NA,rjl493456442,User,NA,2021-01-15
ethereum/go-ethereum,100,referenced,2021-02-02T16:06:13Z,NA,rjl493456442,User,NA,2021-02-02
ethereum/go-ethereum,100,referenced,2021-08-13T20:22:32Z,NA,maoueh,User,NA,2021-08-13
ethereum/go-ethereum,100,referenced,2021-08-13T20:23:08Z,NA,maoueh,User,NA,2021-08-13
ethereum/go-ethereum,100,referenced,2021-12-22T06:26:27Z,NA,shekhirin,User,NA,2021-12-22
ethereum/go-ethereum,100,referenced,2021-12-23T04:45:49Z,NA,shekhirin,User,NA,2021-12-23
ethereum/go-ethereum,100,referenced,2022-02-15T06:47:18Z,NA,rewrewby,User,NA,2022-02-15
ethereum/go-ethereum,100,referenced,2023-01-04T20:13:53Z,NA,joshuacolvin0,User,NA,2023-01-04
ethereum/go-ethereum,100,referenced,2023-02-07T23:07:26Z,NA,marioevz,User,NA,2023-02-07
ethereum/go-ethereum,100,referenced,2023-02-15T20:29:08Z,NA,jsign,User,NA,2023-02-15
ethereum/go-ethereum,100,referenced,2024-09-19T17:21:10Z,NA,come-maiz,User,NA,2024-09-19
ethereum/go-ethereum,100,referenced,2024-12-02T21:33:25Z,NA,s1na,User,NA,2024-12-02
ethereum/go-ethereum,100,referenced,2025-01-30T17:46:28Z,NA,ryanschneider,User,NA,2025-01-30
ethereum/go-ethereum,100,referenced,2025-02-05T01:40:54Z,NA,darioush,User,NA,2025-02-05
ethereum/go-ethereum,100,referenced,2025-12-26T10:02:30Z,NA,oxbrain01,User,NA,2025-12-26
ethereum/go-ethereum,116,committed,2014-07-05T11:52:44Z,NA,zelig,User,6b296d907b848e2a3dbc78ea5c04c3c3d719d9bd,2014-07-05
ethereum/go-ethereum,116,committed,2014-07-14T17:32:54Z,NA,zelig,User,353ecbb7d78d9669c42545f152f291f869b39c02,2014-07-14
ethereum/go-ethereum,116,committed,2014-07-14T23:05:18Z,NA,zelig,User,94b12f7804bfb32763c9bbbce323af5d84c74910,2014-07-14
ethereum/go-ethereum,116,committed,2014-07-15T00:13:39Z,NA,zelig,User,75a7a4c97c350e911f4d721e940a59c0740ae967,2014-07-15
ethereum/go-ethereum,116,committed,2014-07-21T12:30:37Z,NA,zelig,User,4d5a890b46a75fb644277bbf2a8c034cf2a13424,2014-07-21
ethereum/go-ethereum,116,committed,2014-07-21T12:31:03Z,NA,zelig,User,9f7d8ff302f33b61acae4a8724686e868ba94ccd,2014-07-21
ethereum/go-ethereum,116,committed,2014-07-21T18:26:01Z,NA,zelig,User,74abc457ada9ef17c39c488a9e7625cecd4e6141,2014-07-21
ethereum/go-ethereum,116,committed,2014-07-21T18:55:47Z,NA,zelig,User,2f5c95610feb77dd714bf9295d6127bef58f31bc,2014-07-21
ethereum/go-ethereum,116,committed,2014-07-25T08:41:57Z,NA,obscuren,User,97004f7eb22ab30ba1acc5dd3ee2f17b5466d41a,2014-07-25
ethereum/go-ethereum,116,committed,2014-07-25T08:43:23Z,NA,obscuren,User,beca2234af8d91b5840dad75ee0bd4f929f49c98,2014-07-25
ethereum/go-ethereum,116,committed,2014-07-29T22:17:23Z,NA,obscuren,User,5c9fd19105c572ea717a8bc04758dcf3e71af47e,2014-07-29
ethereum/go-ethereum,116,committed,2014-07-29T22:30:57Z,NA,obscuren,User,719b7784f38a8ee6158d4d5a9230a98041f140b1,2014-07-29
ethereum/go-ethereum,116,committed,2014-07-29T23:05:40Z,NA,obscuren,User,23f83f53ccd71e5aefa9faf93e3527a589d1e487,2014-07-29
ethereum/go-ethereum,116,committed,2014-07-30T13:33:42Z,NA,obscuren,User,5501679642321f3ad17b6dd7f25e3c090c1405df,2014-07-30
ethereum/go-ethereum,116,committed,2014-07-30T13:34:36Z,NA,obscuren,User,834803f1e8ce45040045359185c8b8d75f63de2c,2014-07-30
ethereum/go-ethereum,116,committed,2014-07-30T16:02:43Z,NA,zelig,User,34e937c9761f963ac4d3c9781d72ae92e54c0761,2014-07-30
ethereum/go-ethereum,116,committed,2014-08-01T08:30:37Z,NA,obscuren,User,3c319f93f2a0e66bc131cfa1e81be840b3242182,2014-08-01
ethereum/go-ethereum,116,committed,2014-08-06T07:53:12Z,NA,obscuren,User,852d1ee395feabaa0e72265106374a0df197db9a,2014-08-06
ethereum/go-ethereum,116,committed,2014-08-06T08:05:34Z,NA,obscuren,User,c7afb5fb72579fb61139a6365c380a4d9370a7b9,2014-08-06
ethereum/go-ethereum,116,committed,2014-08-06T22:27:58Z,NA,obscuren,User,bbe896875e8b51143ebea759dfd9f25a4bcc2b2f,2014-08-06
ethereum/go-ethereum,116,committed,2014-08-07T13:12:25Z,NA,obscuren,User,a915ba17edb0e8d2369d79036c0dc9585c0201ec,2014-08-07
ethereum/go-ethereum,116,committed,2014-08-07T14:35:47Z,NA,obscuren,User,4dc5855dfe08bd427e931d03f2c7ae9105688f67,2014-08-07
ethereum/go-ethereum,116,committed,2014-08-10T13:57:42Z,NA,obscuren,User,51a2087081ec0c8a9d0d739c344929c8494e13b6,2014-08-10
ethereum/go-ethereum,116,committed,2014-08-11T14:24:17Z,NA,obscuren,User,ce8f24e57a3ba31d17c34db284bd3d9efa15e7d8,2014-08-11
ethereum/go-ethereum,116,committed,2014-08-11T14:24:35Z,NA,obscuren,User,c59d7a899b0ca121b3f982fa12405629109f1b47,2014-08-11
ethereum/go-ethereum,116,committed,2014-08-12T09:02:33Z,NA,obscuren,User,ac14f002e6d861ed646fdcc2febb35b2a3ca57aa,2014-08-12
ethereum/go-ethereum,116,committed,2014-08-12T10:03:06Z,NA,obscuren,User,0c9c79a89ba7579f6a8b8614cd1601b7f0ddaf60,2014-08-12
ethereum/go-ethereum,116,committed,2014-08-12T10:07:32Z,NA,obscuren,User,2e2f23a0aef637b8b43362bb8a2dba16d5c02c25,2014-08-12
ethereum/go-ethereum,116,committed,2014-08-12T10:16:21Z,NA,obscuren,User,59d9746849e9ba794a190b04d3d9f444321b82b8,2014-08-12
ethereum/go-ethereum,116,committed,2014-08-12T10:21:50Z,NA,obscuren,User,dc3b0e170c4c5659d5534ee6b6b6db700790dfc5,2014-08-12
ethereum/go-ethereum,116,committed,2014-08-12T11:16:44Z,NA,obscuren,User,1fa792eae7584f61624121e46dbad82484109c64,2014-08-12
ethereum/go-ethereum,116,committed,2014-08-13T08:52:30Z,NA,obscuren,User,d518423b9c493bf5b42e6575db9a32106812e6bc,2014-08-13
ethereum/go-ethereum,116,closed,2014-08-15T14:33:52Z,NA,obscuren,User,NA,2014-08-15
ethereum/go-ethereum,116,referenced,2018-05-13T18:23:33Z,NA,prestonvanloon,User,NA,2018-05-13
ethereum/go-ethereum,116,referenced,2018-08-10T09:13:51Z,NA,ngtuna,User,NA,2018-08-10
ethereum/go-ethereum,116,referenced,2020-02-20T17:27:46Z,NA,AusIV,User,NA,2020-02-20
ethereum/go-ethereum,116,referenced,2020-02-24T18:23:58Z,NA,AusIV,User,NA,2020-02-24
ethereum/go-ethereum,116,referenced,2021-02-02T16:06:14Z,NA,rjl493456442,User,NA,2021-02-02
ethereum/go-ethereum,116,referenced,2023-01-04T20:13:54Z,NA,joshuacolvin0,User,NA,2023-01-04
ethereum/go-ethereum,116,referenced,2023-02-15T20:29:10Z,NA,jsign,User,NA,2023-02-15
ethereum/go-ethereum,116,referenced,2023-04-24T23:37:31Z,NA,spencer-tb,User,NA,2023-04-24
ethereum/go-ethereum,113,committed,2014-07-05T11:52:44Z,NA,zelig,User,6b296d907b848e2a3dbc78ea5c04c3c3d719d9bd,2014-07-05
ethereum/go-ethereum,113,committed,2014-07-14T17:32:54Z,NA,zelig,User,353ecbb7d78d9669c42545f152f291f869b39c02,2014-07-14
ethereum/go-ethereum,113,committed,2014-07-14T23:05:18Z,NA,zelig,User,94b12f7804bfb32763c9bbbce323af5d84c74910,2014-07-14
ethereum/go-ethereum,113,committed,2014-07-15T00:13:39Z,NA,zelig,User,75a7a4c97c350e911f4d721e940a59c0740ae967,2014-07-15
ethereum/go-ethereum,113,committed,2014-07-21T12:30:37Z,NA,zelig,User,4d5a890b46a75fb644277bbf2a8c034cf2a13424,2014-07-21
ethereum/go-ethereum,113,committed,2014-07-21T12:31:03Z,NA,zelig,User,9f7d8ff302f33b61acae4a8724686e868ba94ccd,2014-07-21
ethereum/go-ethereum,113,committed,2014-07-21T18:26:01Z,NA,zelig,User,74abc457ada9ef17c39c488a9e7625cecd4e6141,2014-07-21
ethereum/go-ethereum,113,committed,2014-07-21T18:55:47Z,NA,zelig,User,2f5c95610feb77dd714bf9295d6127bef58f31bc,2014-07-21
ethereum/go-ethereum,113,committed,2014-07-25T08:41:57Z,NA,obscuren,User,97004f7eb22ab30ba1acc5dd3ee2f17b5466d41a,2014-07-25
ethereum/go-ethereum,113,committed,2014-07-25T08:43:23Z,NA,obscuren,User,beca2234af8d91b5840dad75ee0bd4f929f49c98,2014-07-25
ethereum/go-ethereum,113,committed,2014-07-29T22:17:23Z,NA,obscuren,User,5c9fd19105c572ea717a8bc04758dcf3e71af47e,2014-07-29
ethereum/go-ethereum,113,committed,2014-07-29T22:30:57Z,NA,obscuren,User,719b7784f38a8ee6158d4d5a9230a98041f140b1,2014-07-29
ethereum/go-ethereum,113,committed,2014-07-29T23:05:40Z,NA,obscuren,User,23f83f53ccd71e5aefa9faf93e3527a589d1e487,2014-07-29
ethereum/go-ethereum,113,committed,2014-07-30T13:33:42Z,NA,obscuren,User,5501679642321f3ad17b6dd7f25e3c090c1405df,2014-07-30
ethereum/go-ethereum,113,committed,2014-07-30T13:34:36Z,NA,obscuren,User,834803f1e8ce45040045359185c8b8d75f63de2c,2014-07-30
ethereum/go-ethereum,113,committed,2014-07-30T16:02:43Z,NA,zelig,User,34e937c9761f963ac4d3c9781d72ae92e54c0761,2014-07-30
ethereum/go-ethereum,113,committed,2014-08-01T08:30:37Z,NA,obscuren,User,3c319f93f2a0e66bc131cfa1e81be840b3242182,2014-08-01
ethereum/go-ethereum,113,committed,2014-08-06T07:53:12Z,NA,obscuren,User,852d1ee395feabaa0e72265106374a0df197db9a,2014-08-06
ethereum/go-ethereum,113,committed,2014-08-06T08:05:34Z,NA,obscuren,User,c7afb5fb72579fb61139a6365c380a4d9370a7b9,2014-08-06
ethereum/go-ethereum,113,committed,2014-08-06T22:27:58Z,NA,obscuren,User,bbe896875e8b51143ebea759dfd9f25a4bcc2b2f,2014-08-06
ethereum/go-ethereum,113,committed,2014-08-07T13:12:25Z,NA,obscuren,User,a915ba17edb0e8d2369d79036c0dc9585c0201ec,2014-08-07
ethereum/go-ethereum,113,committed,2014-08-07T14:35:47Z,NA,obscuren,User,4dc5855dfe08bd427e931d03f2c7ae9105688f67,2014-08-07
ethereum/go-ethereum,113,committed,2014-08-10T13:57:42Z,NA,obscuren,User,51a2087081ec0c8a9d0d739c344929c8494e13b6,2014-08-10
ethereum/go-ethereum,113,closed,2014-08-11T10:56:17Z,NA,BuildFuture,User,NA,2014-08-11
ethereum/go-ethereum,113,referenced,2018-05-13T18:23:33Z,NA,prestonvanloon,User,NA,2018-05-13
ethereum/go-ethereum,113,referenced,2020-02-24T18:23:58Z,NA,AusIV,User,NA,2020-02-24
ethereum/go-ethereum,113,cross-referenced,2020-07-16T23:17:04Z,NA,snyk-bot,User,NA,2020-07-16
ethereum/go-ethereum,113,cross-referenced,2020-11-20T10:11:17Z,NA,forencen,User,NA,2020-11-20
ethereum/go-ethereum,113,cross-referenced,2022-08-23T07:43:22Z,NA,snyk-bot,User,NA,2022-08-23
ethereum/go-ethereum,113,cross-referenced,2022-11-17T11:12:44Z,NA,5a3ee,User,NA,2022-11-17
ethereum/go-ethereum,113,referenced,2023-01-04T20:13:53Z,NA,joshuacolvin0,User,NA,2023-01-04
ethereum/go-ethereum,113,referenced,2023-02-23T14:42:24Z,NA,weiihann,User,NA,2023-02-23
ethereum/go-ethereum,113,referenced,2023-04-03T19:20:01Z,NA,marioevz,User,NA,2023-04-03
ethereum/go-ethereum,113,referenced,2023-07-25T19:12:41Z,NA,sbellem,User,NA,2023-07-25
ethereum/go-ethereum,113,referenced,2023-10-11T22:48:10Z,NA,protolambda,User,NA,2023-10-11
ethereum/go-ethereum,113,referenced,2024-12-02T21:33:26Z,NA,s1na,User,NA,2024-12-02
ethereum/go-ethereum,113,cross-referenced,2025-10-31T09:02:01Z,NA,BleuS0sa,User,NA,2025-10-31
ethereum/go-ethereum,104,committed,2014-07-05T11:52:44Z,NA,zelig,User,6b296d907b848e2a3dbc78ea5c04c3c3d719d9bd,2014-07-05
ethereum/go-ethereum,104,committed,2014-07-14T17:32:54Z,NA,zelig,User,353ecbb7d78d9669c42545f152f291f869b39c02,2014-07-14
ethereum/go-ethereum,104,committed,2014-07-14T23:05:18Z,NA,zelig,User,94b12f7804bfb32763c9bbbce323af5d84c74910,2014-07-14
ethereum/go-ethereum,104,committed,2014-07-15T00:13:39Z,NA,zelig,User,75a7a4c97c350e911f4d721e940a59c0740ae967,2014-07-15
ethereum/go-ethereum,104,committed,2014-07-21T12:30:37Z,NA,zelig,User,4d5a890b46a75fb644277bbf2a8c034cf2a13424,2014-07-21
ethereum/go-ethereum,104,committed,2014-07-21T12:31:03Z,NA,zelig,User,9f7d8ff302f33b61acae4a8724686e868ba94ccd,2014-07-21
ethereum/go-ethereum,104,committed,2014-07-21T18:26:01Z,NA,zelig,User,74abc457ada9ef17c39c488a9e7625cecd4e6141,2014-07-21
ethereum/go-ethereum,104,renamed,2014-07-21T18:35:36Z,NA,zelig,User,NA,2014-07-21
ethereum/go-ethereum,104,committed,2014-07-21T18:55:47Z,NA,zelig,User,2f5c95610feb77dd714bf9295d6127bef58f31bc,2014-07-21
ethereum/go-ethereum,104,committed,2014-07-30T16:02:43Z,NA,zelig,User,34e937c9761f963ac4d3c9781d72ae92e54c0761,2014-07-30
ethereum/go-ethereum,104,merged,2014-08-01T08:30:43Z,NA,obscuren,User,NA,2014-08-01
ethereum/go-ethereum,104,closed,2014-08-01T08:30:43Z,NA,obscuren,User,NA,2014-08-01
ethereum/go-ethereum,104,head_ref_deleted,2015-03-08T10:06:58Z,NA,zelig,User,NA,2015-03-08
ethereum/go-ethereum,104,referenced,2017-06-25T22:06:36Z,NA,orenyodfat,User,NA,2017-06-25
ethereum/go-ethereum,104,referenced,2017-07-13T17:18:20Z,NA,gsalgado,User,NA,2017-07-13
ethereum/go-ethereum,104,referenced,2021-02-02T16:06:13Z,NA,rjl493456442,User,NA,2021-02-02
ethereum/go-ethereum,104,referenced,2021-08-13T20:23:08Z,NA,maoueh,User,NA,2021-08-13
ethereum/go-ethereum,104,referenced,2022-01-20T19:04:35Z,NA,tony-ricciardi,User,NA,2022-01-20
ethereum/go-ethereum,104,referenced,2022-12-20T19:30:23Z,NA,MariusVanDerWijden,User,NA,2022-12-20
ethereum/go-ethereum,104,referenced,2023-01-04T20:13:54Z,NA,joshuacolvin0,User,NA,2023-01-04
ethereum/go-ethereum,104,referenced,2023-02-23T14:42:22Z,NA,weiihann,User,NA,2023-02-23
ethereum/go-ethereum,104,referenced,2023-03-21T19:16:34Z,NA,marioevz,User,NA,2023-03-21
ethereum/go-ethereum,104,referenced,2023-07-25T19:12:40Z,NA,sbellem,User,NA,2023-07-25
ethereum/go-ethereum,104,referenced,2023-10-11T22:48:10Z,NA,protolambda,User,NA,2023-10-11
ethereum/go-ethereum,104,referenced,2024-12-02T21:33:18Z,NA,s1na,User,NA,2024-12-02
ethereum/go-ethereum,104,referenced,2024-12-02T21:33:26Z,NA,s1na,User,NA,2024-12-02
ethereum/go-ethereum,104,referenced,2025-01-07T11:55:29Z,NA,buzzuporg,User,NA,2025-01-07
ethereum/go-ethereum,101,committed,2014-07-07T08:58:42Z,NA,obscuren,User,0c132e4c9e88bc0e13ad424f4c3b51cd4f5e8354,2014-07-07
ethereum/go-ethereum,101,referenced,2014-07-07T08:59:30Z,NA,obscuren,User,NA,2014-07-07
ethereum/go-ethereum,101,merged,2014-07-07T08:59:30Z,NA,obscuren,User,NA,2014-07-07
ethereum/go-ethereum,101,closed,2014-07-07T08:59:30Z,NA,obscuren,User,NA,2014-07-07
ethereum/go-ethereum,101,head_ref_deleted,2015-05-09T07:53:43Z,NA,fjl,User,NA,2015-05-09
ethereum/go-ethereum,101,referenced,2017-06-10T21:12:12Z,NA,nolash,User,NA,2017-06-10
ethereum/go-ethereum,101,referenced,2018-07-27T03:07:46Z,NA,ngtuna,User,NA,2018-07-27
ethereum/go-ethereum,101,referenced,2020-02-20T17:27:45Z,NA,AusIV,User,NA,2020-02-20
ethereum/go-ethereum,101,referenced,2021-08-13T20:22:32Z,NA,maoueh,User,NA,2021-08-13
ethereum/go-ethereum,101,referenced,2022-12-20T19:30:23Z,NA,MariusVanDerWijden,User,NA,2022-12-20
ethereum/go-ethereum,101,referenced,2023-02-08T16:56:16Z,NA,marioevz,User,NA,2023-02-08
ethereum/go-ethereum,101,referenced,2023-02-15T20:29:08Z,NA,jsign,User,NA,2023-02-15
ethereum/go-ethereum,101,referenced,2023-07-14T23:28:51Z,NA,protolambda,User,NA,2023-07-14
ethereum/go-ethereum,101,referenced,2023-07-25T19:12:40Z,NA,sbellem,User,NA,2023-07-25
ethereum/go-ethereum,101,referenced,2024-12-02T21:33:26Z,NA,s1na,User,NA,2024-12-02
ethereum/go-ethereum,101,referenced,2025-02-05T01:40:54Z,NA,darioush,User,NA,2025-02-05
ethereum/go-ethereum,109,committed,2014-07-18T10:29:14Z,NA,,,0c5a747ef1e9f64f7c5627256b87ed47d23438db,2014-07-18
ethereum/go-ethereum,109,committed,2014-07-18T11:49:52Z,NA,obscuren,User,f702e27485981562ed7b88ecd3f8485af4c61b62,2014-07-18
ethereum/go-ethereum,109,committed,2014-07-21T09:55:50Z,NA,obscuren,User,15960a5c04c154a07d8813fcc9a6fa465d8d4500,2014-07-21
ethereum/go-ethereum,109,committed,2014-07-22T17:54:33Z,NA,obscuren,User,e7a80ec68165755678647f2d3e9b475d492a70dd,2014-07-22
ethereum/go-ethereum,109,committed,2014-07-24T10:30:41Z,NA,obscuren,User,a06a84d19b24da4005bc4d150f071ec4a703521b,2014-07-24
ethereum/go-ethereum,109,committed,2014-07-24T10:34:48Z,NA,obscuren,User,2e39efbe7c487fd605de0f6915bcae789138fb7e,2014-07-24
ethereum/go-ethereum,109,committed,2014-07-24T12:16:25Z,NA,obscuren,User,0ca776a6b80097e34006f26fd934ed5f388e68f8,2014-07-24
ethereum/go-ethereum,109,committed,2014-07-24T12:16:43Z,NA,obscuren,User,82a84dca807c8966079253977329ef0800d20557,2014-07-24
ethereum/go-ethereum,109,committed,2014-07-24T12:34:22Z,NA,obscuren,User,44da1801d87abff4803338d9bcfb25be93969dad,2014-07-24
ethereum/go-ethereum,109,committed,2014-07-25T08:42:14Z,NA,obscuren,User,b3f25a6adeec5d07a168d608798fddfae44fef9c,2014-07-25
ethereum/go-ethereum,109,committed,2014-08-09T01:59:00Z,NA,BuildFuture,User,53890e5b1b49f19bb85f5530eb7f8e8371b5ea71,2014-08-09
ethereum/go-ethereum,109,commented,2014-08-09T18:33:43Z,CONTRIBUTOR,obscuren,User,NA,2014-08-09
ethereum/go-ethereum,109,closed,2014-08-09T18:33:43Z,NA,obscuren,User,NA,2014-08-09
ethereum/go-ethereum,109,referenced,2017-07-03T19:06:10Z,NA,orenyodfat,User,NA,2017-07-03
ethereum/go-ethereum,109,referenced,2018-08-02T04:26:03Z,NA,ngtuna,User,NA,2018-08-02
ethereum/go-ethereum,109,referenced,2020-02-20T17:27:45Z,NA,AusIV,User,NA,2020-02-20
ethereum/go-ethereum,109,referenced,2020-02-24T18:23:57Z,NA,AusIV,User,NA,2020-02-24
ethereum/go-ethereum,109,referenced,2021-02-02T16:06:13Z,NA,rjl493456442,User,NA,2021-02-02
ethereum/go-ethereum,109,referenced,2021-08-13T20:23:08Z,NA,maoueh,User,NA,2021-08-13
ethereum/go-ethereum,109,referenced,2022-01-20T19:04:36Z,NA,tony-ricciardi,User,NA,2022-01-20
ethereum/go-ethereum,109,referenced,2022-12-20T19:30:23Z,NA,MariusVanDerWijden,User,NA,2022-12-20
ethereum/go-ethereum,109,referenced,2023-01-04T20:13:53Z,NA,joshuacolvin0,User,NA,2023-01-04
ethereum/go-ethereum,109,referenced,2023-02-15T20:29:09Z,NA,jsign,User,NA,2023-02-15
ethereum/go-ethereum,109,referenced,2023-03-27T17:33:41Z,NA,marioevz,User,NA,2023-03-27
ethereum/go-ethereum,109,referenced,2023-10-11T22:48:10Z,NA,protolambda,User,NA,2023-10-11
ethereum/go-ethereum,109,referenced,2024-12-02T21:33:26Z,NA,s1na,User,NA,2024-12-02
ethereum/go-ethereum,109,referenced,2025-01-07T11:55:30Z,NA,buzzuporg,User,NA,2025-01-07
ethereum/go-ethereum,109,referenced,2025-01-30T17:46:29Z,NA,ryanschneider,User,NA,2025-01-30
ethereum/go-ethereum,123,committed,2014-07-25T08:42:14Z,NA,obscuren,User,b3f25a6adeec5d07a168d608798fddfae44fef9c,2014-07-25
ethereum/go-ethereum,123,committed,2014-08-21T13:43:45Z,NA,obscuren,User,1f59c37b894b1d446612d00be1c42dc4865094c3,2014-08-21
ethereum/go-ethereum,123,committed,2014-08-21T13:45:50Z,NA,obscuren,User,ed73fc0be3abbaad31302be67ed4137140883de4,2014-08-21
ethereum/go-ethereum,123,committed,2014-08-21T18:23:09Z,NA,obscuren,User,7855a233a7ed4968d93fc76a74501c931574f6eb,2014-08-21
ethereum/go-ethereum,123,committed,2014-08-21T20:40:29Z,NA,BuildFuture,User,b9f1c60a02ee68eecfcbf87a4ade29d9ab2269b4,2014-08-21
ethereum/go-ethereum,123,committed,2014-08-22T15:07:35Z,NA,BuildFuture,User,43bcb2d88b0ce8e2b178f11ca33b60b82d9212ba,2014-08-22
ethereum/go-ethereum,123,closed,2014-08-22T16:00:45Z,NA,obscuren,User,NA,2014-08-22
ethereum/go-ethereum,123,referenced,2017-10-05T11:20:52Z,NA,nonsense,User,NA,2017-10-05
ethereum/go-ethereum,123,referenced,2018-05-18T10:09:31Z,NA,enriquefynn,User,NA,2018-05-18
ethereum/go-ethereum,123,referenced,2020-02-24T18:23:54Z,NA,AusIV,User,NA,2020-02-24
ethereum/go-ethereum,123,referenced,2021-05-28T01:55:25Z,NA,rjl493456442,User,NA,2021-05-28
ethereum/go-ethereum,123,referenced,2021-08-13T20:23:09Z,NA,maoueh,User,NA,2021-08-13
ethereum/go-ethereum,123,referenced,2022-04-10T10:54:10Z,NA,rewrewby,User,NA,2022-04-10
ethereum/go-ethereum,123,referenced,2022-06-19T07:17:19Z,NA,duguyifang,User,NA,2022-06-19
ethereum/go-ethereum,123,referenced,2022-12-20T19:30:25Z,NA,MariusVanDerWijden,User,NA,2022-12-20
ethereum/go-ethereum,123,referenced,2023-01-04T20:13:54Z,NA,joshuacolvin0,User,NA,2023-01-04
ethereum/go-ethereum,123,referenced,2023-02-23T14:42:24Z,NA,weiihann,User,NA,2023-02-23
ethereum/go-ethereum,123,referenced,2023-03-13T12:09:34Z,NA,neraty,User,NA,2023-03-13
ethereum/go-ethereum,123,referenced,2023-04-03T12:47:04Z,NA,neraty,User,NA,2023-04-03
ethereum/go-ethereum,123,referenced,2023-04-25T16:47:28Z,NA,spencer-tb,User,NA,2023-04-25
ethereum/go-ethereum,123,referenced,2025-01-30T17:46:21Z,NA,ryanschneider,User,NA,2025-01-30
ethereum/go-ethereum,123,referenced,2025-01-30T17:46:29Z,NA,ryanschneider,User,NA,2025-01-30
ethereum/go-ethereum,122,committed,2014-07-25T08:42:14Z,NA,obscuren,User,b3f25a6adeec5d07a168d608798fddfae44fef9c,2014-07-25
ethereum/go-ethereum,122,committed,2014-08-21T13:43:45Z,NA,obscuren,User,1f59c37b894b1d446612d00be1c42dc4865094c3,2014-08-21
ethereum/go-ethereum,122,committed,2014-08-21T13:45:50Z,NA,obscuren,User,ed73fc0be3abbaad31302be67ed4137140883de4,2014-08-21
ethereum/go-ethereum,122,committed,2014-08-21T18:23:09Z,NA,obscuren,User,7855a233a7ed4968d93fc76a74501c931574f6eb,2014-08-21
ethereum/go-ethereum,122,committed,2014-08-21T20:07:05Z,NA,BuildFuture,User,390db314236418342ccbc431015f4f9574ae4794,2014-08-21
ethereum/go-ethereum,122,closed,2014-08-21T20:35:25Z,NA,obscuren,User,NA,2014-08-21
ethereum/go-ethereum,122,head_ref_deleted,2014-08-21T20:38:12Z,NA,BuildFuture,User,NA,2014-08-21
ethereum/go-ethereum,122,head_ref_restored,2014-08-21T20:38:25Z,NA,BuildFuture,User,NA,2014-08-21
ethereum/go-ethereum,122,head_ref_deleted,2014-08-21T20:38:28Z,NA,BuildFuture,User,NA,2014-08-21
ethereum/go-ethereum,122,referenced,2020-02-24T18:23:54Z,NA,AusIV,User,NA,2020-02-24
ethereum/go-ethereum,122,referenced,2020-02-24T18:23:58Z,NA,AusIV,User,NA,2020-02-24
ethereum/go-ethereum,122,referenced,2021-08-13T20:23:09Z,NA,maoueh,User,NA,2021-08-13
ethereum/go-ethereum,122,referenced,2023-01-04T20:13:55Z,NA,joshuacolvin0,User,NA,2023-01-04
ethereum/go-ethereum,122,referenced,2023-02-15T20:29:11Z,NA,jsign,User,NA,2023-02-15
ethereum/go-ethereum,122,referenced,2023-04-24T23:37:31Z,NA,spencer-tb,User,NA,2023-04-24
ethereum/go-ethereum,122,referenced,2023-10-11T22:48:11Z,NA,protolambda,User,NA,2023-10-11
ethereum/go-ethereum,114,committed,2014-07-25T08:42:14Z,NA,obscuren,User,b3f25a6adeec5d07a168d608798fddfae44fef9c,2014-07-25
ethereum/go-ethereum,114,closed,2014-08-11T14:25:34Z,NA,obscuren,User,NA,2014-08-11
ethereum/go-ethereum,114,referenced,2020-02-20T17:27:46Z,NA,AusIV,User,NA,2020-02-20
ethereum/go-ethereum,114,referenced,2020-02-24T18:23:57Z,NA,AusIV,User,NA,2020-02-24
ethereum/go-ethereum,114,cross-referenced,2020-07-16T23:17:04Z,NA,snyk-bot,User,NA,2020-07-16
ethereum/go-ethereum,114,referenced,2021-02-02T16:06:14Z,NA,rjl493456442,User,NA,2021-02-02
ethereum/go-ethereum,114,referenced,2021-08-13T20:23:09Z,NA,maoueh,User,NA,2021-08-13
ethereum/go-ethereum,114,cross-referenced,2022-08-23T07:43:22Z,NA,snyk-bot,User,NA,2022-08-23
ethereum/go-ethereum,114,referenced,2023-01-04T20:13:55Z,NA,joshuacolvin0,User,NA,2023-01-04
ethereum/go-ethereum,114,referenced,2023-02-15T20:29:09Z,NA,jsign,User,NA,2023-02-15
ethereum/go-ethereum,114,referenced,2023-04-03T19:57:34Z,NA,marioevz,User,NA,2023-04-03
ethereum/go-ethereum,112,committed,2014-07-25T08:42:14Z,NA,obscuren,User,b3f25a6adeec5d07a168d608798fddfae44fef9c,2014-07-25
ethereum/go-ethereum,112,closed,2014-08-11T10:53:47Z,NA,BuildFuture,User,NA,2014-08-11
ethereum/go-ethereum,112,referenced,2020-02-20T17:27:46Z,NA,AusIV,User,NA,2020-02-20
ethereum/go-ethereum,112,referenced,2020-02-24T18:23:57Z,NA,AusIV,User,NA,2020-02-24
ethereum/go-ethereum,112,referenced,2022-01-20T19:04:35Z,NA,tony-ricciardi,User,NA,2022-01-20
ethereum/go-ethereum,112,referenced,2022-02-15T06:47:18Z,NA,rewrewby,User,NA,2022-02-15
ethereum/go-ethereum,112,referenced,2022-03-01T09:42:28Z,NA,rewrewby,User,NA,2022-03-01
ethereum/go-ethereum,112,referenced,2022-04-10T10:54:10Z,NA,rewrewby,User,NA,2022-04-10
ethereum/go-ethereum,112,referenced,2022-06-19T07:17:19Z,NA,duguyifang,User,NA,2022-06-19
ethereum/go-ethereum,112,referenced,2023-01-04T20:13:54Z,NA,joshuacolvin0,User,NA,2023-01-04
ethereum/go-ethereum,112,referenced,2023-02-23T14:42:23Z,NA,weiihann,User,NA,2023-02-23
ethereum/go-ethereum,112,referenced,2023-03-13T12:09:34Z,NA,neraty,User,NA,2023-03-13
ethereum/go-ethereum,112,referenced,2023-03-27T17:33:41Z,NA,marioevz,User,NA,2023-03-27
ethereum/go-ethereum,112,referenced,2023-04-03T12:47:04Z,NA,neraty,User,NA,2023-04-03
ethereum/go-ethereum,112,referenced,2023-10-11T22:48:10Z,NA,protolambda,User,NA,2023-10-11
ethereum/go-ethereum,112,referenced,2024-12-02T21:33:26Z,NA,s1na,User,NA,2024-12-02
ethereum/go-ethereum,112,referenced,2025-01-30T17:46:21Z,NA,ryanschneider,User,NA,2025-01-30
ethereum/go-ethereum,112,referenced,2025-01-30T17:46:29Z,NA,ryanschneider,User,NA,2025-01-30
ethereum/go-ethereum,112,referenced,2025-12-26T10:02:32Z,NA,oxbrain01,User,NA,2025-12-26
ethereum/go-ethereum,150,committed,2014-08-08T13:36:59Z,NA,obscuren,User,c51db4c940a5ea679aee580a673a4ccdd2421b9a,2014-08-08
ethereum/go-ethereum,150,committed,2014-08-09T17:06:16Z,NA,obscuren,User,27290e12772f4a354cfdc6383222597f66cefa21,2014-08-09
ethereum/go-ethereum,150,committed,2014-08-09T17:09:55Z,NA,obscuren,User,024be32f0667c17b9240dda23a90612d17278b23,2014-08-09
ethereum/go-ethereum,150,committed,2014-08-09T17:10:11Z,NA,obscuren,User,42d2bc28affe9bbd8d57a5eb3deab804e5c4a206,2014-08-09
ethereum/go-ethereum,150,committed,2014-08-11T14:23:17Z,NA,obscuren,User,2e5d28c73f1d97865def3ffe8c7ad0a4819f15f3,2014-08-11
ethereum/go-ethereum,150,committed,2014-08-11T14:23:38Z,NA,obscuren,User,a760ce05b948e89bc564af20599dcf95698ac0eb,2014-08-11
ethereum/go-ethereum,150,committed,2014-08-12T12:56:10Z,NA,zelig,User,e85f3972b9b4648666c6b50fff04938e3206ff96,2014-08-12
ethereum/go-ethereum,150,committed,2014-08-13T08:52:50Z,NA,obscuren,User,fa881220aedb638f9ee35337b2ca1817c2a8482f,2014-08-13
ethereum/go-ethereum,150,committed,2014-08-14T10:11:59Z,NA,zelig,User,0283498140636e02170ab05e400aa68441018c32,2014-08-14
ethereum/go-ethereum,150,committed,2014-08-14T15:02:21Z,NA,obscuren,User,0d733aa07197c8adbbaa92a12a4ad32e86676cc7,2014-08-14
ethereum/go-ethereum,150,committed,2014-08-14T15:02:39Z,NA,obscuren,User,07cfb7b64ac7932a4ff8c2480452114b84b421a6,2014-08-14
ethereum/go-ethereum,150,committed,2014-08-14T22:24:37Z,NA,obscuren,User,0fcc6065692f2692072cdf0d61fe1ada547fc235,2014-08-14
ethereum/go-ethereum,150,committed,2014-08-14T22:25:16Z,NA,obscuren,User,c7ee9844bd6f8ed2bb466f8adf21f437ecc83564,2014-08-14
ethereum/go-ethereum,150,committed,2014-08-14T23:08:23Z,NA,obscuren,User,ace551030fbe9288d0d8660f9431867a42e98c88,2014-08-14
ethereum/go-ethereum,150,committed,2014-08-15T08:49:43Z,NA,obscuren,User,79bc6288583a549321bec844bf895d0bc4c2b4dc,2014-08-15
ethereum/go-ethereum,150,committed,2014-08-15T11:05:13Z,NA,obscuren,User,d701b232304149f5e9035213d1710ab71cc4a01d,2014-08-15
ethereum/go-ethereum,150,committed,2014-08-15T11:05:20Z,NA,obscuren,User,2b9f71c6ca45929ccef844838c633aa0af5802be,2014-08-15
ethereum/go-ethereum,150,committed,2014-08-15T14:19:10Z,NA,obscuren,User,7d95e8624a3bdca4a68b2a7ff6ed133264088cc1,2014-08-15
ethereum/go-ethereum,150,committed,2014-08-15T23:38:02Z,NA,obscuren,User,4bd6003b7fea3d6291f2ebde8b9f9264f1749985,2014-08-15
ethereum/go-ethereum,150,committed,2014-08-17T10:41:52Z,NA,obscuren,User,d79387c27e5bbbbed1d02cb9c57cbb7c5bd9fc33,2014-08-17
ethereum/go-ethereum,150,committed,2014-08-17T10:42:02Z,NA,obscuren,User,4008ff32c903e6894f5fb4fb69c795641641d192,2014-08-17
ethereum/go-ethereum,150,committed,2014-08-17T10:42:32Z,NA,obscuren,User,793e666f36e512bceb0d92d0a8dfe1d7c508c0e2,2014-08-17
ethereum/go-ethereum,150,committed,2014-08-18T08:17:45Z,NA,obscuren,User,b0ae61c6521003d7861d89944e1d426e939535bb,2014-08-18
ethereum/go-ethereum,150,committed,2014-08-20T07:59:09Z,NA,obscuren,User,b97ea0e447c24c0a85f63a7714a2eb221a7faccd,2014-08-20
ethereum/go-ethereum,150,committed,2014-08-20T11:05:26Z,NA,obscuren,User,55a2f35a648ef70cdcc88bd751265e30831b54e5,2014-08-20
ethereum/go-ethereum,150,committed,2014-08-20T11:36:54Z,NA,obscuren,User,89c442cadbf995f09259b6a30a6d51989bd3d777,2014-08-20
ethereum/go-ethereum,150,committed,2014-08-20T14:40:19Z,NA,obscuren,User,79c64f6bca4fcfb257496be22c64f4b2faed7050,2014-08-20
ethereum/go-ethereum,150,committed,2014-08-21T12:47:58Z,NA,obscuren,User,eaa2e8900d1036e09b002c4e20fc6e4f9cd031bb,2014-08-21
ethereum/go-ethereum,150,committed,2014-08-21T12:52:21Z,NA,obscuren,User,c44f4f32fe9d72634574b909655d159ec153ea7d,2014-08-21
ethereum/go-ethereum,150,committed,2014-08-21T13:12:13Z,NA,obscuren,User,b368549fd5d54ca5c73f424273a9d3896ad456a0,2014-08-21
ethereum/go-ethereum,150,committed,2014-08-21T13:24:19Z,NA,obscuren,User,d90ae4d45bb19b1b4f807b0c3b79a0236c6635ec,2014-08-21
ethereum/go-ethereum,150,committed,2014-08-21T13:27:01Z,NA,obscuren,User,15ef3388c177c59b93c96e9f0663c907d2ad1829,2014-08-21
ethereum/go-ethereum,150,committed,2014-08-21T13:43:14Z,NA,obscuren,User,c173e9f4ab463cf3a44d35215bc29d846d6f6b02,2014-08-21
ethereum/go-ethereum,150,committed,2014-08-21T13:46:26Z,NA,obscuren,User,0af0f0d890120e007ce42f072e1ee179a62115d3,2014-08-21
ethereum/go-ethereum,150,committed,2014-08-21T13:46:51Z,NA,obscuren,User,cc6ad034f1e1af5db98750b41ab1fbc863aab908,2014-08-21
ethereum/go-ethereum,150,committed,2014-08-21T16:14:41Z,NA,obscuren,User,0eb08693e90ce2f7cdabb142852a4173cc91e387,2014-08-21
ethereum/go-ethereum,150,committed,2014-08-21T16:14:49Z,NA,obscuren,User,3def9258be3c212bf405502f84654f45b0306543,2014-08-21
ethereum/go-ethereum,150,committed,2014-08-21T16:15:09Z,NA,obscuren,User,a289a77d5de2a2cfa6b38f294b4ab953ebc1bfb8,2014-08-21
ethereum/go-ethereum,150,committed,2014-08-21T17:23:54Z,NA,obscuren,User,854d6d4e5cb8783e18397fef655ad79065263cc2,2014-08-21
ethereum/go-ethereum,150,committed,2014-08-21T18:13:26Z,NA,obscuren,User,732573ba512aa215e88aed3f20393c3c42c1aeb0,2014-08-21
ethereum/go-ethereum,150,committed,2014-08-21T18:22:39Z,NA,obscuren,User,5196f9a340d3e867bbff2e317a3c0697377da1cf,2014-08-21
ethereum/go-ethereum,150,committed,2014-08-21T18:23:33Z,NA,obscuren,User,fb90ecc8bc3c9041612afbcf1d79900670055df0,2014-08-21
ethereum/go-ethereum,150,committed,2014-08-21T18:25:02Z,NA,obscuren,User,d03ab3c97652d61a9f179215f31e107c91bd6058,2014-08-21
ethereum/go-ethereum,150,committed,2014-08-21T18:25:09Z,NA,obscuren,User,2d00027fd962897e845cfa6463bb87ed91970e8c,2014-08-21
ethereum/go-ethereum,150,committed,2014-08-21T18:25:38Z,NA,obscuren,User,088bbc6bb73739811ea6a533ebb7af879fe8517e,2014-08-21
ethereum/go-ethereum,150,committed,2014-08-21T19:06:42Z,NA,obscuren,User,740081e2f7f3f76f7522753fd3c714e57ea22f3f,2014-08-21
ethereum/go-ethereum,150,committed,2014-08-22T08:58:14Z,NA,obscuren,User,93008e279d947e872099c8029b54f7431178bb29,2014-08-22
ethereum/go-ethereum,150,committed,2014-08-22T08:58:49Z,NA,obscuren,User,42d43147cac99469eb3f445342fe9e1ebeb5222e,2014-08-22
ethereum/go-ethereum,150,committed,2014-08-22T08:58:57Z,NA,obscuren,User,a9f9a594160405737657083476535f3e48df1558,2014-08-22
ethereum/go-ethereum,150,committed,2014-08-22T09:34:59Z,NA,obscuren,User,836ed9d6b70e3ae928624f9ed81ed206a66b85b8,2014-08-22
ethereum/go-ethereum,150,committed,2014-08-22T12:52:20Z,NA,obscuren,User,be9bfb5536c7410bdd9cb3fbd13fb622bfc00a57,2014-08-22
ethereum/go-ethereum,150,committed,2014-08-22T15:10:18Z,NA,obscuren,User,56103f07517fe32522e510213c02ea982dfcef42,2014-08-22
ethereum/go-ethereum,150,committed,2014-08-22T15:57:33Z,NA,obscuren,User,d9d4f63cd4e3c9388ea8425e9d41f63af030c77c,2014-08-22
ethereum/go-ethereum,150,committed,2014-08-23T09:00:33Z,NA,obscuren,User,962255b373a0c8d7c2459cb25aaaa0dc4e492ecf,2014-08-23
ethereum/go-ethereum,150,committed,2014-08-23T17:00:52Z,NA,obscuren,User,fcc6f183a4122d161b0a438984f200a3b3c0dcc8,2014-08-23
ethereum/go-ethereum,150,committed,2014-08-23T17:01:06Z,NA,obscuren,User,ccea5fa9481f86f007701bee8e8850e4fbb38ad5,2014-08-23
ethereum/go-ethereum,150,committed,2014-08-23T17:01:15Z,NA,obscuren,User,67af3003830c91e072a17d05fa55a1f494ce9602,2014-08-23
ethereum/go-ethereum,150,committed,2014-08-23T22:16:32Z,NA,obscuren,User,cdbc3ecc2a738a4b8803c40dfc510fd099ce8584,2014-08-23
ethereum/go-ethereum,150,committed,2014-08-25T09:29:42Z,NA,obscuren,User,3f904bf3acb5779f68834ebca95825ea1990f85b,2014-08-25
ethereum/go-ethereum,150,committed,2014-08-25T10:53:06Z,NA,obscuren,User,6afc16399f9624663579ad72950b4ea3b887db57,2014-08-25
ethereum/go-ethereum,150,committed,2014-09-07T08:07:51Z,NA,obscuren,User,627b7c9fd75c84e0ca3af110b8f64ab5bbda963e,2014-09-07
ethereum/go-ethereum,150,committed,2014-09-07T08:18:54Z,NA,obscuren,User,ff27df78fc5d638b562bae9b4515eb5f5735d45d,2014-09-07
ethereum/go-ethereum,150,committed,2014-09-07T20:34:24Z,NA,obscuren,User,adabd71a4ad808faf13f0253ad248bc746308db5,2014-09-07
ethereum/go-ethereum,150,committed,2014-09-07T22:48:39Z,NA,obscuren,User,250d40bca01ae92ef5db6258b519e5903929f764,2014-09-07
ethereum/go-ethereum,150,committed,2014-09-07T22:48:59Z,NA,obscuren,User,0b6b6b52fe1518efef4bcfe9e224cf9209dd8e56,2014-09-07
ethereum/go-ethereum,150,committed,2014-09-07T22:49:25Z,NA,obscuren,User,a63b74e345e83d08b7a85b0602c5087ca4b06075,2014-09-07
ethereum/go-ethereum,150,committed,2014-09-07T22:49:47Z,NA,obscuren,User,0fea62ec6d33a83e602c804ee4b5b0a7896fd9c6,2014-09-07
ethereum/go-ethereum,150,committed,2014-09-07T22:50:04Z,NA,obscuren,User,d91357d00ca080c63d81570504e5c45fb15e3841,2014-09-07
ethereum/go-ethereum,150,committed,2014-09-09T22:19:20Z,NA,obscuren,User,29499900160cc2ee88968b74035f0a5c2d4c5af6,2014-09-09
ethereum/go-ethereum,150,committed,2014-09-10T04:27:34Z,NA,wemeetagain,User,7dacd7eb7818a336b3be99aea834093cf40a1b08,2014-09-10
ethereum/go-ethereum,150,committed,2014-09-10T04:35:53Z,NA,wemeetagain,User,8ac1b85a0b9dc9e25764aecfbb2571037965b450,2014-09-10
ethereum/go-ethereum,150,committed,2014-09-10T09:22:19Z,NA,obscuren,User,2f362509b813573f533a5be437c140355ddec7fc,2014-09-10
ethereum/go-ethereum,150,committed,2014-09-10T09:39:11Z,NA,obscuren,User,c0187930dc352c645c223e17364623a68413cb74,2014-09-10
ethereum/go-ethereum,150,committed,2014-09-11T10:28:05Z,NA,obscuren,User,369e8c41509baef341e61e4c5243899d5ffba1fc,2014-09-11
ethereum/go-ethereum,150,committed,2014-09-13T11:14:24Z,NA,obscuren,User,10564723b9ffa14904907a0ebc984fa25e4f1eab,2014-09-13
ethereum/go-ethereum,150,committed,2014-09-13T12:39:01Z,NA,obscuren,User,8ef17c2fb138ae254a0cc7ac509a7ab1177ee4ac,2014-09-13
ethereum/go-ethereum,150,committed,2014-09-13T12:39:10Z,NA,obscuren,User,96cf6fc147b7b9cb1f299a1fb2ae46bde660192a,2014-09-13
ethereum/go-ethereum,150,committed,2014-09-13T22:13:23Z,NA,obscuren,User,2fb57b2ea7b7f697ddc4811c471d87116eae07cc,2014-09-13
ethereum/go-ethereum,150,committed,2014-09-13T22:13:32Z,NA,obscuren,User,4b4830692a0e17b26338da75c6ab96f6bb4e14b1,2014-09-13
ethereum/go-ethereum,150,committed,2014-09-14T10:02:35Z,NA,obscuren,User,954ba211bf8ee63872b5e4d20b6aafb4400507c6,2014-09-14
ethereum/go-ethereum,150,committed,2014-09-14T11:42:02Z,NA,obscuren,User,f63cb278038dddd09aa4527529c43fdb8320f2fa,2014-09-14
ethereum/go-ethereum,150,committed,2014-09-14T11:42:13Z,NA,obscuren,User,9e89dacc6439e915784c43eaa273307f24b40be9,2014-09-14
ethereum/go-ethereum,150,committed,2014-09-14T11:47:29Z,NA,obscuren,User,742a9b00bc1d587669f1b1bf78a27040e7d474a4,2014-09-14
ethereum/go-ethereum,150,committed,2014-09-14T12:09:46Z,NA,obscuren,User,86d1a26b13a55723a89f7a9101200711a51afbc3,2014-09-14
ethereum/go-ethereum,150,committed,2014-09-14T12:30:33Z,NA,obscuren,User,74ef22d8247c08b6b827f5e9f1001f8bcce9d0e0,2014-09-14
ethereum/go-ethereum,150,committed,2014-09-14T23:10:50Z,NA,obscuren,User,4db4ec1621767513ed2bd99d835c3e2f1c2b0e7e,2014-09-14
ethereum/go-ethereum,150,committed,2014-09-14T23:11:01Z,NA,obscuren,User,2f614900e82036e3e8f6f6a714efc43e09aca830,2014-09-14
ethereum/go-ethereum,150,committed,2014-09-15T13:42:12Z,NA,obscuren,User,33a0dec8a157b9687ca6038f4deb011f3f1f7bdc,2014-09-15
ethereum/go-ethereum,150,committed,2014-09-15T20:11:05Z,NA,obscuren,User,399256b38403f2e95312250d49fca3cada8956b8,2014-09-15
ethereum/go-ethereum,150,committed,2014-09-16T09:35:26Z,NA,obscuren,User,d02024929a3e617c16c5b33e1d245f23fa4f6c7b,2014-09-16
ethereum/go-ethereum,150,committed,2014-09-16T14:06:38Z,NA,obscuren,User,74de0f1f2ab342466556baddbab166a284f86891,2014-09-16
ethereum/go-ethereum,150,committed,2014-09-16T14:19:48Z,NA,obscuren,User,fb528c47c0c51a7a204a18227349e6500aba49ab,2014-09-16
ethereum/go-ethereum,150,committed,2014-09-16T14:36:18Z,NA,obscuren,User,66e309c5c4fb1faebe7338053481024eeb55a2d1,2014-09-16
ethereum/go-ethereum,150,committed,2014-09-16T14:36:27Z,NA,obscuren,User,1549a29c9d6452eefa615baedfccfc5b5f6b7745,2014-09-16
ethereum/go-ethereum,150,committed,2014-09-17T13:57:07Z,NA,obscuren,User,fd041d91ee9f4be2d4705a32dc16698c89622c85,2014-09-17
ethereum/go-ethereum,150,committed,2014-09-17T13:57:32Z,NA,obscuren,User,eb32fe20c8513b936faf908985d021caa87d5b0d,2014-09-17
ethereum/go-ethereum,150,committed,2014-09-17T13:57:44Z,NA,obscuren,User,9559b5322857edfc819f7888a791d4f2a396fd17,2014-09-17
ethereum/go-ethereum,150,committed,2014-09-17T13:58:02Z,NA,obscuren,User,a26c479182375a076833068aa6125724fda647fe,2014-09-17
ethereum/go-ethereum,150,committed,2014-09-17T14:28:30Z,NA,obscuren,User,b3834d8272915d6b96d69a91ad6b9f994b29e891,2014-09-17
ethereum/go-ethereum,150,committed,2014-09-17T23:02:15Z,NA,obscuren,User,f3a93b046e45a293b673a955959666ec5389c4eb,2014-09-17
ethereum/go-ethereum,150,committed,2014-09-18T14:48:42Z,NA,obscuren,User,863785a52046bcfbbcaa57c83b4b43c215368760,2014-09-18
ethereum/go-ethereum,150,committed,2014-09-19T11:19:19Z,NA,obscuren,User,80261c803a82e51413608a3dc5273c982844d135,2014-09-19
ethereum/go-ethereum,150,committed,2014-09-22T12:50:53Z,NA,obscuren,User,151f9c7f8214a2702a76f36f566b52266949ac89,2014-09-22
ethereum/go-ethereum,150,committed,2014-09-22T12:51:21Z,NA,obscuren,User,65a802c6787184951753ba2f79fdf60dce526721,2014-09-22
ethereum/go-ethereum,150,committed,2014-09-22T12:51:41Z,NA,obscuren,User,b65f29f8faa20a93bd83c18232326c935cb16981,2014-09-22
ethereum/go-ethereum,150,committed,2014-09-22T14:28:28Z,NA,obscuren,User,9ed5b4d90e287de788d9079abab54578064864ba,2014-09-22
ethereum/go-ethereum,150,committed,2014-09-22T14:28:49Z,NA,obscuren,User,16871ae2b49fb2a8fad3848e3184c8ab87c7f67a,2014-09-22
ethereum/go-ethereum,150,committed,2014-09-22T14:30:30Z,NA,obscuren,User,1bc815e0b1d3fb6f47f8747e607a03f6d8a25ac2,2014-09-22
ethereum/go-ethereum,150,committed,2014-09-22T16:15:10Z,NA,obscuren,User,2ae3bda029ec91e02fb164fd53175ad78d45a0ba,2014-09-22
ethereum/go-ethereum,150,committed,2014-09-22T16:15:32Z,NA,obscuren,User,7d08e4f7d14600ee4ed38fc9d435e9c2e0e0fdac,2014-09-22
ethereum/go-ethereum,150,committed,2014-09-22T17:34:31Z,NA,obscuren,User,ce149d2733bd55e8e9b16dd4b60b6bad17c3d7d9,2014-09-22
ethereum/go-ethereum,150,committed,2014-09-22T17:34:49Z,NA,obscuren,User,df30588eb61b423a60d805b3d68d5a4e556e2a87,2014-09-22
ethereum/go-ethereum,150,committed,2014-09-23T08:20:55Z,NA,obscuren,User,48fd23dc107c06aea63e75a7a07612a5f10b1dd0,2014-09-23
ethereum/go-ethereum,150,committed,2014-09-23T08:21:13Z,NA,obscuren,User,0705bb3fe5d533bb69b0ffb6d5b9097ed1df556e,2014-09-23
ethereum/go-ethereum,150,committed,2014-09-23T08:21:29Z,NA,obscuren,User,1b66e1c93aa2a07afdd349a3a1700ded8e7cf496,2014-09-23
ethereum/go-ethereum,150,committed,2014-09-23T10:00:01Z,NA,obscuren,User,ac5e86b7aee5715ca19a7c9fac56c62e7fcd7325,2014-09-23
ethereum/go-ethereum,150,committed,2014-09-23T10:00:10Z,NA,obscuren,User,ea67d853a8a1770250a9c327ad6b8d8e1b6fa98c,2014-09-23
ethereum/go-ethereum,150,committed,2014-09-23T10:00:25Z,NA,obscuren,User,b73c07dd806f0fe48ac96b142cc40d480496f2cf,2014-09-23
ethereum/go-ethereum,150,committed,2014-09-23T15:55:34Z,NA,obscuren,User,6800c3665a50f7ac624f4ecbaa474b8a81336143,2014-09-23
ethereum/go-ethereum,150,committed,2014-09-23T15:55:45Z,NA,obscuren,User,5c5db7d931379b3a36606103eb886a3d26f456e1,2014-09-23
ethereum/go-ethereum,150,committed,2014-09-23T15:55:54Z,NA,obscuren,User,bc1a173d2f5e44916b9c6a2ae746c43ce1cef6f7,2014-09-23
ethereum/go-ethereum,150,committed,2014-09-23T16:19:51Z,NA,obscuren,User,46a496428f2d2a3a0f9ddcb755c825dfc1f73436,2014-09-23
ethereum/go-ethereum,150,committed,2014-09-23T16:19:56Z,NA,obscuren,User,615d20598ababa5988d5b36a48640c154d8866fd,2014-09-23
ethereum/go-ethereum,150,committed,2014-09-23T18:04:06Z,NA,nicksavers,User,c5828905905cca068e9f2fe3ad7072623a05958c,2014-09-23
ethereum/go-ethereum,150,committed,2014-09-24T09:39:17Z,NA,obscuren,User,57dc435f9b928f5de2a49736a2c71a7bf611289a,2014-09-24
ethereum/go-ethereum,150,committed,2014-09-24T09:41:57Z,NA,obscuren,User,ba43364f36db690528cc62196969414ef5e98833,2014-09-24
ethereum/go-ethereum,150,committed,2014-09-24T09:55:02Z,NA,obscuren,User,b66fcf85dfecb13c3ed2b9f46ad6bb257ce84411,2014-09-24
ethereum/go-ethereum,150,committed,2014-09-24T15:47:01Z,NA,obscuren,User,ad13b402d715e120009b3efb6a08d2c90139f31d,2014-09-24
ethereum/go-ethereum,150,committed,2014-09-24T17:54:14Z,NA,obscuren,User,d3a0bb4f3535dda89c3cb1d26ff3168faaaf7ca6,2014-09-24
ethereum/go-ethereum,150,committed,2014-09-24T17:54:30Z,NA,obscuren,User,84690bfbbe99b0c8b8d3a377d39b0900990b300c,2014-09-24
ethereum/go-ethereum,150,committed,2014-09-24T17:54:37Z,NA,obscuren,User,60a8c9527cba4298be4bdde39ff1e0e3fd7fe637,2014-09-24
ethereum/go-ethereum,150,committed,2014-09-24T17:54:51Z,NA,obscuren,User,54558dd8ae55fc2c7e226c908222803671b7feeb,2014-09-24
ethereum/go-ethereum,150,committed,2014-09-24T17:55:28Z,NA,obscuren,User,1fe2d0d0e011b6d6bc6261b69fe955943d9d6e3e,2014-09-24
ethereum/go-ethereum,150,committed,2014-09-24T17:56:21Z,NA,obscuren,User,cba2f6c2c472d5818541f6eabf3e18196d0c477d,2014-09-24
ethereum/go-ethereum,150,committed,2014-09-24T17:59:14Z,NA,obscuren,User,544b7fba7f2e826bc7c4eef016082b266d17e5f6,2014-09-24
ethereum/go-ethereum,150,committed,2014-09-24T18:40:40Z,NA,obscuren,User,1118aaf840a6f6b4dd6b137f39ab895a0cbd5a56,2014-09-24
ethereum/go-ethereum,150,committed,2014-09-24T18:40:54Z,NA,obscuren,User,bb4495722f869f456f1f12234bb881ef71a7960f,2014-09-24
ethereum/go-ethereum,150,committed,2014-09-24T18:41:03Z,NA,obscuren,User,ecdda018415a89e4a55c2cb04378f005192f7525,2014-09-24
ethereum/go-ethereum,150,committed,2014-09-24T19:13:28Z,NA,obscuren,User,3aeba50c38e74bc1091895db1cb57e7d93864270,2014-09-24
ethereum/go-ethereum,150,committed,2014-09-24T19:13:35Z,NA,obscuren,User,496df5c29a28aaa03ac5ffbdcf36928095163a4f,2014-09-24
ethereum/go-ethereum,150,committed,2014-09-24T19:20:57Z,NA,obscuren,User,5cb4120ef517830e8c45007f138ffd343ccb164a,2014-09-24
ethereum/go-ethereum,150,committed,2014-09-24T19:21:03Z,NA,obscuren,User,5c2aa1d4f56ee02863ec426fe2248700ba58c4ab,2014-09-24
ethereum/go-ethereum,150,committed,2014-09-24T19:36:37Z,NA,obscuren,User,206672db5e2fe99892013e80ce4b5fa60ba8a196,2014-09-24
ethereum/go-ethereum,150,committed,2014-09-24T19:37:05Z,NA,obscuren,User,2458697dad8ceac5fe93182e141c7f2eb7428417,2014-09-24
ethereum/go-ethereum,150,committed,2014-09-25T14:57:49Z,NA,obscuren,User,9ed8dc7384deb932be624699d9f628d3d00ba31e,2014-09-25
ethereum/go-ethereum,150,committed,2014-09-26T11:32:54Z,NA,obscuren,User,68119d0929adebdbd39dd40982264f86164bd6e6,2014-09-26
ethereum/go-ethereum,150,committed,2014-09-26T11:45:26Z,NA,obscuren,User,b8354124bebcd3988afd2f41c320f834a69b949e,2014-09-26
ethereum/go-ethereum,150,committed,2014-09-26T11:48:04Z,NA,obscuren,User,a45e293267bfa4147f291dc15625e089bdc41ab7,2014-09-26
ethereum/go-ethereum,150,committed,2014-09-26T18:19:01Z,NA,obscuren,User,0acdeca3d6df4716d8789444c7bb645c73a27324,2014-09-26
ethereum/go-ethereum,150,committed,2014-09-26T18:19:11Z,NA,obscuren,User,e20b11305366c8d05ea626eda0bb46fba5b373ec,2014-09-26
ethereum/go-ethereum,150,committed,2014-09-26T18:51:31Z,NA,obscuren,User,44d50bc8d2e8bf4a87d01d6ded24d79eb50ee666,2014-09-26
ethereum/go-ethereum,150,committed,2014-09-28T12:52:58Z,NA,obscuren,User,ea0357bf02b61db94bd0ad8806ba7337a55a4f79,2014-09-28
ethereum/go-ethereum,150,committed,2014-09-29T10:57:51Z,NA,obscuren,User,ab6ede51d7fedb9270cab08ee732a834be34dab2,2014-09-29
ethereum/go-ethereum,150,committed,2014-09-30T21:26:52Z,NA,obscuren,User,3af211dd65d6690afce9976a9f47ab1cdddb8d58,2014-09-30
ethereum/go-ethereum,150,committed,2014-10-01T22:03:19Z,NA,obscuren,User,5fa0173c4147baee54ad1846a23cd4410c50420b,2014-10-01
ethereum/go-ethereum,150,committed,2014-10-01T23:36:59Z,NA,obscuren,User,a34a971b508e1bc1fbeb3c2d02cbb8686d2491d8,2014-10-01
ethereum/go-ethereum,150,committed,2014-10-02T15:03:15Z,NA,obscuren,User,82be3054961864dfd5bbeaec2ab961f593203dbf,2014-10-02
ethereum/go-ethereum,150,committed,2014-10-02T15:03:36Z,NA,obscuren,User,b55e017e620d8049788eda91424d4944ac934613,2014-10-02
ethereum/go-ethereum,150,committed,2014-10-02T15:03:48Z,NA,obscuren,User,a75c92000fab997a41479c8f92e62f6b0d3f3434,2014-10-02
ethereum/go-ethereum,150,committed,2014-10-02T15:35:38Z,NA,obscuren,User,677836cbee1105043335c672b41dc4402e98c227,2014-10-02
ethereum/go-ethereum,150,committed,2014-10-07T09:18:46Z,NA,obscuren,User,0015ce1e353f52cca818d11f566b9a656fb85f24,2014-10-07
ethereum/go-ethereum,150,committed,2014-10-08T09:59:44Z,NA,obscuren,User,b417766b36f46316cbae6fa42815f1a519e5f733,2014-10-08
ethereum/go-ethereum,150,committed,2014-10-08T10:00:03Z,NA,obscuren,User,6de726f16cff6a79939cd9182424c7e9ef678044,2014-10-08
ethereum/go-ethereum,150,committed,2014-10-08T10:00:50Z,NA,obscuren,User,11ace543072726e76743f157a31956ad1b941956,2014-10-08
ethereum/go-ethereum,150,committed,2014-10-08T10:01:14Z,NA,obscuren,User,9b60cf267a021027f47a588095e23d4c510658bd,2014-10-08
ethereum/go-ethereum,150,committed,2014-10-08T10:01:36Z,NA,obscuren,User,f3196c915a6f8ddde1d2e178ad419a114b608b91,2014-10-08
ethereum/go-ethereum,150,committed,2014-10-08T10:06:39Z,NA,obscuren,User,9d86a49a7327199c01977f3372c8adf748252c32,2014-10-08
ethereum/go-ethereum,150,committed,2014-10-08T10:29:49Z,NA,obscuren,User,4de3ad1712ce0fdc62b1acc27a3922b192e943c6,2014-10-08
ethereum/go-ethereum,150,committed,2014-10-08T10:33:33Z,NA,obscuren,User,bd7aca76e1c68ec4d6f76468a250a83f4edd0545,2014-10-08
ethereum/go-ethereum,150,committed,2014-10-08T14:11:36Z,NA,obscuren,User,a38dafcc57d296447db9748c8c85df6c58b243fb,2014-10-08
ethereum/go-ethereum,150,committed,2014-10-08T14:31:08Z,NA,fjl,User,7c9508ed7160786b6bd87d59d898213bfbdeced5,2014-10-08
ethereum/go-ethereum,150,committed,2014-10-08T14:31:08Z,NA,fjl,User,d4512699775497abd5392aa4c617350491021630,2014-10-08
ethereum/go-ethereum,150,committed,2014-10-08T14:31:08Z,NA,fjl,User,44674cb96c64ddf9a8b3345f14329c030ecd4ed6,2014-10-08
ethereum/go-ethereum,150,committed,2014-10-08T17:04:58Z,NA,fjl,User,e83a99903994eaadec3b58822dd18682649ac9dc,2014-10-08
ethereum/go-ethereum,150,committed,2014-10-10T14:56:28Z,NA,obscuren,User,6877660fe247f758d06fe95d020a29ac3f0357cc,2014-10-10
ethereum/go-ethereum,150,committed,2014-10-10T14:57:50Z,NA,obscuren,User,6fec5bd32e64e15d16085591e732b26a243297fa,2014-10-10
ethereum/go-ethereum,150,committed,2014-10-10T14:57:54Z,NA,obscuren,User,3db6a8e92d7929bafa2d66e753ed365cf0822187,2014-10-10
ethereum/go-ethereum,150,committed,2014-10-10T14:58:26Z,NA,obscuren,User,9b494c68698cbcaa4d8d6e0f2b964d29db815da5,2014-10-10
ethereum/go-ethereum,150,committed,2014-10-10T15:00:06Z,NA,obscuren,User,e02c0fa8088943bc995d290e58a7226f4a0ece91,2014-10-10
ethereum/go-ethereum,150,committed,2014-10-10T20:42:37Z,NA,obscuren,User,56843ca0fca1886213be4ee1e25995a537afda57,2014-10-10
ethereum/go-ethereum,150,committed,2014-10-10T20:44:20Z,NA,obscuren,User,cb845b9bc84dada9d03eb9d9cb9ccfa96c7ce06c,2014-10-10
ethereum/go-ethereum,150,committed,2014-10-10T22:41:37Z,NA,obscuren,User,2e894b668a2bde3eb83418cfd9128f3a571e0026,2014-10-10
ethereum/go-ethereum,150,committed,2014-10-14T09:48:52Z,NA,obscuren,User,c5bd32b0ad1a3d0fd20a3d1014cc8a97d889dc28,2014-10-14
ethereum/go-ethereum,150,committed,2014-10-14T10:21:46Z,NA,obscuren,User,393a92811bd810e33cf1e0b281f9fefa09643cd2,2014-10-14
ethereum/go-ethereum,150,committed,2014-10-14T11:37:26Z,NA,obscuren,User,f55e39cf1ae138f7698d8dce3aeee5eaa3f87a7d,2014-10-14
ethereum/go-ethereum,150,committed,2014-10-14T13:31:25Z,NA,obscuren,User,7ca7938d8e4a63b4bd244ee46856ec657d63a374,2014-10-14
ethereum/go-ethereum,150,committed,2014-10-14T22:40:41Z,NA,obscuren,User,3d177be73e127b08a52988fde308eed29eac4699,2014-10-14
ethereum/go-ethereum,150,committed,2014-10-14T22:41:00Z,NA,obscuren,User,266d21209478bdb8c89e1ffb95d7f0de34635968,2014-10-14
ethereum/go-ethereum,150,committed,2014-10-15T15:12:26Z,NA,obscuren,User,311c6f8a3fed5ac03ee4b442fd0f420072bc41b4,2014-10-15
ethereum/go-ethereum,150,committed,2014-10-16T11:38:21Z,NA,obscuren,User,70f7a0be1187cc0e487e7b95cad238c6530d29ae,2014-10-16
ethereum/go-ethereum,150,committed,2014-10-16T11:39:11Z,NA,obscuren,User,febec5ca4a059a3e3a5cc2b5fe0d14ba02492b95,2014-10-16
ethereum/go-ethereum,150,committed,2014-10-16T11:39:30Z,NA,obscuren,User,86f789333a7c509058412c8a7253117af74488cd,2014-10-16
ethereum/go-ethereum,150,committed,2014-10-16T11:40:46Z,NA,obscuren,User,65cdb3436e599cfff0fd91045d4c81c26a5f61c1,2014-10-16
ethereum/go-ethereum,150,committed,2014-10-16T11:41:44Z,NA,obscuren,User,bb5038699ef7e08054ef154107e359dce2e3b106,2014-10-16
ethereum/go-ethereum,150,committed,2014-10-16T16:14:35Z,NA,fjl,User,f5b8775bed8a49136c5d7e93bb0fb991bc2b1a4b,2014-10-16
ethereum/go-ethereum,150,committed,2014-10-16T16:27:05Z,NA,obscuren,User,93fcabd25189b447cc5c52523134cca2fa1d794e,2014-10-16
ethereum/go-ethereum,150,committed,2014-10-16T16:50:48Z,NA,fjl,User,dac4a8f113b35c67349115115af17c7f1874d939,2014-10-16
ethereum/go-ethereum,150,committed,2014-10-16T16:50:48Z,NA,fjl,User,10bbf265b2e8f1906602d2604f755241b8eb49e6,2014-10-16
ethereum/go-ethereum,150,committed,2014-10-16T16:50:48Z,NA,fjl,User,690690489610352d43f8547744b6c9486ad5affa,2014-10-16
ethereum/go-ethereum,150,committed,2014-10-16T16:50:48Z,NA,fjl,User,36cdab206849c7e363e0b9911553098c3e8ca644,2014-10-16
ethereum/go-ethereum,150,committed,2014-10-16T16:51:21Z,NA,fjl,User,20cdb73862c6ae5af10dbaceba34c5073148235d,2014-10-16
ethereum/go-ethereum,150,committed,2014-10-16T16:51:21Z,NA,fjl,User,28570ef109d6a0f66e419165c985509bb01dc6bd,2014-10-16
ethereum/go-ethereum,150,committed,2014-10-16T16:51:21Z,NA,fjl,User,ade980912da4afb7d92f845b8d41955851791dc9,2014-10-16
ethereum/go-ethereum,150,committed,2014-10-16T16:59:28Z,NA,fjl,User,fa84e50ddb8e64d4cb92d58e235cfed13761f21e,2014-10-16
ethereum/go-ethereum,150,committed,2014-10-16T19:34:59Z,NA,obscuren,User,3b709852846317d3456f55f906afc327ba76d6df,2014-10-16
ethereum/go-ethereum,150,committed,2014-10-17T15:10:34Z,NA,obscuren,User,df2b70853ff0764c4fcb181547eee3a66f7bda4a,2014-10-17
ethereum/go-ethereum,150,committed,2014-10-17T15:11:34Z,NA,obscuren,User,d7736a7bbbf3d832dd108253fa5dea1de2cb9363,2014-10-17
ethereum/go-ethereum,150,committed,2014-10-17T15:11:45Z,NA,obscuren,User,e183880d8b02d4a9713b903acb41dd4381957f81,2014-10-17
ethereum/go-ethereum,150,committed,2014-10-17T15:20:43Z,NA,fjl,User,4e95cecfb999425e40b0c071b9768b1654167fe2,2014-10-17
ethereum/go-ethereum,150,committed,2014-10-17T15:20:43Z,NA,fjl,User,dac128a029ee8d80d4ebdad64b24506c03d55e63,2014-10-17
ethereum/go-ethereum,150,committed,2014-10-17T15:20:43Z,NA,fjl,User,3b1296077b2f814bf4bf478aea63503d18ece86f,2014-10-17
ethereum/go-ethereum,150,committed,2014-10-17T15:20:44Z,NA,fjl,User,d5a7ba1626b9c7bbc5733a44fbda2ed50070c1b9,2014-10-17
ethereum/go-ethereum,150,committed,2014-10-17T15:20:44Z,NA,fjl,User,45d1052229f5390d76e912f15e17240a0eddc7b9,2014-10-17
ethereum/go-ethereum,150,committed,2014-10-17T15:20:44Z,NA,fjl,User,ec132749aab8f4b26181bfc2c4b3190aa104fdb5,2014-10-17
ethereum/go-ethereum,150,committed,2014-10-17T15:20:44Z,NA,fjl,User,793baf060a0e918b5d5ca72a425c99751b93ab41,2014-10-17
ethereum/go-ethereum,150,committed,2014-10-17T15:20:44Z,NA,fjl,User,a6265cb49a0fd5641e53ed8cc8505bb91cb88976,2014-10-17
ethereum/go-ethereum,150,committed,2014-10-17T15:20:44Z,NA,fjl,User,e0f93c74c54f04e8da18ee0f0eee58e322ddc89b,2014-10-17
ethereum/go-ethereum,150,committed,2014-10-17T15:20:44Z,NA,fjl,User,0165c1833017963a280f135a5733974a9fc3ec0b,2014-10-17
ethereum/go-ethereum,150,committed,2014-10-17T15:23:28Z,NA,fjl,User,cbd785cfe8801c240bbaaa6f21ebf3ab7045e4a3,2014-10-17
ethereum/go-ethereum,150,committed,2014-10-17T15:23:29Z,NA,fjl,User,50f5ba5b0cfdf02cd87a9070676bd3c21c217296,2014-10-17
ethereum/go-ethereum,150,committed,2014-10-17T15:23:29Z,NA,fjl,User,c090a77f1c9bc890e67a00fb47a1c23c8769799d,2014-10-17
ethereum/go-ethereum,150,committed,2014-10-17T15:23:29Z,NA,fjl,User,fd9b03a431a9b8bb28a5b681f97e0b2d18ef7a3e,2014-10-17
ethereum/go-ethereum,150,committed,2014-10-17T15:23:29Z,NA,fjl,User,35f339e9423bb3f3b5130e954e4a03937971b0ac,2014-10-17
ethereum/go-ethereum,150,committed,2014-10-17T15:24:44Z,NA,obscuren,User,fc308b842eafe6f6703dd21a003a8abaf3538aa4,2014-10-17
ethereum/go-ethereum,150,committed,2014-10-17T15:39:31Z,NA,fjl,User,df238dc7ec0f336b07740598aa552c01f34b8d4e,2014-10-17
ethereum/go-ethereum,150,committed,2014-10-17T16:17:04Z,NA,obscuren,User,70a00d602e38e4a2dc1658d483192165c3e479b8,2014-10-17
ethereum/go-ethereum,150,committed,2014-10-18T11:20:06Z,NA,obscuren,User,d2bb83833ffadc91d128a1833853ec3240b8c824,2014-10-18
ethereum/go-ethereum,150,committed,2014-10-18T11:23:01Z,NA,obscuren,User,a02dc4ccc321bdee2a670eecdf5c3bac01fc290b,2014-10-18
ethereum/go-ethereum,150,committed,2014-10-18T11:31:20Z,NA,obscuren,User,20c742e47406c13ebc6427951f6fcf1b0056ea26,2014-10-18
ethereum/go-ethereum,150,committed,2014-10-18T11:33:02Z,NA,obscuren,User,3ea0e904ad4e6473685c319dcf4bcb81b35213db,2014-10-18
ethereum/go-ethereum,150,committed,2014-10-18T11:50:48Z,NA,obscuren,User,350b0b1f66b872c7fd80101d712b3c4c567c1f52,2014-10-18
ethereum/go-ethereum,150,committed,2014-10-18T12:20:51Z,NA,obscuren,User,73c1c2c4af17115b1b1d39d947d5d9cc4d8b07fb,2014-10-18
ethereum/go-ethereum,150,committed,2014-10-18T21:20:25Z,NA,obscuren,User,3bc64b6b6edf380aaa145e612988a4aa640e0d23,2014-10-18
ethereum/go-ethereum,150,committed,2014-10-18T21:28:16Z,NA,obscuren,User,3ad1daa70d09e0fc32347029b98166a51e9078c4,2014-10-18
ethereum/go-ethereum,150,committed,2014-10-18T21:31:10Z,NA,obscuren,User,33ca8d7b8f3d4db4b01890e39fa806766fbe8f84,2014-10-18
ethereum/go-ethereum,150,committed,2014-10-20T09:53:11Z,NA,obscuren,User,097ba56df59293f9225a8ecdc9e1c43a5ad891bb,2014-10-20
ethereum/go-ethereum,150,committed,2014-10-21T11:24:48Z,NA,obscuren,User,10b252dd0517175117d8d4a8ef30b3689a10eda5,2014-10-21
ethereum/go-ethereum,150,committed,2014-10-21T11:25:31Z,NA,obscuren,User,520fdfe346ab51708f4f1fdfd0b2e42cc919e613,2014-10-21
ethereum/go-ethereum,150,committed,2014-10-21T11:30:23Z,NA,obscuren,User,6b92d541dabc289043529f65e586e40c4613e7f8,2014-10-21
ethereum/go-ethereum,150,committed,2014-10-21T11:43:30Z,NA,obscuren,User,27cb0750c1deaed040876abdab1386a6687d7999,2014-10-21
ethereum/go-ethereum,150,committed,2014-10-22T13:22:21Z,NA,obscuren,User,b5beb1aac11af92bfe0f3ed7560b9eb08495ed09,2014-10-22
ethereum/go-ethereum,150,committed,2014-10-22T13:24:17Z,NA,obscuren,User,037039cacedc1396d7863e6f3b3fc80e0435fc1a,2014-10-22
ethereum/go-ethereum,150,committed,2014-10-22T21:39:15Z,NA,obscuren,User,51ecab6967a15b82f9285cd0ffd3352607dc8612,2014-10-22
ethereum/go-ethereum,150,committed,2014-10-22T23:01:26Z,NA,obscuren,User,29b8a0bc5ffa7a674a06a211e1c8bdd1b6ed07b1,2014-10-22
ethereum/go-ethereum,150,committed,2014-10-23T08:14:55Z,NA,obscuren,User,06aa74e7df49969fc181ecfcf5652263d74624f5,2014-10-23
ethereum/go-ethereum,150,committed,2014-10-23T11:25:10Z,NA,obscuren,User,91c876831a3b616beb759c30d705407845ffc3ee,2014-10-23
ethereum/go-ethereum,150,committed,2014-10-23T12:04:00Z,NA,obscuren,User,feef194829b07570e91873ed5d1e8cc51e8fa430,2014-10-23
ethereum/go-ethereum,150,committed,2014-10-23T13:01:27Z,NA,fjl,User,69baa465ea69ae60eed802445cf0132b9eb69934,2014-10-23
ethereum/go-ethereum,150,committed,2014-10-23T13:06:26Z,NA,fjl,User,bd2862aec613ab1bca7b18884ca0a2fac3f9c2d2,2014-10-23
ethereum/go-ethereum,150,committed,2014-10-23T13:48:53Z,NA,fjl,User,184055b3e2995894ccaba364484223e488730627,2014-10-23
ethereum/go-ethereum,150,labeled,2014-10-23T13:51:41Z,NA,obscuren,User,NA,2014-10-23
ethereum/go-ethereum,150,commented,2014-10-23T14:45:29Z,CONTRIBUTOR,obscuren,User,NA,2014-10-23
ethereum/go-ethereum,150,referenced,2014-10-23T14:46:18Z,NA,obscuren,User,NA,2014-10-23
ethereum/go-ethereum,150,merged,2014-10-23T14:46:18Z,NA,obscuren,User,NA,2014-10-23
ethereum/go-ethereum,150,closed,2014-10-23T14:46:18Z,NA,obscuren,User,NA,2014-10-23
ethereum/go-ethereum,150,unlabeled,2014-10-23T14:46:20Z,NA,obscuren,User,NA,2014-10-23
ethereum/go-ethereum,150,referenced,2016-10-14T16:32:14Z,NA,karalabe,User,NA,2016-10-14
ethereum/go-ethereum,150,referenced,2018-08-20T03:42:34Z,NA,ngtuna,User,NA,2018-08-20
ethereum/go-ethereum,150,referenced,2023-03-08T19:06:39Z,NA,jsign,User,NA,2023-03-08
ethereum/go-ethereum,115,committed,2014-08-12T12:57:51Z,NA,zelig,User,3569e8d7dfa2e7cf2e47a04225208bd928054cdd,2014-08-12
ethereum/go-ethereum,115,renamed,2014-08-12T13:01:23Z,NA,zelig,User,NA,2014-08-12
ethereum/go-ethereum,115,cross-referenced,2014-08-12T13:04:49Z,NA,zelig,User,NA,2014-08-12
ethereum/go-ethereum,115,referenced,2014-08-15T08:49:52Z,NA,obscuren,User,NA,2014-08-15
ethereum/go-ethereum,115,merged,2014-08-15T08:49:52Z,NA,obscuren,User,NA,2014-08-15
ethereum/go-ethereum,115,closed,2014-08-15T08:49:52Z,NA,obscuren,User,NA,2014-08-15
ethereum/go-ethereum,115,referenced,2018-05-13T18:23:33Z,NA,prestonvanloon,User,NA,2018-05-13
ethereum/go-ethereum,115,referenced,2018-08-07T11:32:17Z,NA,ngtuna,User,NA,2018-08-07
ethereum/go-ethereum,115,referenced,2021-02-02T16:06:14Z,NA,rjl493456442,User,NA,2021-02-02
ethereum/go-ethereum,115,referenced,2021-08-13T20:23:09Z,NA,maoueh,User,NA,2021-08-13
ethereum/go-ethereum,115,referenced,2022-12-20T19:30:24Z,NA,MariusVanDerWijden,User,NA,2022-12-20
ethereum/go-ethereum,115,referenced,2023-01-04T20:13:53Z,NA,joshuacolvin0,User,NA,2023-01-04
ethereum/go-ethereum,115,referenced,2023-04-17T23:12:22Z,NA,marioevz,User,NA,2023-04-17
ethereum/go-ethereum,115,referenced,2025-01-30T17:46:29Z,NA,ryanschneider,User,NA,2025-01-30
ethereum/go-ethereum,124,committed,2014-08-21T18:23:19Z,NA,obscuren,User,9131a7c65eca0951f25c7ea12865244c60090b92,2014-08-21
ethereum/go-ethereum,124,committed,2014-08-21T20:40:29Z,NA,BuildFuture,User,b9f1c60a02ee68eecfcbf87a4ade29d9ab2269b4,2014-08-21
ethereum/go-ethereum,124,closed,2014-08-22T16:00:38Z,NA,obscuren,User,NA,2014-08-22
ethereum/go-ethereum,124,referenced,2017-06-28T06:26:45Z,NA,yutelin,User,NA,2017-06-28
ethereum/go-ethereum,124,referenced,2018-08-10T09:13:50Z,NA,ngtuna,User,NA,2018-08-10
ethereum/go-ethereum,124,referenced,2020-02-24T18:23:55Z,NA,AusIV,User,NA,2020-02-24
ethereum/go-ethereum,124,referenced,2021-05-28T01:55:25Z,NA,rjl493456442,User,NA,2021-05-28
ethereum/go-ethereum,124,referenced,2022-01-20T19:04:35Z,NA,tony-ricciardi,User,NA,2022-01-20
ethereum/go-ethereum,124,referenced,2023-04-25T16:47:28Z,NA,spencer-tb,User,NA,2023-04-25
ethereum/go-ethereum,124,cross-referenced,2023-05-28T15:10:59Z,NA,Ten163,User,NA,2023-05-28
ethereum/go-ethereum,124,referenced,2023-07-25T19:12:42Z,NA,sbellem,User,NA,2023-07-25
ethereum/go-ethereum,121,committed,2014-08-21T18:23:19Z,NA,obscuren,User,9131a7c65eca0951f25c7ea12865244c60090b92,2014-08-21
ethereum/go-ethereum,121,committed,2014-08-21T20:07:05Z,NA,BuildFuture,User,390db314236418342ccbc431015f4f9574ae4794,2014-08-21
ethereum/go-ethereum,121,commented,2014-08-21T20:35:33Z,CONTRIBUTOR,obscuren,User,NA,2014-08-21
ethereum/go-ethereum,121,closed,2014-08-21T20:35:33Z,NA,obscuren,User,NA,2014-08-21
ethereum/go-ethereum,121,head_ref_deleted,2014-08-21T20:38:12Z,NA,BuildFuture,User,NA,2014-08-21
ethereum/go-ethereum,121,head_ref_restored,2014-08-21T20:38:26Z,NA,BuildFuture,User,NA,2014-08-21
ethereum/go-ethereum,121,head_ref_deleted,2014-08-21T20:38:28Z,NA,BuildFuture,User,NA,2014-08-21
ethereum/go-ethereum,121,referenced,2020-02-24T18:23:54Z,NA,AusIV,User,NA,2020-02-24
ethereum/go-ethereum,121,referenced,2020-02-24T18:23:58Z,NA,AusIV,User,NA,2020-02-24
ethereum/go-ethereum,121,referenced,2021-02-02T16:06:14Z,NA,rjl493456442,User,NA,2021-02-02
ethereum/go-ethereum,121,referenced,2021-08-13T20:23:09Z,NA,maoueh,User,NA,2021-08-13
ethereum/go-ethereum,121,referenced,2022-01-20T19:04:35Z,NA,tony-ricciardi,User,NA,2022-01-20
ethereum/go-ethereum,121,referenced,2022-12-20T19:30:25Z,NA,MariusVanDerWijden,User,NA,2022-12-20
ethereum/go-ethereum,121,referenced,2023-01-04T20:13:54Z,NA,joshuacolvin0,User,NA,2023-01-04
ethereum/go-ethereum,121,referenced,2023-02-23T14:42:24Z,NA,weiihann,User,NA,2023-02-23
ethereum/go-ethereum,121,referenced,2023-04-24T23:37:31Z,NA,spencer-tb,User,NA,2023-04-24
ethereum/go-ethereum,121,referenced,2023-07-25T19:12:41Z,NA,sbellem,User,NA,2023-07-25
ethereum/go-ethereum,121,referenced,2025-01-30T17:46:29Z,NA,ryanschneider,User,NA,2025-01-30
ethereum/go-ethereum,129,committed,2014-09-18T00:03:55Z,NA,,,b27100c8fc48c819c9e6a6b76fcc50cfe118cedb,2014-09-18
ethereum/go-ethereum,129,commented,2014-09-18T08:23:30Z,CONTRIBUTOR,obscuren,User,NA,2014-09-18
ethereum/go-ethereum,129,commented,2014-09-18T17:40:43Z,NONE,notjustanyusername,User,NA,2014-09-18
ethereum/go-ethereum,129,committed,2014-09-18T20:41:45Z,NA,,,a96c5986c5216b1238decde40bc6c6882da81996,2014-09-18
ethereum/go-ethereum,129,committed,2014-09-18T21:08:51Z,NA,,,06a9ee74bcad0ab59776b0f8728ac71f6a5d53e0,2014-09-18
ethereum/go-ethereum,129,committed,2014-09-18T21:26:48Z,NA,,,d953415d9198e9d3da8145cda4ee90dae89c0f9f,2014-09-18
ethereum/go-ethereum,129,commented,2014-09-19T00:02:25Z,CONTRIBUTOR,obscuren,User,NA,2014-09-19
ethereum/go-ethereum,129,merged,2014-09-19T10:59:57Z,NA,obscuren,User,NA,2014-09-19
ethereum/go-ethereum,129,closed,2014-09-19T10:59:57Z,NA,obscuren,User,NA,2014-09-19
ethereum/go-ethereum,129,cross-referenced,2015-08-20T19:26:58Z,NA,almindor,User,NA,2015-08-20
ethereum/go-ethereum,129,referenced,2017-09-14T16:16:09Z,NA,stevenroose,User,NA,2017-09-14
ethereum/go-ethereum,129,referenced,2018-08-10T09:13:51Z,NA,ngtuna,User,NA,2018-08-10
ethereum/go-ethereum,129,referenced,2021-05-28T01:55:26Z,NA,rjl493456442,User,NA,2021-05-28
ethereum/go-ethereum,129,referenced,2021-08-13T20:23:09Z,NA,maoueh,User,NA,2021-08-13
ethereum/go-ethereum,129,referenced,2022-12-20T19:30:25Z,NA,MariusVanDerWijden,User,NA,2022-12-20
ethereum/go-ethereum,129,referenced,2023-05-11T22:31:41Z,NA,spencer-tb,User,NA,2023-05-11
ethereum/go-ethereum,129,referenced,2024-04-04T13:21:16Z,NA,atenjin,User,NA,2024-04-04
ethereum/go-ethereum,129,referenced,2025-01-30T17:46:30Z,NA,ryanschneider,User,NA,2025-01-30
ethereum/go-ethereum,136,committed,2014-10-08T17:16:03Z,NA,fjl,User,c1f8a640d35b4ec996657d0457f67d02d8276f4b,2014-10-08
ethereum/go-ethereum,136,referenced,2014-10-10T20:59:11Z,NA,obscuren,User,NA,2014-10-10
ethereum/go-ethereum,136,merged,2014-10-10T20:59:11Z,NA,obscuren,User,NA,2014-10-10
ethereum/go-ethereum,136,closed,2014-10-10T20:59:11Z,NA,obscuren,User,NA,2014-10-10
ethereum/go-ethereum,136,head_ref_deleted,2015-05-15T21:14:10Z,NA,fjl,User,NA,2015-05-15
ethereum/go-ethereum,136,referenced,2017-11-15T16:11:40Z,NA,nonsense,User,NA,2017-11-15
ethereum/go-ethereum,136,referenced,2018-05-25T02:15:50Z,NA,prestonvanloon,User,NA,2018-05-25
ethereum/go-ethereum,136,referenced,2018-08-16T10:56:39Z,NA,ngtuna,User,NA,2018-08-16
ethereum/go-ethereum,136,referenced,2021-05-28T01:55:26Z,NA,rjl493456442,User,NA,2021-05-28
ethereum/go-ethereum,136,referenced,2023-01-04T20:13:55Z,NA,joshuacolvin0,User,NA,2023-01-04
ethereum/go-ethereum,136,referenced,2024-04-04T13:21:17Z,NA,atenjin,User,NA,2024-04-04
ethereum/go-ethereum,136,referenced,2024-04-04T13:21:17Z,NA,atenjin,User,NA,2024-04-04
ethereum/go-ethereum,137,committed,2014-10-12T06:15:15Z,NA,caktux,User,cfd1f0907f6b058a0e6845bd85e1d5b16a8baf21,2014-10-12
ethereum/go-ethereum,137,referenced,2014-10-13T10:57:50Z,NA,obscuren,User,NA,2014-10-13
ethereum/go-ethereum,137,merged,2014-10-13T10:57:50Z,NA,obscuren,User,NA,2014-10-13
ethereum/go-ethereum,137,closed,2014-10-13T10:57:50Z,NA,obscuren,User,NA,2014-10-13
ethereum/go-ethereum,137,referenced,2018-05-28T00:51:30Z,NA,roveneliah,User,NA,2018-05-28
ethereum/go-ethereum,137,referenced,2020-04-29T15:45:15Z,NA,AusIV,User,NA,2020-04-29
ethereum/go-ethereum,137,referenced,2021-05-28T01:55:26Z,NA,rjl493456442,User,NA,2021-05-28
ethereum/go-ethereum,137,referenced,2021-08-13T20:23:09Z,NA,maoueh,User,NA,2021-08-13
ethereum/go-ethereum,137,referenced,2022-01-20T19:04:37Z,NA,tony-ricciardi,User,NA,2022-01-20
ethereum/go-ethereum,137,referenced,2022-11-21T21:49:36Z,NA,jsign,User,NA,2022-11-21
ethereum/go-ethereum,137,referenced,2022-12-20T19:30:26Z,NA,MariusVanDerWijden,User,NA,2022-12-20
ethereum/go-ethereum,137,referenced,2023-01-04T20:13:56Z,NA,joshuacolvin0,User,NA,2023-01-04
ethereum/go-ethereum,137,referenced,2023-08-29T04:05:52Z,NA,rjl493456442,User,NA,2023-08-29
ethereum/go-ethereum,137,referenced,2023-09-27T09:36:11Z,NA,weiihann,User,NA,2023-09-27
ethereum/go-ethereum,137,referenced,2024-04-04T13:21:17Z,NA,atenjin,User,NA,2024-04-04
ethereum/go-ethereum,140,committed,2014-10-14T17:38:38Z,NA,fjl,User,0aea5fc4a3ed9c08272d3a894c0a31212dc25a7a,2014-10-14
ethereum/go-ethereum,140,referenced,2014-10-17T15:10:30Z,NA,obscuren,User,NA,2014-10-17
ethereum/go-ethereum,140,merged,2014-10-17T15:10:30Z,NA,obscuren,User,NA,2014-10-17
ethereum/go-ethereum,140,closed,2014-10-17T15:10:30Z,NA,obscuren,User,NA,2014-10-17
ethereum/go-ethereum,140,head_ref_deleted,2015-05-15T21:14:10Z,NA,fjl,User,NA,2015-05-15
ethereum/go-ethereum,140,referenced,2017-09-14T16:16:09Z,NA,stevenroose,User,NA,2017-09-14
ethereum/go-ethereum,140,referenced,2020-05-21T18:22:11Z,NA,AusIV,User,NA,2020-05-21
ethereum/go-ethereum,140,referenced,2021-08-13T20:23:09Z,NA,maoueh,User,NA,2021-08-13
ethereum/go-ethereum,140,referenced,2022-01-20T19:04:36Z,NA,tony-ricciardi,User,NA,2022-01-20
ethereum/go-ethereum,140,referenced,2022-12-05T22:14:52Z,NA,jsign,User,NA,2022-12-05
ethereum/go-ethereum,140,referenced,2023-01-04T20:13:56Z,NA,joshuacolvin0,User,NA,2023-01-04
ethereum/go-ethereum,140,cross-referenced,2023-05-24T03:30:33Z,NA,Codyb2021,User,NA,2023-05-24
ethereum/go-ethereum,140,referenced,2023-07-25T19:12:42Z,NA,sbellem,User,NA,2023-07-25
ethereum/go-ethereum,140,referenced,2023-08-29T04:05:52Z,NA,rjl493456442,User,NA,2023-08-29
ethereum/go-ethereum,140,referenced,2023-09-27T09:36:11Z,NA,weiihann,User,NA,2023-09-27
ethereum/go-ethereum,140,referenced,2024-04-04T13:21:17Z,NA,atenjin,User,NA,2024-04-04
ethereum/go-ethereum,138,committed,2014-10-14T23:41:26Z,NA,erezwanderman,User,7227552f429e6ad035b22167d667712e61fcebbb,2014-10-14
ethereum/go-ethereum,138,referenced,2014-10-17T15:26:04Z,NA,obscuren,User,NA,2014-10-17
ethereum/go-ethereum,138,merged,2014-10-17T15:26:04Z,NA,obscuren,User,NA,2014-10-17
ethereum/go-ethereum,138,closed,2014-10-17T15:26:04Z,NA,obscuren,User,NA,2014-10-17
ethereum/go-ethereum,138,referenced,2018-08-16T10:56:39Z,NA,ngtuna,User,NA,2018-08-16
ethereum/go-ethereum,138,referenced,2021-08-13T20:23:09Z,NA,maoueh,User,NA,2021-08-13
ethereum/go-ethereum,138,referenced,2022-01-20T19:04:37Z,NA,tony-ricciardi,User,NA,2022-01-20
ethereum/go-ethereum,138,referenced,2022-12-05T22:14:52Z,NA,jsign,User,NA,2022-12-05
ethereum/go-ethereum,138,referenced,2022-12-20T19:30:26Z,NA,MariusVanDerWijden,User,NA,2022-12-20
ethereum/go-ethereum,138,referenced,2023-01-04T20:13:56Z,NA,joshuacolvin0,User,NA,2023-01-04
ethereum/go-ethereum,138,referenced,2023-08-29T04:05:52Z,NA,rjl493456442,User,NA,2023-08-29
ethereum/go-ethereum,138,referenced,2023-09-27T09:36:11Z,NA,weiihann,User,NA,2023-09-27
ethereum/go-ethereum,138,referenced,2024-12-02T21:33:19Z,NA,s1na,User,NA,2024-12-02
ethereum/go-ethereum,139,committed,2014-10-16T10:07:43Z,NA,fjl,User,0a99719a398756275d77dfa2eace47bfdb442897,2014-10-16
ethereum/go-ethereum,139,referenced,2014-10-17T15:24:51Z,NA,obscuren,User,NA,2014-10-17
ethereum/go-ethereum,139,merged,2014-10-17T15:24:51Z,NA,obscuren,User,NA,2014-10-17
ethereum/go-ethereum,139,closed,2014-10-17T15:24:51Z,NA,obscuren,User,NA,2014-10-17
ethereum/go-ethereum,139,head_ref_deleted,2015-05-15T21:14:10Z,NA,fjl,User,NA,2015-05-15
ethereum/go-ethereum,139,referenced,2021-08-13T20:23:09Z,NA,maoueh,User,NA,2021-08-13
ethereum/go-ethereum,139,referenced,2023-01-04T20:13:56Z,NA,joshuacolvin0,User,NA,2023-01-04
ethereum/go-ethereum,139,referenced,2023-02-23T14:42:26Z,NA,weiihann,User,NA,2023-02-23
ethereum/go-ethereum,139,referenced,2023-07-25T19:12:42Z,NA,sbellem,User,NA,2023-07-25
ethereum/go-ethereum,139,referenced,2024-04-04T13:21:17Z,NA,atenjin,User,NA,2024-04-04
ethereum/go-ethereum,139,referenced,2024-09-19T17:21:11Z,NA,come-maiz,User,NA,2024-09-19
ethereum/go-ethereum,141,committed,2014-10-17T23:14:16Z,NA,thibauld,User,b94dfc8d3a19ade4b93c96ad26800486409c7bfc,2014-10-17
ethereum/go-ethereum,141,referenced,2014-10-18T10:34:03Z,NA,obscuren,User,NA,2014-10-18
ethereum/go-ethereum,141,merged,2014-10-18T10:34:03Z,NA,obscuren,User,NA,2014-10-18
ethereum/go-ethereum,141,closed,2014-10-18T10:34:03Z,NA,obscuren,User,NA,2014-10-18
ethereum/go-ethereum,141,referenced,2017-09-14T16:16:09Z,NA,stevenroose,User,NA,2017-09-14
ethereum/go-ethereum,141,referenced,2018-05-29T00:37:33Z,NA,roveneliah,User,NA,2018-05-29
ethereum/go-ethereum,141,referenced,2021-05-28T01:55:26Z,NA,rjl493456442,User,NA,2021-05-28
ethereum/go-ethereum,141,referenced,2021-08-13T20:23:09Z,NA,maoueh,User,NA,2021-08-13
ethereum/go-ethereum,141,referenced,2023-01-04T20:13:56Z,NA,joshuacolvin0,User,NA,2023-01-04
ethereum/go-ethereum,141,referenced,2023-07-25T19:12:43Z,NA,sbellem,User,NA,2023-07-25
ethereum/go-ethereum,141,referenced,2024-04-04T13:21:17Z,NA,atenjin,User,NA,2024-04-04
ethereum/go-ethereum,141,referenced,2024-09-19T17:21:11Z,NA,come-maiz,User,NA,2024-09-19
ethereum/go-ethereum,142,committed,2014-10-20T01:10:17Z,NA,zelig,User,f58f322179028ff48482b2cb06c4db23096a4adb,2014-10-20
ethereum/go-ethereum,142,committed,2014-10-20T01:19:11Z,NA,zelig,User,ffaa693b7f0298605837e841d941a6455e3c1c20,2014-10-20
ethereum/go-ethereum,142,closed,2015-01-05T00:27:10Z,NA,obscuren,User,NA,2015-01-05
ethereum/go-ethereum,142,head_ref_deleted,2015-03-08T10:06:54Z,NA,zelig,User,NA,2015-03-08
ethereum/go-ethereum,142,referenced,2018-05-31T01:22:27Z,NA,roveneliah,User,NA,2018-05-31
ethereum/go-ethereum,142,referenced,2018-08-17T07:28:28Z,NA,ngtuna,User,NA,2018-08-17
ethereum/go-ethereum,142,referenced,2021-08-13T20:23:09Z,NA,maoueh,User,NA,2021-08-13
ethereum/go-ethereum,142,referenced,2023-02-23T14:42:25Z,NA,weiihann,User,NA,2023-02-23
ethereum/go-ethereum,142,referenced,2023-07-25T19:12:43Z,NA,sbellem,User,NA,2023-07-25
ethereum/go-ethereum,142,referenced,2024-04-04T13:21:17Z,NA,atenjin,User,NA,2024-04-04
ethereum/go-ethereum,142,referenced,2024-09-19T17:21:11Z,NA,come-maiz,User,NA,2024-09-19
ethereum/go-ethereum,142,referenced,2024-12-02T21:33:19Z,NA,s1na,User,NA,2024-12-02
ethereum/go-ethereum,149,committed,2014-10-22T21:50:47Z,NA,,,53d5c490beac3e5bad4b149fa947393aacface8f,2014-10-22
ethereum/go-ethereum,149,committed,2014-10-22T22:00:22Z,NA,,,1880c6b3dc837165b7c9ed9bcefefada4f627b58,2014-10-22
ethereum/go-ethereum,149,referenced,2014-10-22T22:30:38Z,NA,obscuren,User,NA,2014-10-22
ethereum/go-ethereum,149,merged,2014-10-22T22:30:38Z,NA,obscuren,User,NA,2014-10-22
ethereum/go-ethereum,149,closed,2014-10-22T22:30:38Z,NA,obscuren,User,NA,2014-10-22
ethereum/go-ethereum,149,commented,2014-10-22T22:30:41Z,CONTRIBUTOR,obscuren,User,NA,2014-10-22
ethereum/go-ethereum,149,renamed,2014-10-23T14:47:27Z,NA,obscuren,User,NA,2014-10-23
ethereum/go-ethereum,149,referenced,2017-09-14T16:16:09Z,NA,stevenroose,User,NA,2017-09-14
ethereum/go-ethereum,149,referenced,2018-06-07T17:34:41Z,NA,roveneliah,User,NA,2018-06-07
ethereum/go-ethereum,149,referenced,2018-08-20T03:15:20Z,NA,ngtuna,User,NA,2018-08-20
ethereum/go-ethereum,149,referenced,2021-05-28T01:55:27Z,NA,rjl493456442,User,NA,2021-05-28
ethereum/go-ethereum,149,referenced,2021-08-13T20:23:10Z,NA,maoueh,User,NA,2021-08-13
ethereum/go-ethereum,149,referenced,2022-01-20T19:04:36Z,NA,tony-ricciardi,User,NA,2022-01-20
ethereum/go-ethereum,149,referenced,2023-01-04T20:13:57Z,NA,joshuacolvin0,User,NA,2023-01-04
ethereum/go-ethereum,149,referenced,2023-02-23T14:42:26Z,NA,weiihann,User,NA,2023-02-23
ethereum/go-ethereum,149,referenced,2024-04-04T13:21:18Z,NA,atenjin,User,NA,2024-04-04
ethereum/go-ethereum,149,referenced,2024-09-19T17:21:11Z,NA,come-maiz,User,NA,2024-09-19
ethereum/go-ethereum,149,referenced,2024-12-02T21:33:19Z,NA,s1na,User,NA,2024-12-02
ethereum/go-ethereum,149,referenced,2025-01-30T17:46:43Z,NA,ryanschneider,User,NA,2025-01-30
ethereum/go-ethereum,148,committed,2014-10-22T21:56:40Z,NA,waffle-iron,User,6247a99f413da212c7f2f4157fe897edcfa0f14a,2014-10-22
ethereum/go-ethereum,148,referenced,2014-10-22T23:03:05Z,NA,obscuren,User,NA,2014-10-22
ethereum/go-ethereum,148,merged,2014-10-22T23:03:05Z,NA,obscuren,User,NA,2014-10-22
ethereum/go-ethereum,148,closed,2014-10-22T23:03:05Z,NA,obscuren,User,NA,2014-10-22
ethereum/go-ethereum,148,referenced,2018-08-20T03:15:20Z,NA,ngtuna,User,NA,2018-08-20
ethereum/go-ethereum,148,referenced,2021-08-13T20:23:10Z,NA,maoueh,User,NA,2021-08-13
ethereum/go-ethereum,148,referenced,2022-01-20T19:04:36Z,NA,tony-ricciardi,User,NA,2022-01-20
ethereum/go-ethereum,148,referenced,2024-04-04T13:21:18Z,NA,atenjin,User,NA,2024-04-04
ethereum/go-ethereum,148,referenced,2024-09-19T17:21:11Z,NA,come-maiz,User,NA,2024-09-19
ethereum/go-ethereum,148,referenced,2025-01-30T17:46:43Z,NA,ryanschneider,User,NA,2025-01-30
ethereum/go-ethereum,152,committed,2014-10-23T15:57:54Z,NA,zelig,User,771fbcc02e6d10cdf4cda2e8ec8ea23f11066feb,2014-10-23
ethereum/go-ethereum,152,labeled,2014-10-24T11:20:38Z,NA,zelig,User,NA,2014-10-24
ethereum/go-ethereum,152,referenced,2014-10-24T11:20:50Z,NA,zelig,User,NA,2014-10-24
ethereum/go-ethereum,152,merged,2014-10-24T11:20:50Z,NA,zelig,User,NA,2014-10-24
ethereum/go-ethereum,152,closed,2014-10-24T11:20:50Z,NA,zelig,User,NA,2014-10-24
ethereum/go-ethereum,152,unlabeled,2014-10-24T11:20:51Z,NA,zelig,User,NA,2014-10-24
ethereum/go-ethereum,152,cross-referenced,2014-10-29T02:10:50Z,NA,obscuren,User,NA,2014-10-29
ethereum/go-ethereum,152,head_ref_deleted,2015-03-08T10:06:53Z,NA,zelig,User,NA,2015-03-08
ethereum/go-ethereum,152,referenced,2018-08-21T08:31:00Z,NA,ngtuna,User,NA,2018-08-21
ethereum/go-ethereum,152,referenced,2021-08-13T20:23:10Z,NA,maoueh,User,NA,2021-08-13
ethereum/go-ethereum,152,referenced,2023-01-04T20:13:57Z,NA,joshuacolvin0,User,NA,2023-01-04
ethereum/go-ethereum,152,referenced,2023-02-23T14:42:26Z,NA,weiihann,User,NA,2023-02-23
ethereum/go-ethereum,152,referenced,2024-04-04T13:21:18Z,NA,atenjin,User,NA,2024-04-04
ethereum/go-ethereum,166,committed,2014-10-29T02:00:29Z,NA,fjl,User,8170f96dedb983c391d26378726d7fd6921ff959,2014-10-29
ethereum/go-ethereum,166,committed,2014-10-29T02:01:20Z,NA,fjl,User,e252dbf989f8a8e08e3edcaf075febee315e53fd,2014-10-29
ethereum/go-ethereum,166,labeled,2014-10-29T02:04:20Z,NA,obscuren,User,NA,2014-10-29
ethereum/go-ethereum,166,assigned,2014-10-29T17:49:03Z,NA,fjl,User,NA,2014-10-29
ethereum/go-ethereum,166,referenced,2014-10-29T20:09:32Z,NA,obscuren,User,NA,2014-10-29
ethereum/go-ethereum,166,merged,2014-10-29T20:09:32Z,NA,obscuren,User,NA,2014-10-29
ethereum/go-ethereum,166,closed,2014-10-29T20:09:32Z,NA,obscuren,User,NA,2014-10-29
ethereum/go-ethereum,166,unlabeled,2014-10-29T20:09:33Z,NA,obscuren,User,NA,2014-10-29
ethereum/go-ethereum,166,head_ref_deleted,2015-05-15T21:14:11Z,NA,fjl,User,NA,2015-05-15
ethereum/go-ethereum,166,referenced,2018-09-06T08:02:22Z,NA,ngtuna,User,NA,2018-09-06
ethereum/go-ethereum,166,referenced,2020-11-12T23:00:53Z,NA,AusIV,User,NA,2020-11-12
ethereum/go-ethereum,166,referenced,2021-08-13T20:23:10Z,NA,maoueh,User,NA,2021-08-13
ethereum/go-ethereum,166,referenced,2022-01-20T19:04:37Z,NA,tony-ricciardi,User,NA,2022-01-20
ethereum/go-ethereum,167,committed,2014-10-29T02:50:20Z,NA,fjl,User,6b3f5fb82b0304f477a1c36b68b0d07232405aff,2014-10-29
ethereum/go-ethereum,167,labeled,2014-10-29T02:53:52Z,NA,fjl,User,NA,2014-10-29
ethereum/go-ethereum,167,renamed,2014-10-29T02:54:48Z,NA,fjl,User,NA,2014-10-29
ethereum/go-ethereum,167,assigned,2014-10-29T17:49:14Z,NA,fjl,User,NA,2014-10-29
ethereum/go-ethereum,167,referenced,2014-10-29T20:10:04Z,NA,obscuren,User,NA,2014-10-29
ethereum/go-ethereum,167,merged,2014-10-29T20:10:04Z,NA,obscuren,User,NA,2014-10-29
ethereum/go-ethereum,167,closed,2014-10-29T20:10:04Z,NA,obscuren,User,NA,2014-10-29
ethereum/go-ethereum,167,unlabeled,2014-10-29T20:10:09Z,NA,obscuren,User,NA,2014-10-29
ethereum/go-ethereum,167,head_ref_deleted,2015-05-15T21:14:12Z,NA,fjl,User,NA,2015-05-15
ethereum/go-ethereum,167,referenced,2018-09-06T08:02:22Z,NA,ngtuna,User,NA,2018-09-06
ethereum/go-ethereum,167,referenced,2021-08-13T20:23:10Z,NA,maoueh,User,NA,2021-08-13
ethereum/go-ethereum,167,referenced,2022-01-20T19:04:37Z,NA,tony-ricciardi,User,NA,2022-01-20
ethereum/go-ethereum,167,referenced,2023-02-23T14:42:28Z,NA,weiihann,User,NA,2023-02-23
ethereum/go-ethereum,167,referenced,2024-04-04T13:21:19Z,NA,atenjin,User,NA,2024-04-04
ethereum/go-ethereum,168,committed,2014-10-29T17:35:33Z,NA,fjl,User,051af604e2f076e131875d558b052a4e4d1bf713,2014-10-29
ethereum/go-ethereum,168,committed,2014-10-29T17:38:05Z,NA,fjl,User,d9bccdde234f2493722d8fadfffecc5ef2e27b9b,2014-10-29
ethereum/go-ethereum,168,committed,2014-10-29T17:38:52Z,NA,fjl,User,56014844a960ea59f18e3d6b4662a7674ac9c78d,2014-10-29
ethereum/go-ethereum,168,committed,2014-10-29T17:39:51Z,NA,fjl,User,38034c306693cd0acbc4edb0d0afde1f2e525bf6,2014-10-29
ethereum/go-ethereum,168,labeled,2014-10-29T17:47:31Z,NA,fjl,User,NA,2014-10-29
ethereum/go-ethereum,168,assigned,2014-10-29T17:47:42Z,NA,fjl,User,NA,2014-10-29
ethereum/go-ethereum,168,committed,2014-10-29T17:50:17Z,NA,fjl,User,4cf69d7cd34394fa7408bb5a6e152610a9daa81c,2014-10-29
ethereum/go-ethereum,168,head_ref_force_pushed,2014-10-29T17:54:47Z,NA,fjl,User,NA,2014-10-29
ethereum/go-ethereum,168,referenced,2014-10-29T18:48:38Z,NA,obscuren,User,NA,2014-10-29
ethereum/go-ethereum,168,merged,2014-10-29T18:48:38Z,NA,obscuren,User,NA,2014-10-29
ethereum/go-ethereum,168,closed,2014-10-29T18:48:39Z,NA,obscuren,User,NA,2014-10-29
ethereum/go-ethereum,168,unlabeled,2014-10-29T18:48:39Z,NA,obscuren,User,NA,2014-10-29
ethereum/go-ethereum,168,head_ref_deleted,2015-05-15T21:14:13Z,NA,fjl,User,NA,2015-05-15
ethereum/go-ethereum,168,referenced,2018-09-10T07:07:06Z,NA,ngtuna,User,NA,2018-09-10
ethereum/go-ethereum,168,referenced,2020-11-12T23:00:55Z,NA,AusIV,User,NA,2020-11-12
ethereum/go-ethereum,168,referenced,2021-08-13T20:23:10Z,NA,maoueh,User,NA,2021-08-13
ethereum/go-ethereum,168,referenced,2022-01-20T19:04:37Z,NA,tony-ricciardi,User,NA,2022-01-20
ethereum/go-ethereum,168,referenced,2023-01-04T20:13:58Z,NA,joshuacolvin0,User,NA,2023-01-04
ethereum/go-ethereum,168,referenced,2023-02-23T14:42:28Z,NA,weiihann,User,NA,2023-02-23
ethereum/go-ethereum,168,referenced,2023-03-02T14:14:51Z,NA,jsign,User,NA,2023-03-02
ethereum/go-ethereum,168,referenced,2024-05-13T17:27:00Z,NA,billettc,User,NA,2024-05-13
ethereum/go-ethereum,256,committed,2014-10-30T18:28:10Z,NA,,,439561a5fa352e087ef3e3d4ccee0c4fe7ec66fd,2014-10-30
ethereum/go-ethereum,256,committed,2014-10-31T07:26:41Z,NA,,,273b0f634f7beb3cdf5db0e592221dc88bc33c78,2014-10-31
ethereum/go-ethereum,256,committed,2014-10-31T07:50:25Z,NA,,,272c568bfcb42257bd9f7b6dd5b06cfaa37e0ca7,2014-10-31
ethereum/go-ethereum,256,committed,2014-10-31T10:09:53Z,NA,,,350b004e7959c9b7193e1bb8b7a9059b096c3cbe,2014-10-31
ethereum/go-ethereum,256,committed,2014-10-31T10:14:25Z,NA,,,72398d2c267bf2efb8fc959b6b608a6f1aaebc85,2014-10-31
ethereum/go-ethereum,256,committed,2014-10-31T14:16:34Z,NA,,,33cc50d1303ca22fb6496952e524c7f139443331,2014-10-31
ethereum/go-ethereum,256,committed,2014-10-31T14:17:03Z,NA,,,b5abb70075d694f1dfa046bc6ab6381e8e3b3e27,2014-10-31
ethereum/go-ethereum,256,committed,2014-10-31T14:28:27Z,NA,,,aaaf5439fbdcee15da7579125e8601ecb0fe4544,2014-10-31
ethereum/go-ethereum,256,committed,2014-10-31T14:46:32Z,NA,azawlocki,User,40561b1270f0cb555d5650017857e83d7665e896,2014-10-31
ethereum/go-ethereum,256,committed,2014-10-31T14:50:03Z,NA,,,8ee32d91976e591e2aa024392fbcd051564c5b74,2014-10-31
ethereum/go-ethereum,256,committed,2014-10-31T15:08:10Z,NA,azawlocki,User,b6b4f5f639b861ad06b61460740701ffef101bdc,2014-10-31
ethereum/go-ethereum,256,committed,2014-10-31T15:09:08Z,NA,,,a44a7ab4ad18b333355ed4b31f2f5ac329e69c2b,2014-10-31
ethereum/go-ethereum,256,committed,2014-10-31T15:38:19Z,NA,,,3fc508f6b3bd3731cc3c87e017fb152cb184d114,2014-10-31
ethereum/go-ethereum,256,committed,2014-10-31T15:46:05Z,NA,azawlocki,User,6f99869d578d27957e54192c1c7d91ff8b357949,2014-10-31
ethereum/go-ethereum,256,committed,2014-10-31T15:46:44Z,NA,azawlocki,User,8f7b5d6a25b7473855472c2ec7622d273293e4c1,2014-10-31
ethereum/go-ethereum,256,committed,2014-10-31T15:47:03Z,NA,,,172fc1c06bedaed01243f1d8252814a838c8b892,2014-10-31
ethereum/go-ethereum,256,committed,2014-10-31T15:47:36Z,NA,azawlocki,User,ee0e2d310212683939b1f05225145ffe612dd6b0,2014-10-31
ethereum/go-ethereum,256,committed,2014-10-31T15:47:55Z,NA,,,29432beef82a42bff2e41a2e2bfba6202a9833ee,2014-10-31
ethereum/go-ethereum,256,committed,2014-10-31T15:59:21Z,NA,,,c91c5df4f68b2af29d45f16f4a3b6a0085c8cb4b,2014-10-31
ethereum/go-ethereum,256,committed,2014-11-03T10:31:09Z,NA,azawlocki,User,9a0f9d3e3c9c10812da1f438285bacaa60a8de69,2014-11-03
ethereum/go-ethereum,256,committed,2014-11-03T10:31:34Z,NA,azawlocki,User,cb870520b2ac0b3487d0bcca3fceb28d4df2e198,2014-11-03
ethereum/go-ethereum,256,committed,2014-11-03T16:04:31Z,NA,azawlocki,User,ae9f57f6870f46279a855d6f109757f9f4d2ef32,2014-11-03
ethereum/go-ethereum,256,committed,2014-11-04T20:23:24Z,NA,azawlocki,User,4b4265c16085a5d380213c85dfc748c10a48afb3,2014-11-04
ethereum/go-ethereum,256,committed,2014-11-04T22:02:11Z,NA,azawlocki,User,7305fb32d36477a144061be8cefdab193f3ab86b,2014-11-04
ethereum/go-ethereum,256,committed,2014-11-06T17:01:09Z,NA,,,47e654c06da067696df0af51ebd7abe0a587d3b2,2014-11-06
ethereum/go-ethereum,256,committed,2014-11-13T15:57:01Z,NA,azawlocki,User,cdcbb6be12cb009b899f51d7b6635d90c5c54cb4,2014-11-13
ethereum/go-ethereum,256,committed,2014-11-13T16:03:39Z,NA,azawlocki,User,c907c71f8ae4403b6a06da42b333fca4593da979,2014-11-13
ethereum/go-ethereum,256,committed,2014-11-14T09:51:47Z,NA,,,2bd4d6cd07aed92194bae57064e2b4d14f47afb6,2014-11-14
ethereum/go-ethereum,256,committed,2014-11-14T10:07:05Z,NA,,,86334f5eff90e4baa555f72e0a2bbb5b664ea27e,2014-11-14
ethereum/go-ethereum,256,committed,2014-11-14T10:45:05Z,NA,,,320bdf5cad502f5dd6826b642379d9cbd22371fa,2014-11-14
ethereum/go-ethereum,256,committed,2014-11-14T13:39:06Z,NA,azawlocki,User,aa7fc792062ebdd52c97fac20e14ad6a46bf4886,2014-11-14
ethereum/go-ethereum,256,committed,2014-11-14T13:40:34Z,NA,azawlocki,User,89e6d2f3e663653f4218374267b2b4f3c0164487,2014-11-14
ethereum/go-ethereum,256,committed,2014-11-14T14:06:38Z,NA,,,f7d6554ad6009b30d5d55105bbe8b9b0f9497db6,2014-11-14
ethereum/go-ethereum,256,committed,2014-11-17T17:10:54Z,NA,azawlocki,User,3517bfc6d0cda5fe229ac0bf65195f6946e424cd,2014-11-17
ethereum/go-ethereum,256,committed,2014-11-24T21:42:50Z,NA,azawlocki,User,d77ee403d563a1509c7fe68e34045eda2f8af7c1,2014-11-24
ethereum/go-ethereum,256,committed,2014-11-24T23:42:07Z,NA,azawlocki,User,bf6a4d4042dfe0317e41616c6e95aeeddaf2b435,2014-11-24
ethereum/go-ethereum,256,committed,2014-11-26T19:29:26Z,NA,chfast,User,c2c96e609f3389f4625437cd3d67b23054cd0a78,2014-11-26
ethereum/go-ethereum,256,committed,2014-11-27T23:37:24Z,NA,azawlocki,User,f72cceda5837c5668a7067785a3cf41418e94510,2014-11-27
ethereum/go-ethereum,256,committed,2014-11-27T23:40:08Z,NA,azawlocki,User,30eea6ea05b4f1507e27a97e9960d1bb04931b69,2014-11-27
ethereum/go-ethereum,256,committed,2014-11-28T10:56:50Z,NA,azawlocki,User,fdd5275a835d302e556c982b10cc600d60483544,2014-11-28
ethereum/go-ethereum,256,committed,2014-11-28T14:25:41Z,NA,azawlocki,User,94e41d815bc6f77fa35032ea865883a78e51c841,2014-11-28
ethereum/go-ethereum,256,committed,2014-12-01T14:58:49Z,NA,,,dc82664ede1db5717ca7c76a960ccc875484f622,2014-12-01
ethereum/go-ethereum,256,committed,2014-12-02T15:55:45Z,NA,,,5f61bdcca084241dc09933692cbb65a579ced139,2014-12-02
ethereum/go-ethereum,256,committed,2014-12-03T10:57:38Z,NA,,,99c7113079d2be29355073897cfa69d6f3b360ff,2014-12-03
ethereum/go-ethereum,256,committed,2014-12-03T10:59:24Z,NA,,,68648a2fb5438e21d5a3341a0a54ddfe811a9f4a,2014-12-03
ethereum/go-ethereum,256,committed,2014-12-03T12:52:53Z,NA,,,aa771582a76c5b0443acca1123603fac94d8dcec,2014-12-03
ethereum/go-ethereum,256,committed,2014-12-03T13:21:57Z,NA,,,0509b3bddd004a1496a708574311b07c544c8d34,2014-12-03
ethereum/go-ethereum,256,committed,2014-12-03T13:35:12Z,NA,,,bb6e6035684db887ab0b4897a6688cb4848f326e,2014-12-03
ethereum/go-ethereum,256,committed,2014-12-03T13:49:57Z,NA,,,8672c4b65a954620f896f8f283c7aad83fec0788,2014-12-03
ethereum/go-ethereum,256,committed,2014-12-03T14:02:50Z,NA,,,49b82cdbac09c3c2058e0b4326645e5da37f7133,2014-12-03
ethereum/go-ethereum,256,committed,2014-12-03T16:03:04Z,NA,,,3298e102af98d3bbe1b26a6ae61f037693a12c32,2014-12-03
ethereum/go-ethereum,256,committed,2014-12-03T16:18:25Z,NA,,,a0d0f85dd04ac0531f27913523700fada1d7df63,2014-12-03
ethereum/go-ethereum,256,committed,2014-12-03T16:38:19Z,NA,,,7db676c0122efab82ba1cddbdd2be0e2d22ba9c5,2014-12-03
ethereum/go-ethereum,256,committed,2014-12-04T10:24:22Z,NA,,,b8e0ad1fd433b228f4123bfaa399fde7ce282182,2014-12-04
ethereum/go-ethereum,256,committed,2014-12-04T13:37:07Z,NA,,,969f1b54a32890e6f7bf6a53750931edb09f0ce2,2014-12-04
ethereum/go-ethereum,256,committed,2014-12-04T14:10:53Z,NA,,,2b4430eedfa0614ff765c317ffa2d2c01d31acf9,2014-12-04
ethereum/go-ethereum,256,committed,2014-12-04T14:22:26Z,NA,,,ddfe85bd3390655033d3b8d82a37abf03d412045,2014-12-04
ethereum/go-ethereum,256,committed,2014-12-04T14:25:53Z,NA,,,259d1d20964c6480eb7384a03110cb74495fb23b,2014-12-04
ethereum/go-ethereum,256,committed,2014-12-04T14:39:36Z,NA,,,cc6bb83fc6778a765321d025e756591ada648a99,2014-12-04
ethereum/go-ethereum,256,committed,2014-12-04T15:18:06Z,NA,,,4fc4e76fa5744fa522b3dc3fa0b1338bc364f30b,2014-12-04
ethereum/go-ethereum,256,committed,2014-12-04T15:21:13Z,NA,,,116ce60b1c0aa69df406ef2c390fd1ffa12a7952,2014-12-04
ethereum/go-ethereum,256,committed,2014-12-04T15:28:47Z,NA,,,408fda8498899ae4dba6642da9450fbf11493dca,2014-12-04
ethereum/go-ethereum,256,committed,2014-12-04T15:52:16Z,NA,,,6f84f3d1ade42bcacc99533d4807b9b759a5938b,2014-12-04
ethereum/go-ethereum,256,committed,2014-12-04T16:32:12Z,NA,,,69dae9a83a9cf958517ca63057336008dc3b5459,2014-12-04
ethereum/go-ethereum,256,committed,2014-12-04T17:18:39Z,NA,,,63719d24bcd94c5b5c6bd701d14cdeb927bd9832,2014-12-04
ethereum/go-ethereum,256,committed,2014-12-04T18:27:08Z,NA,,,4366542b63e9780d84dba404b868b69aad6d1789,2014-12-04
ethereum/go-ethereum,256,committed,2014-12-04T19:12:05Z,NA,,,58d2bfbd8a0af5e1fa5088ff04e5e7dc25c81e31,2014-12-04
ethereum/go-ethereum,256,committed,2014-12-04T19:31:56Z,NA,,,5362d5056d8384610d9c546ff00b3d606fcaae39,2014-12-04
ethereum/go-ethereum,256,committed,2014-12-04T20:05:40Z,NA,,,b98725861d5c942677f35a32a1f49b855f45e188,2014-12-04
ethereum/go-ethereum,256,committed,2014-12-05T07:43:34Z,NA,,,adb5a6869f8a843561641f28c879420b4b166400,2014-12-05
ethereum/go-ethereum,256,committed,2014-12-05T07:45:20Z,NA,,,c6fcdbc7d650054c4ed597e735633a45144dc3df,2014-12-05
ethereum/go-ethereum,256,committed,2014-12-05T09:11:44Z,NA,,,2b9b53024dfa62b62a322909a43154f65f29d4ce,2014-12-05
ethereum/go-ethereum,256,committed,2014-12-05T10:40:06Z,NA,,,bd40486c7b4f8665c474853ae1cd4697a3360f36,2014-12-05
ethereum/go-ethereum,256,committed,2014-12-05T11:40:27Z,NA,azawlocki,User,46d19261d3d73823630dd36449d3965f627a7f2a,2014-12-05
ethereum/go-ethereum,256,committed,2014-12-05T11:49:09Z,NA,,,2fd2446330a910ac2cabf4f8e94712853a9cdbbe,2014-12-05
ethereum/go-ethereum,256,committed,2014-12-05T11:51:42Z,NA,,,9452da9ea1ff81ee828da197da508bbd1fb0e8fc,2014-12-05
ethereum/go-ethereum,256,committed,2014-12-05T11:52:51Z,NA,,,e3ccc03fdeb7f6e83dc8394eae8509871712fd35,2014-12-05
ethereum/go-ethereum,256,committed,2014-12-05T12:23:15Z,NA,,,5f4c1c7466ca6dcae29b334f696b86b146191ae6,2014-12-05
ethereum/go-ethereum,256,committed,2014-12-05T13:00:15Z,NA,,,b1765749f5f1de3803b8710a2bad7c624b2fc357,2014-12-05
ethereum/go-ethereum,256,committed,2014-12-05T13:01:10Z,NA,,,b07f25da4a65a17f5689161775aad135ddd58778,2014-12-05
ethereum/go-ethereum,256,committed,2014-12-05T14:11:19Z,NA,azawlocki,User,63d699792c7609278f6d84d5f865b84587dfcfae,2014-12-05
ethereum/go-ethereum,256,committed,2014-12-05T14:12:20Z,NA,azawlocki,User,c9f5694a285412f693b160cf83e6258b0c41c504,2014-12-05
ethereum/go-ethereum,256,committed,2014-12-05T14:38:19Z,NA,,,b1b94de243e8dd3a36b8be42794ed70a09271cfe,2014-12-05
ethereum/go-ethereum,256,committed,2014-12-12T10:54:25Z,NA,,,b3a17341e4ee3f2af12270d92cf404293deefc73,2014-12-12
ethereum/go-ethereum,256,committed,2014-12-12T13:20:00Z,NA,,,2a7111ce4187eb4eb8edac7eed30652638db2585,2014-12-12
ethereum/go-ethereum,256,committed,2014-12-12T14:27:50Z,NA,,,7c9cf6e5e761951a2f001892a9835dd303859513,2014-12-12
ethereum/go-ethereum,256,committed,2014-12-12T15:28:09Z,NA,,,da02a1869d7537fe15862324cfda2645d7162603,2014-12-12
ethereum/go-ethereum,256,committed,2014-12-12T17:51:11Z,NA,,,70348d95866efb19e798cf1f13958f0be9a7c836,2014-12-12
ethereum/go-ethereum,256,committed,2014-12-12T17:51:53Z,NA,,,6e318f881609da7507250929abf2f014de939066,2014-12-12
ethereum/go-ethereum,256,committed,2014-12-15T11:16:44Z,NA,,,45fb3f5625e5ce01c69cd7ce47f94c1a6da39ef1,2014-12-15
ethereum/go-ethereum,256,committed,2014-12-15T11:19:49Z,NA,,,dc4bc0e9bf43475d2fb993e5af7d82d6d4ba9a76,2014-12-15
ethereum/go-ethereum,256,committed,2014-12-15T14:12:31Z,NA,,,dbf8174fc6f8be9e6d1e62a627388fa23eb2308f,2014-12-15
ethereum/go-ethereum,256,committed,2014-12-16T13:46:36Z,NA,,,70279f86796ae883a1dfb9b84ebd293cc6e0aff1,2014-12-16
ethereum/go-ethereum,256,committed,2014-12-16T15:41:52Z,NA,,,4a9d08d1b03149b5559efc7f8869f157da179787,2014-12-16
ethereum/go-ethereum,256,committed,2014-12-16T16:25:14Z,NA,,,2e1c90f828e83b249476c2be0bc1221af4fb719c,2014-12-16
ethereum/go-ethereum,256,committed,2014-12-16T16:35:28Z,NA,,,47d92e933ae22cf3a827cc5181cfa154d55b81c0,2014-12-16
ethereum/go-ethereum,256,committed,2014-12-16T17:39:44Z,NA,,,91cd37e98dd558d688c5aa57f3fdcf5b3b8dd859,2014-12-16
ethereum/go-ethereum,256,committed,2014-12-16T17:40:19Z,NA,,,c2699b32eea1b9a826c056b66837d487f42ef934,2014-12-16
ethereum/go-ethereum,256,committed,2014-12-16T18:13:39Z,NA,,,077cf7be5daa9fa3a1228cc995df9b5955c4eb4a,2014-12-16
ethereum/go-ethereum,256,committed,2014-12-16T18:52:02Z,NA,,,76d30b8f9f0f0e8b1b4786e8438c6eb105be2da9,2014-12-16
ethereum/go-ethereum,256,committed,2014-12-16T19:14:47Z,NA,,,49bd78b4043081b7679f1ed826c676b1f70d9b97,2014-12-16
ethereum/go-ethereum,256,committed,2014-12-17T13:41:09Z,NA,,,8f3edbcdb3140b7db624463f921d27fcb39d9de9,2014-12-17
ethereum/go-ethereum,256,committed,2014-12-17T13:41:24Z,NA,,,dd63bb30eb2e0253616a81f366682826153feae5,2014-12-17
ethereum/go-ethereum,256,committed,2014-12-17T14:38:33Z,NA,,,a4927609d7cc3dd81bb622b0c2a507f57368e6f3,2014-12-17
ethereum/go-ethereum,256,committed,2014-12-17T16:53:06Z,NA,,,0a642457f7c821f0ae5f233f518fe749f521faee,2014-12-17
ethereum/go-ethereum,256,committed,2014-12-17T16:54:51Z,NA,,,b37ce8e9727683b8c7afb84520f42a908318f8d8,2014-12-17
ethereum/go-ethereum,256,committed,2014-12-18T12:00:59Z,NA,,,bd85efa299e661228a1ac6283b5fad14e09f88d9,2014-12-18
ethereum/go-ethereum,256,committed,2014-12-18T12:01:45Z,NA,,,2332595c9c0d315dc9ecde22d236ae477b931863,2014-12-18
ethereum/go-ethereum,256,committed,2014-12-18T13:20:04Z,NA,,,de22a0a1329198cff8337c2655ff040a49419da1,2014-12-18
ethereum/go-ethereum,256,committed,2014-12-18T13:27:59Z,NA,,,2b83b75c4b1885193bb05dcb4ecafe995c69ca35,2014-12-18
ethereum/go-ethereum,256,committed,2014-12-18T13:29:51Z,NA,,,98b265b8a2e693645b584729bee6d3e9d7f1099d,2014-12-18
ethereum/go-ethereum,256,committed,2014-12-18T13:32:30Z,NA,,,6543cc4bfc6fadd9474a0a2f71cbf3a2f5a21b75,2014-12-18
ethereum/go-ethereum,256,committed,2014-12-18T14:01:55Z,NA,,,8287c6040a4900cb8b091ffbe284c7f478c60c49,2014-12-18
ethereum/go-ethereum,256,committed,2014-12-19T11:32:01Z,NA,,,232f9fee527e454f4008c2c03a9c7dac1c5c85ff,2014-12-19
ethereum/go-ethereum,256,committed,2014-12-20T09:39:07Z,NA,chfast,User,ed63ced24456c28b6dba345b8fc61e680ed406d7,2014-12-20
ethereum/go-ethereum,256,committed,2014-12-21T00:30:25Z,NA,chfast,User,1b490244bf4864b96448d56a7cd20f3d5b0a0b9b,2014-12-21
ethereum/go-ethereum,256,committed,2014-12-22T13:16:42Z,NA,chfast,User,66d5a2b5cdf1361dcf0205b191dd12be090ed224,2014-12-22
ethereum/go-ethereum,256,committed,2014-12-22T19:14:08Z,NA,chfast,User,6094aa30add22d56bee145bbb4a7d440c08db5c8,2014-12-22
ethereum/go-ethereum,256,committed,2014-12-22T21:16:37Z,NA,chfast,User,75fa67200e718bf9fdff2aa1f65f17d757667dca,2014-12-22
ethereum/go-ethereum,256,committed,2014-12-22T21:16:46Z,NA,chfast,User,20190b145b45bdf1afec71f11cc6de592d0a9f8c,2014-12-22
ethereum/go-ethereum,256,committed,2014-12-22T21:54:51Z,NA,chfast,User,43e08ea32d9aa965315cdf9b507c9c844b28614c,2014-12-22
ethereum/go-ethereum,256,committed,2014-12-22T22:52:33Z,NA,chfast,User,4254b3fec10f4cf2e2e9fd57623766550fe029f3,2014-12-22
ethereum/go-ethereum,256,committed,2014-12-22T23:03:31Z,NA,chfast,User,30f0a7a8948cc2a1c45f92c6965de0f2e3ee48dc,2014-12-22
ethereum/go-ethereum,256,committed,2014-12-22T23:41:45Z,NA,chfast,User,eaed9c3c4ffb9a8da6d602ade83f541fc34591b5,2014-12-22
ethereum/go-ethereum,256,committed,2014-12-22T23:49:01Z,NA,chfast,User,6acbfe07b27cafd6eb1438c01924e3d3193aaa59,2014-12-22
ethereum/go-ethereum,256,committed,2014-12-22T23:49:23Z,NA,chfast,User,69930b9bcd27bb46d24890889bc1a4bdb2742271,2014-12-22
ethereum/go-ethereum,256,committed,2014-12-29T17:44:05Z,NA,,,c5ebca65d5eaf94663cde58f319958e851c00fd9,2014-12-29
ethereum/go-ethereum,256,committed,2014-12-29T17:54:27Z,NA,,,c5de54dbb0c92af6cfa1e9f76904d29bdb3b1cd9,2014-12-29
ethereum/go-ethereum,256,committed,2014-12-29T18:22:50Z,NA,,,5d5259e4e09797f8924abc9df1d5cd8180d2cc0f,2014-12-29
ethereum/go-ethereum,256,committed,2014-12-29T18:48:02Z,NA,,,90cb4a753e81e8cff1b97ad74efca677508078c5,2014-12-29
ethereum/go-ethereum,256,committed,2014-12-29T18:49:16Z,NA,,,e3245e140be3f8a328bf249f7739b92dab8ef2a9,2014-12-29
ethereum/go-ethereum,256,committed,2014-12-30T12:31:46Z,NA,,,6643af52245a0d98a4e9a8477341f26c93d8ab40,2014-12-30
ethereum/go-ethereum,256,committed,2014-12-30T16:58:10Z,NA,,,f8ffdfa30c4ed9b6d4c04ecd1ef5909a8fda0919,2014-12-30
ethereum/go-ethereum,256,committed,2014-12-30T17:41:18Z,NA,,,713b33ee4260dd549da63ace7af4b722fa460a19,2014-12-30
ethereum/go-ethereum,256,committed,2014-12-30T18:02:36Z,NA,,,9d9e73ac915ba2a232f4310e62d9565f5e375e08,2014-12-30
ethereum/go-ethereum,256,committed,2014-12-30T18:11:09Z,NA,,,fe90c6f107f5ac2b6a84f2b395273520d353d5af,2014-12-30
ethereum/go-ethereum,256,committed,2014-12-31T12:14:50Z,NA,,,ece7fe77820661e27e5e828964fbb442c0a58667,2014-12-31
ethereum/go-ethereum,256,committed,2014-12-31T12:54:43Z,NA,,,de024259c23a4dd83427745c5bfa91aaf0ea9e67,2014-12-31
ethereum/go-ethereum,256,committed,2014-12-31T13:29:49Z,NA,,,28a062318cd1bd66d549397fda993ff186010eb7,2014-12-31
ethereum/go-ethereum,256,committed,2014-12-31T13:52:15Z,NA,,,6a22491af2c684abad353c6599e46c9356c536cb,2014-12-31
ethereum/go-ethereum,256,committed,2014-12-31T13:56:43Z,NA,,,2b31cba5d2b9b9b3fa2f349599cf1c5661072048,2014-12-31
ethereum/go-ethereum,256,committed,2014-12-31T15:04:38Z,NA,,,3df5a125fa0baa579528abce80402118cad803fd,2014-12-31
ethereum/go-ethereum,256,committed,2014-12-31T16:53:46Z,NA,,,5be8c59ff14510d99149099a785e40c29885646c,2014-12-31
ethereum/go-ethereum,256,committed,2015-01-02T11:24:38Z,NA,,,ec30ce47af9bd3be28ec304681c8bb2174c9a154,2015-01-02
ethereum/go-ethereum,256,committed,2015-01-02T13:02:30Z,NA,,,ae6e70913aebc9a4ab645b8ae97cf2c1f715d9a5,2015-01-02
ethereum/go-ethereum,256,committed,2015-01-02T15:05:59Z,NA,,,e12fa127f4f6bf3293c65761cf5825e8d12b32eb,2015-01-02
ethereum/go-ethereum,256,committed,2015-01-02T16:13:09Z,NA,,,533531bd07cb2d95f3fa017231484e91196d87a6,2015-01-02
ethereum/go-ethereum,256,committed,2015-01-07T11:12:16Z,NA,,,9bf0b75159587b016f7d69a2fb7523d0421aa076,2015-01-07
ethereum/go-ethereum,256,committed,2015-01-07T11:58:09Z,NA,,,b77a975a33180994553d65daa4ec6ddf58ef1db8,2015-01-07
ethereum/go-ethereum,256,committed,2015-01-07T12:17:39Z,NA,,,b6248cc38d0da3cc90ffa1fdddfdc9aa1e503cce,2015-01-07
ethereum/go-ethereum,256,committed,2015-01-07T14:08:36Z,NA,,,4f4fc6349a6e838d9bcf983b6b750fcb14a364b6,2015-01-07
ethereum/go-ethereum,256,committed,2015-01-07T14:17:46Z,NA,,,e5d0fb35aab682268d5abfebaddf9c4634f9aaeb,2015-01-07
ethereum/go-ethereum,256,committed,2015-01-07T15:02:16Z,NA,,,5db00adf5659cbe2ba9b4811c7ad8404def95eb5,2015-01-07
ethereum/go-ethereum,256,committed,2015-01-07T15:19:35Z,NA,,,86553cda81eb726327e9ba544caf9e42cea0322b,2015-01-07
ethereum/go-ethereum,256,committed,2015-01-07T19:19:03Z,NA,,,ed614c5d2a76e14f4ed1a65bb4512ec6beb3750d,2015-01-07
ethereum/go-ethereum,256,committed,2015-01-08T09:05:24Z,NA,,,c21237f7b05387bae15de15dc1ad2d42d03246cc,2015-01-08
ethereum/go-ethereum,256,committed,2015-01-08T09:24:38Z,NA,,,024639bef6b9f0daa1a2dae6b7e8a693d9ed6bd9,2015-01-08
ethereum/go-ethereum,256,committed,2015-01-08T09:54:00Z,NA,,,681adc12af6e12e98b1a897f5cebd1c293269185,2015-01-08
ethereum/go-ethereum,256,committed,2015-01-08T10:10:10Z,NA,,,7b9d4956a52c2e8794ac44d44bb44c9b561652af,2015-01-08
ethereum/go-ethereum,256,committed,2015-01-08T10:25:48Z,NA,,,30f3e0d5c0e4e9caf39205bddaee191a9d3c2e76,2015-01-08
ethereum/go-ethereum,256,committed,2015-01-08T10:26:01Z,NA,,,5b4e1300a8fb996bd78070419cf3c1a6fad82c95,2015-01-08
ethereum/go-ethereum,256,committed,2015-01-08T10:41:53Z,NA,,,035c3760e0482bf882800c7b18c87a1cd9cc9648,2015-01-08
ethereum/go-ethereum,256,committed,2015-01-08T11:53:38Z,NA,,,961166443c193be490106684f3c29e894d21dcfd,2015-01-08
ethereum/go-ethereum,256,committed,2015-01-08T14:06:50Z,NA,,,b8f9f3cffe541b1da477463aa6639c498fe138fa,2015-01-08
ethereum/go-ethereum,256,committed,2015-01-08T15:19:11Z,NA,,,b4284f05dcbbc4cb8d7598413fbf0642c92d9d1e,2015-01-08
ethereum/go-ethereum,256,committed,2015-01-09T11:27:07Z,NA,,,bb37986cad4d325a4bd7af59c67b425971e187f8,2015-01-09
ethereum/go-ethereum,256,committed,2015-01-09T11:58:39Z,NA,,,098632804dd5e9a11d292d992a85feedf8333b0f,2015-01-09
ethereum/go-ethereum,256,committed,2015-01-09T12:28:35Z,NA,,,be7713ac335ab4bfa1393245bc9523cf8ca39588,2015-01-09
ethereum/go-ethereum,256,committed,2015-01-09T13:03:10Z,NA,,,f0008a31240d097a5a689c1e0937b3117e766431,2015-01-09
ethereum/go-ethereum,256,committed,2015-01-09T13:12:18Z,NA,,,6fee45a3e327f51387b9b04aeb350f1072f60d84,2015-01-09
ethereum/go-ethereum,256,committed,2015-01-09T13:49:24Z,NA,,,47886c844ad4914edd2ad4a3a433e43f09dfcf4d,2015-01-09
ethereum/go-ethereum,256,committed,2015-01-09T14:30:13Z,NA,,,cb8fa0a5b229539d1975669c19db697480ea51b6,2015-01-09
ethereum/go-ethereum,256,committed,2015-01-09T14:30:51Z,NA,,,3990e5b97ab8cd26c5504147546a9ddda8dcee38,2015-01-09
ethereum/go-ethereum,256,committed,2015-01-09T15:14:45Z,NA,,,9c244ed08eb0f674637b6f0a103059de6b8534cf,2015-01-09
ethereum/go-ethereum,256,committed,2015-01-09T16:01:16Z,NA,,,98a30815ac5a794002dd7b9bb8d1af1ea35687d1,2015-01-09
ethereum/go-ethereum,256,committed,2015-01-09T16:23:10Z,NA,,,858273bc89e620fad7c18e477c6739a6e0598e4f,2015-01-09
ethereum/go-ethereum,256,committed,2015-01-11T00:23:16Z,NA,chfast,User,85ef08a9a0fe717f45447148a8322f1eecbec6b6,2015-01-11
ethereum/go-ethereum,256,committed,2015-01-12T14:25:46Z,NA,,,3ebef61c5b942de674bebe32844f33ee7bda304b,2015-01-12
ethereum/go-ethereum,256,committed,2015-01-12T15:41:00Z,NA,,,fdefaca4103017fc1f44ed076254a16d22e990d2,2015-01-12
ethereum/go-ethereum,256,committed,2015-01-12T15:41:28Z,NA,,,7906cdd2e8ba2a46763d45e4df8c57642d5df84c,2015-01-12
ethereum/go-ethereum,256,committed,2015-01-13T10:30:48Z,NA,,,de363dcb08fd8ef95e6097dae8fa7bad4bf06056,2015-01-13
ethereum/go-ethereum,256,committed,2015-01-13T10:30:48Z,NA,,,023bb81dd3b619c5712d654cef0ca1b515eef46a,2015-01-13
ethereum/go-ethereum,256,committed,2015-01-13T10:51:57Z,NA,,,e1f84aef32912fdf09d5a4ff0217d99693a7080a,2015-01-13
ethereum/go-ethereum,256,committed,2015-01-13T10:51:57Z,NA,,,2458aaae9fc525daa958a757a922ea662fba9cfa,2015-01-13
ethereum/go-ethereum,256,committed,2015-01-13T15:38:18Z,NA,,,92f42e98cf97a9f677f87375536b59baa7777331,2015-01-13
ethereum/go-ethereum,256,committed,2015-01-13T16:19:49Z,NA,,,b1e8299db0f509efbb57d5716e0e6c8e2d6c4051,2015-01-13
ethereum/go-ethereum,256,committed,2015-01-14T08:08:17Z,NA,,,d06988a65ae6ae1d56a8cd60fd034d91d9d2b53f,2015-01-14
ethereum/go-ethereum,256,committed,2015-01-14T08:08:17Z,NA,,,1861843a24d1a4aa62e20a3cfdab383131a4ebfb,2015-01-14
ethereum/go-ethereum,256,committed,2015-01-14T12:49:56Z,NA,,,4aabaa1553e829adf588cbccac2099b6bf39da9f,2015-01-14
ethereum/go-ethereum,256,committed,2015-01-14T12:49:56Z,NA,,,4101e680c814c0faadaa2de1e228e56a6acea3fd,2015-01-14
ethereum/go-ethereum,256,committed,2015-01-14T12:50:57Z,NA,,,8e9db3e1bc6d22bc27cdf9b62170b21c5a0a4f54,2015-01-14
ethereum/go-ethereum,256,committed,2015-01-14T13:24:27Z,NA,,,176b88a84eab6b0745d7f139c1d7c8de6e0abb05,2015-01-14
ethereum/go-ethereum,256,committed,2015-01-14T15:36:17Z,NA,,,3c12a436addad58df9b35ab20f9fb1c26d73a4c4,2015-01-14
ethereum/go-ethereum,256,committed,2015-01-14T16:13:55Z,NA,,,7d4f5d77f187afe18c15715bfb52090743eb73a5,2015-01-14
ethereum/go-ethereum,256,committed,2015-01-14T16:36:44Z,NA,,,a386b693cc2b8b2bafe10a82568a18e2cc2af8b4,2015-01-14
ethereum/go-ethereum,256,committed,2015-01-14T16:39:32Z,NA,,,2261660fc25da71695ebea7a91845dfc3762cb24,2015-01-14
ethereum/go-ethereum,256,committed,2015-01-14T17:09:44Z,NA,,,9f93253f63abe8198ea6208c7751a51b046a5cf5,2015-01-14
ethereum/go-ethereum,256,committed,2015-01-15T11:03:52Z,NA,,,ed0f8d1d9391a165163329c780cf709e2713b5fd,2015-01-15
ethereum/go-ethereum,256,committed,2015-01-15T12:06:13Z,NA,,,e18d24c74e809ea04a14d5fb6ed81a0e1b494b7c,2015-01-15
ethereum/go-ethereum,256,committed,2015-01-15T13:15:20Z,NA,,,b5b2ca72a2ebbf3c89dde36b7e1aad2e6430c833,2015-01-15
ethereum/go-ethereum,256,committed,2015-01-15T13:21:29Z,NA,,,bc59300ecb83bc03af497e46c10e8d369010cfda,2015-01-15
ethereum/go-ethereum,256,committed,2015-01-15T13:21:29Z,NA,,,313b77fabd7b2f418ec18320b179d82bd06f06b1,2015-01-15
ethereum/go-ethereum,256,labeled,2015-01-15T13:37:59Z,NA,obscuren,User,NA,2015-01-15
ethereum/go-ethereum,256,mentioned,2015-01-15T13:42:47Z,NA,fjl,User,NA,2015-01-15
ethereum/go-ethereum,256,subscribed,2015-01-15T13:42:47Z,NA,fjl,User,NA,2015-01-15
ethereum/go-ethereum,256,committed,2015-01-15T13:43:19Z,NA,,,b21fc5ff9f57e4a31c0dfcf2342c81db693adb3b,2015-01-15
ethereum/go-ethereum,256,committed,2015-01-15T14:16:39Z,NA,,,eaa2890366ed7c3733ee76248d7326b859ac52d0,2015-01-15
ethereum/go-ethereum,256,committed,2015-01-15T14:23:25Z,NA,,,2c10328ef9b40f25182a86ff81d170acd56aeb77,2015-01-15
ethereum/go-ethereum,256,committed,2015-01-15T15:27:57Z,NA,,,06e0da25bc9e20b34f6c3ca77cd0e45e16bb2a62,2015-01-15
ethereum/go-ethereum,256,committed,2015-01-15T15:27:57Z,NA,,,70d02b1d661b4c057f53bb1c5ca563e289c80dfd,2015-01-15
ethereum/go-ethereum,256,committed,2015-01-15T15:43:08Z,NA,,,548c9aef8225deae08f62a92d53166fd7e2348cb,2015-01-15
ethereum/go-ethereum,256,committed,2015-01-15T16:26:23Z,NA,,,52b5f3c6d731c12453395d2fa9bcc4aa6a4b294f,2015-01-15
ethereum/go-ethereum,256,committed,2015-01-15T16:30:09Z,NA,,,eb62df9bb3749a3702fb5852dc79129076e4bdbf,2015-01-15
ethereum/go-ethereum,256,committed,2015-01-15T19:27:31Z,NA,gavofyork,User,2304d6c141002a76aa4b2acb082d39ecbb245878,2015-01-15
ethereum/go-ethereum,256,committed,2015-01-15T19:58:00Z,NA,gavofyork,User,695751672c675d4ed61451cb4ef1e33916c9bb04,2015-01-15
ethereum/go-ethereum,256,renamed,2015-01-15T21:03:56Z,NA,obscuren,User,NA,2015-01-15
ethereum/go-ethereum,256,committed,2015-01-15T21:06:17Z,NA,chfast,User,ba84c6c8a1a9748e9bebfc73968a6f1a2859b9ae,2015-01-15
ethereum/go-ethereum,256,committed,2015-01-15T21:36:34Z,NA,chfast,User,0ae864e72eb75b7f24c387939aa458ac0e70e602,2015-01-15
ethereum/go-ethereum,256,committed,2015-01-15T22:21:55Z,NA,chfast,User,5384b92c66ddc5a5b4a83bf028e0b67142c416dd,2015-01-15
ethereum/go-ethereum,256,committed,2015-01-15T22:29:19Z,NA,chfast,User,271b4ccde44e491f7daae3a097e3345d9a856c0d,2015-01-15
ethereum/go-ethereum,256,committed,2015-01-15T23:46:20Z,NA,chfast,User,80ee5c9a646456f2bb6d68fda4a9ae1436d9a373,2015-01-15
ethereum/go-ethereum,256,committed,2015-01-16T00:11:43Z,NA,chfast,User,c7116998ae35d3dd59cd5938ff372361d9a9f7a7,2015-01-16
ethereum/go-ethereum,256,committed,2015-01-16T11:43:24Z,NA,,,a2492d498332939950708321781d9d64fe94319f,2015-01-16
ethereum/go-ethereum,256,committed,2015-01-16T14:54:58Z,NA,,,f78fbbf50e59cff018e9aa88a93451ee93e742ce,2015-01-16
ethereum/go-ethereum,256,committed,2015-01-16T14:56:05Z,NA,,,683de935787cfa0401f20604868cfb1997563030,2015-01-16
ethereum/go-ethereum,256,committed,2015-01-16T15:06:35Z,NA,,,0f53e2153a594f41148a4c9716a5194538088937,2015-01-16
ethereum/go-ethereum,256,committed,2015-01-16T17:02:36Z,NA,,,5152596cbd4787f93e064aec139b4b7ee5b27f9a,2015-01-16
ethereum/go-ethereum,256,committed,2015-01-16T21:06:07Z,NA,chfast,User,84b6251181acf5580fd07771cc9e202c8bba8233,2015-01-16
ethereum/go-ethereum,256,committed,2015-01-16T21:41:47Z,NA,chfast,User,0ba08331389a5365ab72aff74515092e13622d9a,2015-01-16
ethereum/go-ethereum,256,committed,2015-01-18T15:54:06Z,NA,chfast,User,003ba383c3d0817170263c3ddb4296df45217109,2015-01-18
ethereum/go-ethereum,256,committed,2015-01-19T12:53:31Z,NA,,,de186f1ed1bf3555d9bf92fc56650b68748904d7,2015-01-19
ethereum/go-ethereum,256,committed,2015-01-19T13:59:01Z,NA,,,100de855ecb0e115ee89258e1114c890a4d47541,2015-01-19
ethereum/go-ethereum,256,committed,2015-01-19T14:20:50Z,NA,,,939e94a101e861c6a7d4da6ab27264ca9ec84d06,2015-01-19
ethereum/go-ethereum,256,committed,2015-01-19T14:39:59Z,NA,,,a2822a37bf326ad12cd2afdce8273de96d8a3408,2015-01-19
ethereum/go-ethereum,256,committed,2015-01-19T17:09:55Z,NA,,,b3bad237570f15c4bcb05847672c029889cea4a6,2015-01-19
ethereum/go-ethereum,256,committed,2015-01-19T17:29:16Z,NA,,,a21362a7f84f0ef36d1889178857dda4105313aa,2015-01-19
ethereum/go-ethereum,256,committed,2015-01-19T17:39:19Z,NA,,,3dcf30463b961e3fe47b48b2024bbf3d5b5ce675,2015-01-19
ethereum/go-ethereum,256,committed,2015-01-20T14:17:12Z,NA,,,3ef945a43187dec10f312e2b6539a2b30bf5541a,2015-01-20
ethereum/go-ethereum,256,committed,2015-01-20T14:27:02Z,NA,,,1194ca00cce3018cfa3e62ba55c0ae4ea39a267e,2015-01-20
ethereum/go-ethereum,256,committed,2015-01-20T14:33:05Z,NA,,,89891816529cf68dcc4b71d2bca08b19c861399c,2015-01-20
ethereum/go-ethereum,256,committed,2015-01-20T16:26:31Z,NA,,,0f06b54a915a7ecf08d16476567f14bab36ee56e,2015-01-20
ethereum/go-ethereum,256,committed,2015-01-20T16:28:41Z,NA,,,8e7afcc25d075ce9b815f5cd4493f9ff9efe2f7a,2015-01-20
ethereum/go-ethereum,256,committed,2015-01-20T16:29:04Z,NA,,,da689d1d807fca293c641174cb281cd921c4d974,2015-01-20
ethereum/go-ethereum,256,committed,2015-01-20T16:29:36Z,NA,,,291e750616cefa8507c2f84e6f3c8e81a6fafffa,2015-01-20
ethereum/go-ethereum,256,committed,2015-01-20T21:34:45Z,NA,chfast,User,96b15abff6df58a580afe33b3c7bff9921124595,2015-01-20
ethereum/go-ethereum,256,committed,2015-01-20T23:21:38Z,NA,chfast,User,78947dc8ade4b884e1f47c6264b9e098ca28e9cc,2015-01-20
ethereum/go-ethereum,256,committed,2015-01-20T23:44:01Z,NA,chfast,User,cf6c66b8bf6739b130b85b0b46b8495228f502dd,2015-01-20
ethereum/go-ethereum,256,committed,2015-01-21T11:41:03Z,NA,,,1b3aca8f26671aff7b228d314dbc9bc31aecdf18,2015-01-21
ethereum/go-ethereum,256,committed,2015-01-21T17:41:56Z,NA,,,86ef96ab04a4da463be64358e8c680a2c21b28fd,2015-01-21
ethereum/go-ethereum,256,committed,2015-01-21T18:37:02Z,NA,,,91c0a80d34ace4521e5dd240fbcf7e5a573a3ace,2015-01-21
ethereum/go-ethereum,256,committed,2015-01-21T18:37:41Z,NA,,,6a89bdc07a23b47bcf726b3e15ea34b314c2160a,2015-01-21
ethereum/go-ethereum,256,committed,2015-01-21T18:46:33Z,NA,,,5e9c889b94d70196919962f553cf8ad925d35dd3,2015-01-21
ethereum/go-ethereum,256,committed,2015-01-21T19:29:46Z,NA,,,ce677ffd87f43c8fe21a78bd1aa8848fa9a399e7,2015-01-21
ethereum/go-ethereum,256,committed,2015-01-21T20:05:26Z,NA,,,0d08eb86b6b9bc89ae71df2f22e1821c8060a6d0,2015-01-21
ethereum/go-ethereum,256,closed,2015-01-22T17:06:06Z,NA,chfast,User,NA,2015-01-22
ethereum/go-ethereum,256,head_ref_deleted,2015-01-22T17:06:06Z,NA,chfast,User,NA,2015-01-22
ethereum/go-ethereum,256,unlabeled,2015-01-22T21:05:32Z,NA,obscuren,User,NA,2015-01-22
ethereum/go-ethereum,256,cross-referenced,2015-04-30T21:43:40Z,NA,brisedarius,User,NA,2015-04-30
ethereum/go-ethereum,256,cross-referenced,2015-05-12T19:56:51Z,NA,NA,NA,NA,2015-05-12
ethereum/go-ethereum,256,referenced,2018-03-01T11:01:00Z,NA,acud,User,NA,2018-03-01
ethereum/go-ethereum,256,referenced,2020-04-28T03:24:50Z,NA,Zergity,User,NA,2020-04-28
ethereum/go-ethereum,256,referenced,2021-08-13T20:23:13Z,NA,maoueh,User,NA,2021-08-13
ethereum/go-ethereum,256,referenced,2022-01-20T19:04:39Z,NA,tony-ricciardi,User,NA,2022-01-20
ethereum/go-ethereum,256,referenced,2023-09-27T09:36:16Z,NA,weiihann,User,NA,2023-09-27
ethereum/go-ethereum,256,referenced,2023-10-31T12:27:31Z,NA,tanishqjasoria,User,NA,2023-10-31
ethereum/go-ethereum,256,referenced,2024-09-02T19:32:04Z,NA,luanxu-mch,User,NA,2024-09-02
ethereum/go-ethereum,256,referenced,2024-12-02T21:33:32Z,NA,s1na,User,NA,2024-12-02
ethereum/go-ethereum,256,line-commented,2015-01-15T10:05:18Z,CONTRIBUTOR,obscuren,User,NA,2015-01-15
ethereum/go-ethereum,256,line-commented,2015-01-15T13:48:03Z,CONTRIBUTOR,obscuren,User,NA,2015-01-15
ethereum/go-ethereum,182,committed,2014-11-04T15:39:08Z,NA,tgerring,User,e22e8b7feffedced7fa1f8809b1828a224ccf774,2014-11-04
ethereum/go-ethereum,182,committed,2014-11-04T15:41:03Z,NA,tgerring,User,123282e0454179c8728394753501e0de93ac9b96,2014-11-04
ethereum/go-ethereum,182,committed,2014-11-04T15:42:28Z,NA,tgerring,User,e7d9bcd36b5809b649dc7f8e6092d5edaa0d155f,2014-11-04
ethereum/go-ethereum,182,committed,2014-11-04T15:45:54Z,NA,tgerring,User,b96a59eb28654ba5bc915bfaa21f511fdaa443df,2014-11-04
ethereum/go-ethereum,182,committed,2014-11-05T10:23:30Z,NA,tgerring,User,92299b7c2449940c4b98f1aebcd53076780a7704,2014-11-05
ethereum/go-ethereum,182,committed,2014-11-05T12:23:50Z,NA,tgerring,User,e76c58d175dd5b50deb2d5fb4582adae4cd3f7ef,2014-11-05
ethereum/go-ethereum,182,committed,2014-11-05T12:35:43Z,NA,tgerring,User,94b0ce84da875bac3847aec73479f1bcd680c1ed,2014-11-05
ethereum/go-ethereum,182,committed,2014-11-05T16:04:24Z,NA,tgerring,User,4f009290847dea29e7ea050244418b8b14c3aa61,2014-11-05
ethereum/go-ethereum,182,committed,2014-11-05T16:11:40Z,NA,tgerring,User,cb32f52b9cdc0f44c7c25f956b9de8c62e24f275,2014-11-05
ethereum/go-ethereum,182,committed,2014-11-05T16:39:26Z,NA,tgerring,User,92b30cc452d71a84927529b50ac9aa40eb0d550e,2014-11-05
ethereum/go-ethereum,182,committed,2014-11-05T16:44:28Z,NA,tgerring,User,ada684e05458cce26a97b245cd96a8fd72523daa,2014-11-05
ethereum/go-ethereum,182,committed,2014-11-05T16:48:23Z,NA,tgerring,User,834f8a1dc8b609199f84dcd59a885e77d8f770ba,2014-11-05
ethereum/go-ethereum,182,committed,2014-11-05T17:02:20Z,NA,tgerring,User,b100546c9dd82a085d4b984275082a61fe3f3fe2,2014-11-05
ethereum/go-ethereum,182,committed,2014-11-05T20:59:22Z,NA,tgerring,User,4e15adac6d46acb5b8173050618a1ffac525e528,2014-11-05
ethereum/go-ethereum,182,committed,2014-11-05T21:00:01Z,NA,tgerring,User,ab6b9c44aa97a18e37dcd9214eadbdfaa38a4b22,2014-11-05
ethereum/go-ethereum,182,committed,2014-11-05T21:01:09Z,NA,tgerring,User,8f94f731a55440341eb02d890fd4eca0fbc32544,2014-11-05
ethereum/go-ethereum,182,committed,2014-11-05T21:01:41Z,NA,tgerring,User,be96da179a50735ef0ed72d66c5672d89c1a5b66,2014-11-05
ethereum/go-ethereum,182,committed,2014-11-05T21:16:44Z,NA,tgerring,User,a1d62abca4b07f35f7f80702c9f58bb40e703504,2014-11-05
ethereum/go-ethereum,182,committed,2014-11-05T21:21:28Z,NA,tgerring,User,48a3f0986ccc3caf6405604e3cfe6a3b4de5726c,2014-11-05
ethereum/go-ethereum,182,committed,2014-11-06T11:35:46Z,NA,tgerring,User,0a3a148ed4d2fbe29ec7a62f5b15a25f908d7f23,2014-11-06
ethereum/go-ethereum,182,committed,2014-11-11T11:52:43Z,NA,tgerring,User,8f3a03c0cc8ef15f561b47ef1c11b02e4f043634,2014-11-11
ethereum/go-ethereum,182,committed,2014-11-11T12:07:24Z,NA,tgerring,User,3c619baec58947aa8b02e4a807a3e837d8fa73fd,2014-11-11
ethereum/go-ethereum,182,committed,2014-11-11T14:04:11Z,NA,tgerring,User,cd94b5ffb3c29d72d87c6cd7e439868e11e24b8d,2014-11-11
ethereum/go-ethereum,182,committed,2014-11-11T18:05:23Z,NA,tgerring,User,d9ccbf04dbdcda527c00e561aa0cc97ffde08f86,2014-11-11
ethereum/go-ethereum,182,committed,2014-11-11T18:05:35Z,NA,tgerring,User,bfd1fe977e1a4f921fce6b4ca522b024df0b2733,2014-11-11
ethereum/go-ethereum,182,committed,2014-11-11T18:18:52Z,NA,tgerring,User,c24d143c9e08f9782d7ad063868ea7c647db2a03,2014-11-11
ethereum/go-ethereum,182,committed,2014-11-11T18:38:23Z,NA,tgerring,User,cff0d93105956d716d32535af64ad3154f1628ae,2014-11-11
ethereum/go-ethereum,182,committed,2014-11-11T19:03:50Z,NA,tgerring,User,0d1cdd26d657f6559b52332e207e1cc9e7db7c67,2014-11-11
ethereum/go-ethereum,182,committed,2014-11-11T19:04:03Z,NA,tgerring,User,12e8404f8fb0409c6db2a48ff4cc52c7aa81f72d,2014-11-11
ethereum/go-ethereum,182,committed,2014-11-11T19:05:27Z,NA,tgerring,User,5c5df21e3d8768481c2bc1b6e9475099590e10be,2014-11-11
ethereum/go-ethereum,182,committed,2014-11-11T19:37:18Z,NA,tgerring,User,1d866b5e579e06d00ab63cf8899a47e08b95b232,2014-11-11
ethereum/go-ethereum,182,committed,2014-11-12T20:43:25Z,NA,tgerring,User,00878e5b6e09e4e5f38857f1abab7b9cbad4b480,2014-11-12
ethereum/go-ethereum,182,committed,2014-11-12T20:52:37Z,NA,tgerring,User,6eacc8eab9ad605c76a936361c0015d1ba905da1,2014-11-12
ethereum/go-ethereum,182,committed,2014-11-12T21:02:39Z,NA,tgerring,User,bd9bd4abed09a1ac7a686e9a61d925d1a69445a6,2014-11-12
ethereum/go-ethereum,182,committed,2014-11-12T21:03:03Z,NA,tgerring,User,fa59db7595645f1ea9465cf46690379130c89370,2014-11-12
ethereum/go-ethereum,182,committed,2014-11-12T21:08:56Z,NA,tgerring,User,461324a801afde2a9fe92b8303e510fd7e02b1f2,2014-11-12
ethereum/go-ethereum,182,committed,2014-11-13T03:40:21Z,NA,tgerring,User,313cfba7d43529db647789ae826bc426d9da7de3,2014-11-13
ethereum/go-ethereum,182,labeled,2014-11-14T20:41:02Z,NA,obscuren,User,NA,2014-11-14
ethereum/go-ethereum,182,merged,2014-11-14T21:21:04Z,NA,tgerring,User,NA,2014-11-14
ethereum/go-ethereum,182,closed,2014-11-14T21:21:04Z,NA,tgerring,User,NA,2014-11-14
ethereum/go-ethereum,182,unlabeled,2014-11-14T21:21:04Z,NA,obscuren,User,NA,2014-11-14
ethereum/go-ethereum,182,commented,2014-11-15T22:41:32Z,CONTRIBUTOR,obscuren,User,NA,2014-11-15
ethereum/go-ethereum,182,referenced,2018-01-31T02:27:39Z,NA,markya0616,User,NA,2018-01-31
ethereum/go-ethereum,182,referenced,2020-04-28T03:24:39Z,NA,Zergity,User,NA,2020-04-28
ethereum/go-ethereum,182,referenced,2021-08-13T20:23:11Z,NA,maoueh,User,NA,2021-08-13
ethereum/go-ethereum,182,referenced,2021-11-26T21:34:13Z,NA,maoueh,User,NA,2021-11-26
ethereum/go-ethereum,182,cross-referenced,2022-11-05T08:55:40Z,NA,AndreiShybin,User,NA,2022-11-05
ethereum/go-ethereum,182,cross-referenced,2022-12-26T05:35:47Z,NA,AndreiShybin,User,NA,2022-12-26
ethereum/go-ethereum,182,referenced,2023-01-04T20:13:59Z,NA,joshuacolvin0,User,NA,2023-01-04
ethereum/go-ethereum,182,referenced,2023-03-23T17:17:16Z,NA,jsign,User,NA,2023-03-23
ethereum/go-ethereum,182,referenced,2023-08-29T04:05:53Z,NA,rjl493456442,User,NA,2023-08-29
ethereum/go-ethereum,182,referenced,2023-09-27T09:36:12Z,NA,weiihann,User,NA,2023-09-27
ethereum/go-ethereum,182,referenced,2024-04-04T13:21:21Z,NA,atenjin,User,NA,2024-04-04
ethereum/go-ethereum,180,committed,2014-11-04T15:39:08Z,NA,tgerring,User,e22e8b7feffedced7fa1f8809b1828a224ccf774,2014-11-04
ethereum/go-ethereum,180,committed,2014-11-04T15:41:03Z,NA,tgerring,User,123282e0454179c8728394753501e0de93ac9b96,2014-11-04
ethereum/go-ethereum,180,committed,2014-11-04T15:42:28Z,NA,tgerring,User,e7d9bcd36b5809b649dc7f8e6092d5edaa0d155f,2014-11-04
ethereum/go-ethereum,180,committed,2014-11-04T15:45:54Z,NA,tgerring,User,b96a59eb28654ba5bc915bfaa21f511fdaa443df,2014-11-04
ethereum/go-ethereum,180,committed,2014-11-05T10:23:30Z,NA,tgerring,User,92299b7c2449940c4b98f1aebcd53076780a7704,2014-11-05
ethereum/go-ethereum,180,committed,2014-11-05T12:23:50Z,NA,tgerring,User,e76c58d175dd5b50deb2d5fb4582adae4cd3f7ef,2014-11-05
ethereum/go-ethereum,180,committed,2014-11-05T12:35:43Z,NA,tgerring,User,94b0ce84da875bac3847aec73479f1bcd680c1ed,2014-11-05
ethereum/go-ethereum,180,committed,2014-11-05T16:04:24Z,NA,tgerring,User,4f009290847dea29e7ea050244418b8b14c3aa61,2014-11-05
ethereum/go-ethereum,180,committed,2014-11-05T16:11:40Z,NA,tgerring,User,cb32f52b9cdc0f44c7c25f956b9de8c62e24f275,2014-11-05
ethereum/go-ethereum,180,committed,2014-11-05T16:39:26Z,NA,tgerring,User,92b30cc452d71a84927529b50ac9aa40eb0d550e,2014-11-05
ethereum/go-ethereum,180,committed,2014-11-05T16:44:28Z,NA,tgerring,User,ada684e05458cce26a97b245cd96a8fd72523daa,2014-11-05
ethereum/go-ethereum,180,committed,2014-11-05T16:48:23Z,NA,tgerring,User,834f8a1dc8b609199f84dcd59a885e77d8f770ba,2014-11-05
ethereum/go-ethereum,180,committed,2014-11-05T17:02:20Z,NA,tgerring,User,b100546c9dd82a085d4b984275082a61fe3f3fe2,2014-11-05
ethereum/go-ethereum,180,committed,2014-11-05T20:59:22Z,NA,tgerring,User,4e15adac6d46acb5b8173050618a1ffac525e528,2014-11-05
ethereum/go-ethereum,180,committed,2014-11-05T21:00:01Z,NA,tgerring,User,ab6b9c44aa97a18e37dcd9214eadbdfaa38a4b22,2014-11-05
ethereum/go-ethereum,180,committed,2014-11-05T21:01:09Z,NA,tgerring,User,8f94f731a55440341eb02d890fd4eca0fbc32544,2014-11-05
ethereum/go-ethereum,180,committed,2014-11-05T21:01:41Z,NA,tgerring,User,be96da179a50735ef0ed72d66c5672d89c1a5b66,2014-11-05
ethereum/go-ethereum,180,committed,2014-11-05T21:16:44Z,NA,tgerring,User,a1d62abca4b07f35f7f80702c9f58bb40e703504,2014-11-05
ethereum/go-ethereum,180,committed,2014-11-05T21:21:28Z,NA,tgerring,User,48a3f0986ccc3caf6405604e3cfe6a3b4de5726c,2014-11-05
ethereum/go-ethereum,180,committed,2014-11-06T11:35:46Z,NA,tgerring,User,0a3a148ed4d2fbe29ec7a62f5b15a25f908d7f23,2014-11-06
ethereum/go-ethereum,180,labeled,2014-11-10T13:54:57Z,NA,fjl,User,NA,2014-11-10
ethereum/go-ethereum,180,cross-referenced,2014-11-10T13:55:09Z,NA,obscuren,User,NA,2014-11-10
ethereum/go-ethereum,180,committed,2014-11-11T11:52:43Z,NA,tgerring,User,8f3a03c0cc8ef15f561b47ef1c11b02e4f043634,2014-11-11
ethereum/go-ethereum,180,committed,2014-11-11T12:07:24Z,NA,tgerring,User,3c619baec58947aa8b02e4a807a3e837d8fa73fd,2014-11-11
ethereum/go-ethereum,180,committed,2014-11-11T14:04:11Z,NA,tgerring,User,cd94b5ffb3c29d72d87c6cd7e439868e11e24b8d,2014-11-11
ethereum/go-ethereum,180,committed,2014-11-11T18:05:23Z,NA,tgerring,User,d9ccbf04dbdcda527c00e561aa0cc97ffde08f86,2014-11-11
ethereum/go-ethereum,180,committed,2014-11-11T18:05:35Z,NA,tgerring,User,bfd1fe977e1a4f921fce6b4ca522b024df0b2733,2014-11-11
ethereum/go-ethereum,180,committed,2014-11-11T18:18:52Z,NA,tgerring,User,c24d143c9e08f9782d7ad063868ea7c647db2a03,2014-11-11
ethereum/go-ethereum,180,committed,2014-11-11T18:38:23Z,NA,tgerring,User,cff0d93105956d716d32535af64ad3154f1628ae,2014-11-11
ethereum/go-ethereum,180,committed,2014-11-11T19:03:50Z,NA,tgerring,User,0d1cdd26d657f6559b52332e207e1cc9e7db7c67,2014-11-11
ethereum/go-ethereum,180,committed,2014-11-11T19:04:03Z,NA,tgerring,User,12e8404f8fb0409c6db2a48ff4cc52c7aa81f72d,2014-11-11
ethereum/go-ethereum,180,committed,2014-11-11T19:05:27Z,NA,tgerring,User,5c5df21e3d8768481c2bc1b6e9475099590e10be,2014-11-11
ethereum/go-ethereum,180,committed,2014-11-11T19:37:18Z,NA,tgerring,User,1d866b5e579e06d00ab63cf8899a47e08b95b232,2014-11-11
ethereum/go-ethereum,180,committed,2014-11-12T20:43:25Z,NA,tgerring,User,00878e5b6e09e4e5f38857f1abab7b9cbad4b480,2014-11-12
ethereum/go-ethereum,180,committed,2014-11-12T20:52:37Z,NA,tgerring,User,6eacc8eab9ad605c76a936361c0015d1ba905da1,2014-11-12
ethereum/go-ethereum,180,committed,2014-11-12T21:02:39Z,NA,tgerring,User,bd9bd4abed09a1ac7a686e9a61d925d1a69445a6,2014-11-12
ethereum/go-ethereum,180,committed,2014-11-12T21:03:03Z,NA,tgerring,User,fa59db7595645f1ea9465cf46690379130c89370,2014-11-12
ethereum/go-ethereum,180,committed,2014-11-12T21:08:56Z,NA,tgerring,User,461324a801afde2a9fe92b8303e510fd7e02b1f2,2014-11-12
ethereum/go-ethereum,180,committed,2014-11-13T03:40:21Z,NA,tgerring,User,313cfba7d43529db647789ae826bc426d9da7de3,2014-11-13
ethereum/go-ethereum,180,committed,2014-11-14T21:01:52Z,NA,tgerring,User,2a9fc7baa908d64ff1ddae44641024114d3ec88d,2014-11-14
ethereum/go-ethereum,180,committed,2014-11-14T21:19:50Z,NA,tgerring,User,e6e468ef59740b88f2de0722e13d0d13a1de1940,2014-11-14
ethereum/go-ethereum,180,committed,2014-11-14T21:31:15Z,NA,tgerring,User,dcd8cc83417750e93578fdce5b878f43ade8ac96,2014-11-14
ethereum/go-ethereum,180,committed,2014-11-14T21:53:45Z,NA,tgerring,User,1ecb3b4cf358a9c8fb0152b54bde70c925eaa5c9,2014-11-14
ethereum/go-ethereum,180,committed,2014-11-15T02:58:09Z,NA,tgerring,User,dd9e99a418be6cde1a99a04659493edddeb6d455,2014-11-15
ethereum/go-ethereum,180,committed,2014-11-15T04:17:01Z,NA,tgerring,User,9481f86c3779d90d85c9ea2da7d3d8cf2a0585d0,2014-11-15
ethereum/go-ethereum,180,committed,2014-11-15T04:23:31Z,NA,tgerring,User,bc5d924b83f70033142ab0261ddbcc669d7e1d13,2014-11-15
ethereum/go-ethereum,180,committed,2014-11-15T15:07:02Z,NA,tgerring,User,8f9a354682e3c52fda1d2d0d2dd04ab7981e5466,2014-11-15
ethereum/go-ethereum,180,committed,2014-11-15T23:45:08Z,NA,tgerring,User,6f7f570670bda25a489c94fbd75ca7b763aad65e,2014-11-15
ethereum/go-ethereum,180,committed,2014-11-15T23:51:58Z,NA,tgerring,User,81e7f8679e87b75481f9ecc834a027c68d435bf9,2014-11-15
ethereum/go-ethereum,180,committed,2014-11-15T23:56:16Z,NA,tgerring,User,5211fb0c79450d31c261700dc3c5d8c557cbc7f1,2014-11-15
ethereum/go-ethereum,180,committed,2014-11-16T00:12:50Z,NA,tgerring,User,242667ebe59e03e2f9f1595f11b5858de8444ce8,2014-11-16
ethereum/go-ethereum,180,committed,2014-11-16T00:22:01Z,NA,tgerring,User,1beb9a2b8becf7f4393dfeac24e317fd9ca188dd,2014-11-16
ethereum/go-ethereum,180,committed,2014-11-16T00:28:09Z,NA,tgerring,User,0b64906a729830a22174817c89aedf5af9f61b8d,2014-11-16
ethereum/go-ethereum,180,committed,2014-11-16T00:42:48Z,NA,tgerring,User,ec75119341167b0b7924911d9ceeba1295b21f04,2014-11-16
ethereum/go-ethereum,180,committed,2014-11-16T00:49:18Z,NA,tgerring,User,3a656c07f1e7064a602fb18a986fa712cd9dd330,2014-11-16
ethereum/go-ethereum,180,committed,2014-11-16T00:54:26Z,NA,tgerring,User,e1e50f4afd24ac97bff9dc5b635a44fe8706c9fd,2014-11-16
ethereum/go-ethereum,180,committed,2014-11-16T00:59:56Z,NA,tgerring,User,6dbd7a9a803ac784aa80972f75fa4f6aab9418ad,2014-11-16
ethereum/go-ethereum,180,committed,2014-11-16T01:11:43Z,NA,tgerring,User,790ded0f4743d02606d96a5febffb0907104de23,2014-11-16
ethereum/go-ethereum,180,committed,2014-11-16T01:36:30Z,NA,tgerring,User,58812fad4293db2edaee0fa04b2c5477bc6cc3f0,2014-11-16
ethereum/go-ethereum,180,committed,2014-11-16T01:45:05Z,NA,tgerring,User,71b338e8ac00cbe552846d104cd5acd9b436641e,2014-11-16
ethereum/go-ethereum,180,committed,2014-11-16T02:21:03Z,NA,tgerring,User,3588c4a9feb4204419d9c0fa2a4c9089120221b7,2014-11-16
ethereum/go-ethereum,180,committed,2014-11-16T02:21:55Z,NA,tgerring,User,ddca18638f1a81e730001ff7fda4581379094aa4,2014-11-16
ethereum/go-ethereum,180,committed,2014-11-16T14:34:28Z,NA,tgerring,User,f82fb889b7a4bf5d31ff8b12ee852f8846457dc6,2014-11-16
ethereum/go-ethereum,180,committed,2014-11-16T18:08:27Z,NA,tgerring,User,ffab36c7d8d44f0bdb3ac4389d9053519feae9cd,2014-11-16
ethereum/go-ethereum,180,committed,2014-11-16T19:45:46Z,NA,tgerring,User,9095b37343c5149c84433841599ca13327219422,2014-11-16
ethereum/go-ethereum,180,committed,2014-11-17T11:12:55Z,NA,obscuren,User,ca74bcc4cdf389b5ef5520f9ab5a7aec08424f30,2014-11-17
ethereum/go-ethereum,180,committed,2014-11-17T11:14:05Z,NA,obscuren,User,a19d2c22782fa85cd38de246d9801fa1ebd0660a,2014-11-17
ethereum/go-ethereum,180,committed,2014-11-17T16:21:19Z,NA,tgerring,User,559a81da6fe97051260aa43db96d41fc9fe3545b,2014-11-17
ethereum/go-ethereum,180,committed,2014-11-17T16:40:40Z,NA,tgerring,User,2a5af8fac72846a7354dd79143727bac4ee89cb9,2014-11-17
ethereum/go-ethereum,180,committed,2014-11-17T16:53:24Z,NA,tgerring,User,5c958ec5f658709b648647449ce5349aa98b3d5d,2014-11-17
ethereum/go-ethereum,180,committed,2014-11-18T11:02:13Z,NA,obscuren,User,f7417d3552de86f5acf969b6eb882502fd104a11,2014-11-18
ethereum/go-ethereum,180,committed,2014-11-18T11:03:09Z,NA,obscuren,User,3220a32ff056f5bffed031bf1c4d3b0bc71f1ec9,2014-11-18
ethereum/go-ethereum,180,committed,2014-11-18T11:03:51Z,NA,obscuren,User,34f29d57b6790a38019a8bcef51a6e91d2945cbe,2014-11-18
ethereum/go-ethereum,180,committed,2014-11-18T11:18:27Z,NA,obscuren,User,e08aba5dd9f1e481aab18c6c062c97e0e400f75b,2014-11-18
ethereum/go-ethereum,180,committed,2014-11-18T11:20:14Z,NA,obscuren,User,62cd9946ee16758a4e368cd0b5a0ba9fa4d94705,2014-11-18
ethereum/go-ethereum,180,committed,2014-11-18T15:58:22Z,NA,obscuren,User,a1b6a9ac29d0aa8d29a2c0535bafdb5fe4d4830b,2014-11-18
ethereum/go-ethereum,180,committed,2014-11-18T18:44:17Z,NA,obscuren,User,f8d0cd9906a1ec4a4a1e95868a279312363f8b49,2014-11-18
ethereum/go-ethereum,180,committed,2014-11-18T18:48:35Z,NA,obscuren,User,675ba4d7eb7ab96fa74b803085f042a25f8d8d42,2014-11-18
ethereum/go-ethereum,180,committed,2014-11-18T18:52:45Z,NA,obscuren,User,93e693be72e1a7734e826016316434c1e2320de9,2014-11-18
ethereum/go-ethereum,180,committed,2014-11-18T19:23:17Z,NA,obscuren,User,437d79f09418b24693b4e3fc4d2f88e291b5340f,2014-11-18
ethereum/go-ethereum,180,committed,2014-11-19T11:25:52Z,NA,obscuren,User,14e2e488fdf0f4d6ed1a5a48ffbbe883faa7edb6,2014-11-19
ethereum/go-ethereum,180,committed,2014-11-19T14:05:08Z,NA,obscuren,User,e70529a97785012368e7e0d5b272cccab705e551,2014-11-19
ethereum/go-ethereum,180,committed,2014-11-19T15:21:28Z,NA,obscuren,User,0f460ad26e864ae8b4c4cf99147c5b57a10f3be9,2014-11-19
ethereum/go-ethereum,180,committed,2014-11-19T15:35:57Z,NA,obscuren,User,cab7e6000e20413d697d07a1a6b2abcc85dfc2e1,2014-11-19
ethereum/go-ethereum,180,committed,2014-11-19T15:56:01Z,NA,obscuren,User,b05e63c34d335e65c8c76ed9a9401b74170db617,2014-11-19
ethereum/go-ethereum,180,committed,2014-11-20T17:11:31Z,NA,obscuren,User,12f1aea38d6f9dd9748a95b2d9ea813ae16277a7,2014-11-20
ethereum/go-ethereum,180,committed,2014-11-20T17:20:04Z,NA,obscuren,User,9b8a12b4b53f319f6422a43e43b2274a337d7fec,2014-11-20
ethereum/go-ethereum,180,committed,2014-11-21T15:48:07Z,NA,obscuren,User,8cf9ed0ea588e97f2baf0f834248727e8fbca18f,2014-11-21
ethereum/go-ethereum,180,committed,2014-11-21T20:52:45Z,NA,fjl,User,f38052c499c1fee61423efeddb1f52677f1442e9,2014-11-21
ethereum/go-ethereum,180,committed,2014-11-21T20:52:45Z,NA,fjl,User,7149191dd999f4d192398e4b0821b656e62f3345,2014-11-21
ethereum/go-ethereum,180,committed,2014-11-21T20:52:45Z,NA,fjl,User,e4a601c6444afdc11ce0cb80d7fd83116de2c8b9,2014-11-21
ethereum/go-ethereum,180,committed,2014-11-21T20:52:45Z,NA,fjl,User,59b63caf5e4de64ceb7dcdf01551a080f53b1672,2014-11-21
ethereum/go-ethereum,180,head_ref_force_pushed,2014-11-21T20:55:43Z,NA,fjl,User,NA,2014-11-21
ethereum/go-ethereum,180,commented,2014-11-21T20:57:16Z,CONTRIBUTOR,fjl,User,NA,2014-11-21
ethereum/go-ethereum,180,closed,2014-11-21T20:57:17Z,NA,fjl,User,NA,2014-11-21
ethereum/go-ethereum,180,unlabeled,2014-11-21T20:57:18Z,NA,fjl,User,NA,2014-11-21
ethereum/go-ethereum,180,referenced,2018-10-10T10:03:54Z,NA,ngtuna,User,NA,2018-10-10
ethereum/go-ethereum,180,referenced,2021-08-13T20:23:11Z,NA,maoueh,User,NA,2021-08-13
ethereum/go-ethereum,180,referenced,2022-01-20T19:04:38Z,NA,tony-ricciardi,User,NA,2022-01-20
ethereum/go-ethereum,180,cross-referenced,2022-11-05T08:55:40Z,NA,AndreiShybin,User,NA,2022-11-05
ethereum/go-ethereum,180,cross-referenced,2022-12-26T05:35:47Z,NA,AndreiShybin,User,NA,2022-12-26
ethereum/go-ethereum,180,referenced,2023-03-23T17:17:16Z,NA,jsign,User,NA,2023-03-23
ethereum/go-ethereum,180,referenced,2023-08-29T04:05:53Z,NA,rjl493456442,User,NA,2023-08-29
ethereum/go-ethereum,180,referenced,2023-09-27T09:36:12Z,NA,weiihann,User,NA,2023-09-27
ethereum/go-ethereum,194,committed,2014-11-14T23:29:27Z,NA,obscuren,User,33afb10b0da43d55b1d6e1fe6b1b97c6ff8d8f75,2014-11-14
ethereum/go-ethereum,194,committed,2014-11-17T00:49:47Z,NA,fjl,User,74266d5bbd95ac07882b09230aec876bf7704f69,2014-11-17
ethereum/go-ethereum,194,committed,2014-11-17T11:02:08Z,NA,fjl,User,bd0a50fdc3550eba979b132a92960f1e08110033,2014-11-17
ethereum/go-ethereum,194,committed,2014-11-17T11:12:18Z,NA,obscuren,User,b4e47a094c3f33011cb20b4cb5d3a966d823edbd,2014-11-17
ethereum/go-ethereum,194,committed,2014-11-17T11:12:55Z,NA,obscuren,User,ca74bcc4cdf389b5ef5520f9ab5a7aec08424f30,2014-11-17
ethereum/go-ethereum,194,committed,2014-11-17T11:13:11Z,NA,obscuren,User,cad770c73412c4b27d00c98ae3c531b9d1bcc091,2014-11-17
ethereum/go-ethereum,194,committed,2014-11-17T11:14:05Z,NA,obscuren,User,a19d2c22782fa85cd38de246d9801fa1ebd0660a,2014-11-17
ethereum/go-ethereum,194,committed,2014-11-18T11:02:13Z,NA,obscuren,User,f7417d3552de86f5acf969b6eb882502fd104a11,2014-11-18
ethereum/go-ethereum,194,committed,2014-11-18T11:03:09Z,NA,obscuren,User,3220a32ff056f5bffed031bf1c4d3b0bc71f1ec9,2014-11-18
ethereum/go-ethereum,194,committed,2014-11-18T11:03:51Z,NA,obscuren,User,34f29d57b6790a38019a8bcef51a6e91d2945cbe,2014-11-18
ethereum/go-ethereum,194,committed,2014-11-18T11:18:27Z,NA,obscuren,User,e08aba5dd9f1e481aab18c6c062c97e0e400f75b,2014-11-18
ethereum/go-ethereum,194,committed,2014-11-18T11:20:14Z,NA,obscuren,User,62cd9946ee16758a4e368cd0b5a0ba9fa4d94705,2014-11-18
ethereum/go-ethereum,194,committed,2014-11-18T15:58:22Z,NA,obscuren,User,a1b6a9ac29d0aa8d29a2c0535bafdb5fe4d4830b,2014-11-18
ethereum/go-ethereum,194,committed,2014-11-18T18:44:17Z,NA,obscuren,User,f8d0cd9906a1ec4a4a1e95868a279312363f8b49,2014-11-18
ethereum/go-ethereum,194,committed,2014-11-18T18:48:35Z,NA,obscuren,User,675ba4d7eb7ab96fa74b803085f042a25f8d8d42,2014-11-18
ethereum/go-ethereum,194,committed,2014-11-18T18:52:45Z,NA,obscuren,User,93e693be72e1a7734e826016316434c1e2320de9,2014-11-18
ethereum/go-ethereum,194,committed,2014-11-18T19:23:17Z,NA,obscuren,User,437d79f09418b24693b4e3fc4d2f88e291b5340f,2014-11-18
ethereum/go-ethereum,194,committed,2014-11-19T11:25:52Z,NA,obscuren,User,14e2e488fdf0f4d6ed1a5a48ffbbe883faa7edb6,2014-11-19
ethereum/go-ethereum,194,committed,2014-11-19T14:05:08Z,NA,obscuren,User,e70529a97785012368e7e0d5b272cccab705e551,2014-11-19
ethereum/go-ethereum,194,committed,2014-11-19T15:21:28Z,NA,obscuren,User,0f460ad26e864ae8b4c4cf99147c5b57a10f3be9,2014-11-19
ethereum/go-ethereum,194,committed,2014-11-19T15:35:57Z,NA,obscuren,User,cab7e6000e20413d697d07a1a6b2abcc85dfc2e1,2014-11-19
ethereum/go-ethereum,194,committed,2014-11-19T15:56:01Z,NA,obscuren,User,b05e63c34d335e65c8c76ed9a9401b74170db617,2014-11-19
ethereum/go-ethereum,194,committed,2014-11-20T17:11:31Z,NA,obscuren,User,12f1aea38d6f9dd9748a95b2d9ea813ae16277a7,2014-11-20
ethereum/go-ethereum,194,committed,2014-11-20T17:20:04Z,NA,obscuren,User,9b8a12b4b53f319f6422a43e43b2274a337d7fec,2014-11-20
ethereum/go-ethereum,194,committed,2014-11-21T15:48:07Z,NA,obscuren,User,8cf9ed0ea588e97f2baf0f834248727e8fbca18f,2014-11-21
ethereum/go-ethereum,194,labeled,2014-11-27T12:23:10Z,NA,obscuren,User,NA,2014-11-27
ethereum/go-ethereum,194,referenced,2014-11-27T12:23:31Z,NA,tgerring,User,NA,2014-11-27
ethereum/go-ethereum,194,merged,2014-11-27T12:23:31Z,NA,tgerring,User,NA,2014-11-27
ethereum/go-ethereum,194,closed,2014-11-27T12:23:31Z,NA,tgerring,User,NA,2014-11-27
ethereum/go-ethereum,194,unlabeled,2014-11-27T12:23:31Z,NA,obscuren,User,NA,2014-11-27
ethereum/go-ethereum,194,referenced,2018-02-09T11:58:04Z,NA,nonsense,User,NA,2018-02-09
ethereum/go-ethereum,194,referenced,2018-09-27T07:39:46Z,NA,ngtuna,User,NA,2018-09-27
ethereum/go-ethereum,194,referenced,2020-04-28T03:24:44Z,NA,Zergity,User,NA,2020-04-28
ethereum/go-ethereum,194,referenced,2020-11-12T23:00:57Z,NA,AusIV,User,NA,2020-11-12
ethereum/go-ethereum,194,referenced,2021-08-13T20:23:11Z,NA,maoueh,User,NA,2021-08-13
ethereum/go-ethereum,194,cross-referenced,2022-11-05T08:55:40Z,NA,AndreiShybin,User,NA,2022-11-05
ethereum/go-ethereum,194,cross-referenced,2022-12-26T05:35:47Z,NA,AndreiShybin,User,NA,2022-12-26
ethereum/go-ethereum,194,referenced,2024-12-02T21:33:29Z,NA,s1na,User,NA,2024-12-02
ethereum/go-ethereum,184,labeled,2014-11-17T00:45:50Z,NA,fjl,User,NA,2014-11-17
ethereum/go-ethereum,184,committed,2014-11-17T00:49:47Z,NA,fjl,User,74266d5bbd95ac07882b09230aec876bf7704f69,2014-11-17
ethereum/go-ethereum,184,head_ref_force_pushed,2014-11-17T00:49:54Z,NA,fjl,User,NA,2014-11-17
ethereum/go-ethereum,184,commented,2014-11-17T10:44:57Z,CONTRIBUTOR,obscuren,User,NA,2014-11-17
ethereum/go-ethereum,184,committed,2014-11-17T11:02:08Z,NA,fjl,User,bd0a50fdc3550eba979b132a92960f1e08110033,2014-11-17
ethereum/go-ethereum,184,referenced,2014-11-17T11:12:18Z,NA,obscuren,User,NA,2014-11-17
ethereum/go-ethereum,184,merged,2014-11-17T11:12:18Z,NA,obscuren,User,NA,2014-11-17
ethereum/go-ethereum,184,closed,2014-11-17T11:12:18Z,NA,obscuren,User,NA,2014-11-17
ethereum/go-ethereum,184,unlabeled,2014-11-17T11:12:20Z,NA,obscuren,User,NA,2014-11-17
ethereum/go-ethereum,184,head_ref_deleted,2015-05-15T21:14:13Z,NA,fjl,User,NA,2015-05-15
ethereum/go-ethereum,184,referenced,2018-06-17T17:40:07Z,NA,rauljordan,User,NA,2018-06-17
ethereum/go-ethereum,184,referenced,2021-08-13T20:23:11Z,NA,maoueh,User,NA,2021-08-13
ethereum/go-ethereum,184,cross-referenced,2022-11-05T08:55:40Z,NA,AndreiShybin,User,NA,2022-11-05
ethereum/go-ethereum,184,referenced,2022-12-20T19:30:27Z,NA,MariusVanDerWijden,User,NA,2022-12-20
ethereum/go-ethereum,184,cross-referenced,2022-12-26T05:35:47Z,NA,AndreiShybin,User,NA,2022-12-26
ethereum/go-ethereum,184,referenced,2023-01-04T20:13:59Z,NA,joshuacolvin0,User,NA,2023-01-04
ethereum/go-ethereum,184,referenced,2023-02-23T14:42:29Z,NA,weiihann,User,NA,2023-02-23
ethereum/go-ethereum,184,referenced,2023-03-20T12:07:23Z,NA,jsign,User,NA,2023-03-20
ethereum/go-ethereum,184,referenced,2023-03-23T17:17:16Z,NA,jsign,User,NA,2023-03-23
ethereum/go-ethereum,184,referenced,2023-08-29T04:05:54Z,NA,rjl493456442,User,NA,2023-08-29
ethereum/go-ethereum,184,referenced,2023-09-27T09:36:12Z,NA,weiihann,User,NA,2023-09-27
ethereum/go-ethereum,184,referenced,2024-12-02T21:33:27Z,NA,s1na,User,NA,2024-12-02
ethereum/go-ethereum,187,committed,2014-11-20T19:16:22Z,NA,erobit,User,0f471291134c0b38df07b9a9cffda5c9807435ae,2014-11-20
ethereum/go-ethereum,187,committed,2014-11-20T19:25:26Z,NA,erobit,User,d5ac24907e0e98329d2db0d982c035f9d2635c6d,2014-11-20
ethereum/go-ethereum,187,committed,2014-11-20T20:02:24Z,NA,erobit,User,c0bbb7e69a0f34020f211061aaa842f1bbedb507,2014-11-20
ethereum/go-ethereum,187,committed,2014-11-21T05:06:33Z,NA,erobit,User,6c098ee779393a85c5a70ba4494b9f22dec9a394,2014-11-21
ethereum/go-ethereum,187,committed,2014-11-21T13:05:52Z,NA,erobit,User,eba3fca7bcc18952c62689f96d600725b9d45402,2014-11-21
ethereum/go-ethereum,187,committed,2014-11-21T13:16:32Z,NA,erobit,User,28b7dcc2041dfa945dc762f73f2524036517f328,2014-11-21
ethereum/go-ethereum,187,referenced,2014-11-21T18:22:14Z,NA,obscuren,User,NA,2014-11-21
ethereum/go-ethereum,187,merged,2014-11-21T18:22:14Z,NA,obscuren,User,NA,2014-11-21
ethereum/go-ethereum,187,closed,2014-11-21T18:22:14Z,NA,obscuren,User,NA,2014-11-21
ethereum/go-ethereum,187,referenced,2018-09-26T09:35:03Z,NA,ngtuna,User,NA,2018-09-26
ethereum/go-ethereum,187,referenced,2020-04-28T03:24:42Z,NA,Zergity,User,NA,2020-04-28
ethereum/go-ethereum,187,referenced,2021-08-13T20:23:11Z,NA,maoueh,User,NA,2021-08-13
ethereum/go-ethereum,187,cross-referenced,2022-11-05T08:55:40Z,NA,AndreiShybin,User,NA,2022-11-05
ethereum/go-ethereum,187,cross-referenced,2022-12-26T05:35:47Z,NA,AndreiShybin,User,NA,2022-12-26
ethereum/go-ethereum,187,referenced,2023-01-04T20:14:00Z,NA,joshuacolvin0,User,NA,2023-01-04
ethereum/go-ethereum,187,referenced,2023-02-23T14:42:30Z,NA,weiihann,User,NA,2023-02-23
ethereum/go-ethereum,187,referenced,2024-12-02T21:33:27Z,NA,s1na,User,NA,2024-12-02
ethereum/go-ethereum,187,referenced,2025-11-26T05:56:28Z,NA,BleuS0sa,User,NA,2025-11-26
ethereum/go-ethereum,192,committed,2014-11-21T20:52:45Z,NA,fjl,User,f38052c499c1fee61423efeddb1f52677f1442e9,2014-11-21
ethereum/go-ethereum,192,committed,2014-11-21T20:52:45Z,NA,fjl,User,7149191dd999f4d192398e4b0821b656e62f3345,2014-11-21
ethereum/go-ethereum,192,committed,2014-11-21T20:52:45Z,NA,fjl,User,e4a601c6444afdc11ce0cb80d7fd83116de2c8b9,2014-11-21
ethereum/go-ethereum,192,committed,2014-11-21T20:52:45Z,NA,fjl,User,59b63caf5e4de64ceb7dcdf01551a080f53b1672,2014-11-21
ethereum/go-ethereum,192,mentioned,2014-11-21T21:01:18Z,NA,zelig,User,NA,2014-11-21
ethereum/go-ethereum,192,subscribed,2014-11-21T21:01:18Z,NA,zelig,User,NA,2014-11-21
ethereum/go-ethereum,192,labeled,2014-11-21T21:01:19Z,NA,fjl,User,NA,2014-11-21
ethereum/go-ethereum,192,commented,2014-11-21T21:07:52Z,CONTRIBUTOR,fjl,User,NA,2014-11-21
ethereum/go-ethereum,192,mentioned,2014-11-21T21:07:52Z,NA,obscuren,User,NA,2014-11-21
ethereum/go-ethereum,192,subscribed,2014-11-21T21:07:52Z,NA,obscuren,User,NA,2014-11-21
ethereum/go-ethereum,192,mentioned,2014-11-21T21:07:52Z,NA,zelig,User,NA,2014-11-21
ethereum/go-ethereum,192,subscribed,2014-11-21T21:07:52Z,NA,zelig,User,NA,2014-11-21
ethereum/go-ethereum,192,commented,2014-11-21T22:03:31Z,CONTRIBUTOR,obscuren,User,NA,2014-11-21
ethereum/go-ethereum,192,commented,2014-11-21T22:56:02Z,CONTRIBUTOR,fjl,User,NA,2014-11-21
ethereum/go-ethereum,192,commented,2014-11-21T23:36:38Z,CONTRIBUTOR,fjl,User,NA,2014-11-21
ethereum/go-ethereum,192,commented,2014-11-22T00:01:02Z,CONTRIBUTOR,obscuren,User,NA,2014-11-22
ethereum/go-ethereum,192,committed,2014-11-24T18:03:11Z,NA,fjl,User,5a5560f1051b51fae34e799ee8d2dfd8d1094e09,2014-11-24
ethereum/go-ethereum,192,committed,2014-11-24T18:03:17Z,NA,fjl,User,205af02a1f13f6712a8f30538ddf31cf0544c8d9,2014-11-24
ethereum/go-ethereum,192,committed,2014-11-24T18:03:20Z,NA,fjl,User,c1fca72552386868d28ce7541691e53e55673549,2014-11-24
ethereum/go-ethereum,192,committed,2014-11-25T11:25:31Z,NA,fjl,User,6049fcd52ab10362721a352cfd7a93a01c3ffa97,2014-11-25
ethereum/go-ethereum,192,committed,2014-11-25T15:00:48Z,NA,fjl,User,f816fdcb692d64cd5196b08c678550060e7e7df7,2014-11-25
ethereum/go-ethereum,192,committed,2014-11-25T15:01:39Z,NA,fjl,User,9b85002b700500d421ba7e13ac2062a6b8090a83,2014-11-25
ethereum/go-ethereum,192,committed,2014-11-26T21:08:54Z,NA,fjl,User,3a09459c4c3c6d4edefa57a9b245402003ae191e,2014-11-26
ethereum/go-ethereum,192,committed,2014-11-26T21:49:40Z,NA,fjl,User,cfd7e74c25fa7d1b443f8527fca8afad14ef4419,2014-11-26
ethereum/go-ethereum,192,merged,2014-12-05T15:27:56Z,NA,obscuren,User,NA,2014-12-05
ethereum/go-ethereum,192,closed,2014-12-05T15:27:56Z,NA,obscuren,User,NA,2014-12-05
ethereum/go-ethereum,192,unlabeled,2014-12-05T15:27:58Z,NA,obscuren,User,NA,2014-12-05
ethereum/go-ethereum,192,head_ref_deleted,2015-05-15T21:14:14Z,NA,fjl,User,NA,2015-05-15
ethereum/go-ethereum,192,cross-referenced,2016-05-07T05:56:48Z,NA,gsj5,User,NA,2016-05-07
ethereum/go-ethereum,192,cross-referenced,2016-05-21T00:49:06Z,NA,fluidvoice,User,NA,2016-05-21
ethereum/go-ethereum,192,referenced,2020-04-28T03:24:43Z,NA,Zergity,User,NA,2020-04-28
ethereum/go-ethereum,192,referenced,2021-11-26T21:34:13Z,NA,maoueh,User,NA,2021-11-26
ethereum/go-ethereum,192,cross-referenced,2022-11-05T08:55:40Z,NA,AndreiShybin,User,NA,2022-11-05
ethereum/go-ethereum,192,cross-referenced,2022-12-26T05:35:47Z,NA,AndreiShybin,User,NA,2022-12-26
ethereum/go-ethereum,192,referenced,2023-01-25T21:39:40Z,NA,jonkofee,User,NA,2023-01-25
ethereum/go-ethereum,192,referenced,2023-02-23T14:42:30Z,NA,weiihann,User,NA,2023-02-23
ethereum/go-ethereum,192,referenced,2023-03-29T16:54:17Z,NA,jsign,User,NA,2023-03-29
ethereum/go-ethereum,192,referenced,2023-08-29T04:05:54Z,NA,rjl493456442,User,NA,2023-08-29
ethereum/go-ethereum,192,referenced,2023-09-27T09:36:13Z,NA,weiihann,User,NA,2023-09-27
ethereum/go-ethereum,192,referenced,2024-12-02T21:33:28Z,NA,s1na,User,NA,2024-12-02
ethereum/go-ethereum,192,line-commented,2014-12-02T22:01:32Z,CONTRIBUTOR,fjl,User,NA,2014-12-02
ethereum/go-ethereum,192,line-commented,2014-12-02T22:03:18Z,CONTRIBUTOR,fjl,User,NA,2014-12-02
ethereum/go-ethereum,192,line-commented,2014-12-02T22:09:39Z,CONTRIBUTOR,obscuren,User,NA,2014-12-02
ethereum/go-ethereum,192,line-commented,2014-12-03T00:11:56Z,CONTRIBUTOR,fjl,User,NA,2014-12-03
ethereum/go-ethereum,193,committed,2014-11-22T19:22:24Z,NA,ebuchman,User,918f152e1f2cd71d3778afb43c096872741b1511,2014-11-22
ethereum/go-ethereum,193,commented,2014-11-23T01:29:41Z,CONTRIBUTOR,ebuchman,User,NA,2014-11-23
ethereum/go-ethereum,193,committed,2014-11-23T04:03:43Z,NA,ebuchman,User,d7985fa3b02a8dacea99397a1465a3847b9f75de,2014-11-23
ethereum/go-ethereum,193,committed,2014-11-23T04:11:04Z,NA,ebuchman,User,6ef0f67b9f5abd7e437a261ac9288338488e9641,2014-11-23
ethereum/go-ethereum,193,committed,2014-11-23T17:09:14Z,NA,ebuchman,User,24523b893d823cf8008be043898b9fbba3cd4514,2014-11-23
ethereum/go-ethereum,193,commented,2014-11-23T17:12:39Z,CONTRIBUTOR,ebuchman,User,NA,2014-11-23
ethereum/go-ethereum,193,renamed,2014-11-23T17:47:44Z,NA,ebuchman,User,NA,2014-11-23
ethereum/go-ethereum,193,commented,2014-11-29T19:43:05Z,CONTRIBUTOR,ebuchman,User,NA,2014-11-29
ethereum/go-ethereum,193,mentioned,2014-11-29T19:43:05Z,NA,tgerring,User,NA,2014-11-29
ethereum/go-ethereum,193,subscribed,2014-11-29T19:43:05Z,NA,tgerring,User,NA,2014-11-29
ethereum/go-ethereum,193,mentioned,2014-11-29T19:43:05Z,NA,obscuren,User,NA,2014-11-29
ethereum/go-ethereum,193,subscribed,2014-11-29T19:43:05Z,NA,obscuren,User,NA,2014-11-29
ethereum/go-ethereum,193,committed,2014-11-29T20:27:35Z,NA,ebuchman,User,f6914301d38ca0a791860630d8d5f631ad01c336,2014-11-29
ethereum/go-ethereum,193,commented,2014-11-29T20:29:37Z,CONTRIBUTOR,ebuchman,User,NA,2014-11-29
ethereum/go-ethereum,193,cross-referenced,2014-11-30T17:55:34Z,NA,ebuchman,User,NA,2014-11-30
ethereum/go-ethereum,193,committed,2014-12-01T20:54:36Z,NA,ebuchman,User,8cc06029cfe7b99fe1ae05a46b5d965b1d69bbbf,2014-12-01
ethereum/go-ethereum,193,commented,2014-12-01T20:57:40Z,CONTRIBUTOR,ebuchman,User,NA,2014-12-01
ethereum/go-ethereum,193,commented,2014-12-01T21:23:11Z,CONTRIBUTOR,obscuren,User,NA,2014-12-01
ethereum/go-ethereum,193,commented,2014-12-18T23:34:05Z,CONTRIBUTOR,obscuren,User,NA,2014-12-18
ethereum/go-ethereum,193,closed,2014-12-18T23:34:05Z,NA,obscuren,User,NA,2014-12-18
ethereum/go-ethereum,193,cross-referenced,2016-05-07T05:56:48Z,NA,gsj5,User,NA,2016-05-07
ethereum/go-ethereum,193,cross-referenced,2016-05-21T00:49:06Z,NA,fluidvoice,User,NA,2016-05-21
ethereum/go-ethereum,193,referenced,2021-08-13T20:23:11Z,NA,maoueh,User,NA,2021-08-13
ethereum/go-ethereum,193,referenced,2021-11-26T21:34:14Z,NA,maoueh,User,NA,2021-11-26
ethereum/go-ethereum,193,cross-referenced,2022-11-05T08:55:40Z,NA,AndreiShybin,User,NA,2022-11-05
ethereum/go-ethereum,193,cross-referenced,2022-12-26T05:35:47Z,NA,AndreiShybin,User,NA,2022-12-26
ethereum/go-ethereum,193,referenced,2023-01-25T21:39:41Z,NA,jonkofee,User,NA,2023-01-25
ethereum/go-ethereum,193,referenced,2023-02-23T14:42:30Z,NA,weiihann,User,NA,2023-02-23
ethereum/go-ethereum,193,referenced,2023-02-23T14:42:34Z,NA,weiihann,User,NA,2023-02-23
ethereum/go-ethereum,193,referenced,2023-03-29T16:54:17Z,NA,jsign,User,NA,2023-03-29
ethereum/go-ethereum,193,referenced,2023-08-29T04:05:54Z,NA,rjl493456442,User,NA,2023-08-29
ethereum/go-ethereum,193,referenced,2023-09-27T09:36:12Z,NA,weiihann,User,NA,2023-09-27
ethereum/go-ethereum,193,referenced,2024-12-02T21:33:28Z,NA,s1na,User,NA,2024-12-02
ethereum/go-ethereum,193,line-commented,2014-11-29T15:48:28Z,CONTRIBUTOR,tgerring,User,NA,2014-11-29
ethereum/go-ethereum,199,committed,2014-11-27T11:42:13Z,NA,tgerring,User,c17a3cb0ceec44c10bc84d05f0d81f08894c792c,2014-11-27
ethereum/go-ethereum,199,committed,2014-11-27T12:23:31Z,NA,tgerring,User,ef7961b7d27be930a4d9dc81527a55497d3dea2e,2014-11-27
ethereum/go-ethereum,199,labeled,2014-12-04T20:30:12Z,NA,obscuren,User,NA,2014-12-04
ethereum/go-ethereum,199,referenced,2014-12-04T22:00:12Z,NA,obscuren,User,NA,2014-12-04
ethereum/go-ethereum,199,merged,2014-12-04T22:00:12Z,NA,obscuren,User,NA,2014-12-04
ethereum/go-ethereum,199,closed,2014-12-04T22:00:12Z,NA,obscuren,User,NA,2014-12-04
ethereum/go-ethereum,199,unlabeled,2014-12-04T22:00:15Z,NA,obscuren,User,NA,2014-12-04
ethereum/go-ethereum,199,referenced,2018-10-23T08:58:22Z,NA,ngtuna,User,NA,2018-10-23
ethereum/go-ethereum,199,referenced,2022-01-20T19:04:38Z,NA,tony-ricciardi,User,NA,2022-01-20
ethereum/go-ethereum,199,referenced,2023-01-04T01:00:19Z,NA,wackerow,User,NA,2023-01-04
ethereum/go-ethereum,199,referenced,2023-01-04T14:16:53Z,NA,nhsz,User,NA,2023-01-04
ethereum/go-ethereum,199,referenced,2023-06-22T19:10:03Z,NA,jsign,User,NA,2023-06-22
ethereum/go-ethereum,199,referenced,2023-08-01T18:44:36Z,NA,sduchesneau,User,NA,2023-08-01
ethereum/go-ethereum,199,referenced,2023-08-29T04:05:55Z,NA,rjl493456442,User,NA,2023-08-29
ethereum/go-ethereum,199,referenced,2023-09-27T09:36:14Z,NA,weiihann,User,NA,2023-09-27
ethereum/go-ethereum,195,committed,2014-11-29T00:42:05Z,NA,ebuchman,User,7c24cd790d39b67ee16ad7f1b1a805fcb131dc8a,2014-11-29
ethereum/go-ethereum,195,cross-referenced,2014-11-29T22:21:01Z,NA,ebuchman,User,NA,2014-11-29
ethereum/go-ethereum,195,commented,2014-11-29T22:21:47Z,CONTRIBUTOR,ebuchman,User,NA,2014-11-29
ethereum/go-ethereum,195,merged,2014-12-18T23:33:38Z,NA,obscuren,User,NA,2014-12-18
ethereum/go-ethereum,195,closed,2014-12-18T23:33:38Z,NA,obscuren,User,NA,2014-12-18
ethereum/go-ethereum,195,referenced,2018-03-01T11:00:59Z,NA,acud,User,NA,2018-03-01
ethereum/go-ethereum,195,referenced,2018-09-27T10:15:51Z,NA,ngtuna,User,NA,2018-09-27
ethereum/go-ethereum,195,referenced,2020-11-12T23:00:57Z,NA,AusIV,User,NA,2020-11-12
ethereum/go-ethereum,195,referenced,2021-08-13T20:23:11Z,NA,maoueh,User,NA,2021-08-13
ethereum/go-ethereum,195,referenced,2022-01-20T19:04:38Z,NA,tony-ricciardi,User,NA,2022-01-20
ethereum/go-ethereum,195,cross-referenced,2022-11-05T08:55:40Z,NA,AndreiShybin,User,NA,2022-11-05
ethereum/go-ethereum,195,referenced,2022-12-20T19:30:28Z,NA,MariusVanDerWijden,User,NA,2022-12-20
ethereum/go-ethereum,195,cross-referenced,2022-12-26T05:35:47Z,NA,AndreiShybin,User,NA,2022-12-26
ethereum/go-ethereum,195,referenced,2023-01-25T21:39:40Z,NA,jonkofee,User,NA,2023-01-25
ethereum/go-ethereum,195,referenced,2023-04-04T13:39:56Z,NA,jsign,User,NA,2023-04-04
ethereum/go-ethereum,195,referenced,2024-12-02T21:33:28Z,NA,s1na,User,NA,2024-12-02
ethereum/go-ethereum,195,referenced,2025-10-24T19:02:26Z,NA,yysung1123,User,NA,2025-10-24
ethereum/go-ethereum,196,committed,2014-11-29T22:12:08Z,NA,ebuchman,User,06da07a58481d778ac931d75c588cd97ab0f6840,2014-11-29
ethereum/go-ethereum,196,committed,2014-11-29T22:14:23Z,NA,ebuchman,User,feb7c9a110fff3304808d59c42525de41869b2b1,2014-11-29
ethereum/go-ethereum,196,cross-referenced,2014-11-29T22:21:47Z,NA,ebuchman,User,NA,2014-11-29
ethereum/go-ethereum,196,commented,2014-11-30T13:17:01Z,CONTRIBUTOR,fjl,User,NA,2014-11-30
ethereum/go-ethereum,196,commented,2014-11-30T17:55:34Z,CONTRIBUTOR,ebuchman,User,NA,2014-11-30
ethereum/go-ethereum,196,commented,2014-11-30T20:53:33Z,CONTRIBUTOR,obscuren,User,NA,2014-11-30
ethereum/go-ethereum,196,closed,2014-11-30T20:53:33Z,NA,obscuren,User,NA,2014-11-30
ethereum/go-ethereum,196,referenced,2018-02-09T11:58:04Z,NA,nonsense,User,NA,2018-02-09
ethereum/go-ethereum,196,referenced,2018-09-28T07:49:00Z,NA,ngtuna,User,NA,2018-09-28
ethereum/go-ethereum,196,referenced,2020-11-12T23:00:57Z,NA,AusIV,User,NA,2020-11-12
ethereum/go-ethereum,196,referenced,2022-01-20T19:04:38Z,NA,tony-ricciardi,User,NA,2022-01-20
ethereum/go-ethereum,196,referenced,2023-02-23T14:42:32Z,NA,weiihann,User,NA,2023-02-23
ethereum/go-ethereum,196,referenced,2023-08-01T18:44:36Z,NA,sduchesneau,User,NA,2023-08-01
ethereum/go-ethereum,196,referenced,2024-04-04T13:21:20Z,NA,atenjin,User,NA,2024-04-04
ethereum/go-ethereum,196,referenced,2025-10-24T19:02:26Z,NA,yysung1123,User,NA,2025-10-24
ethereum/go-ethereum,216,committed,2014-12-04T14:31:48Z,NA,obscuren,User,73c4ca3a6fcf948f4bc637f5c1b55277cf64c06f,2014-12-04
ethereum/go-ethereum,216,committed,2014-12-04T14:35:21Z,NA,obscuren,User,73123bf257934e95e08311d4af9b3382f3dcdb39,2014-12-04
ethereum/go-ethereum,216,committed,2014-12-04T14:38:41Z,NA,obscuren,User,565389815040d518529b973d4a6fc38c08e43e5a,2014-12-04
ethereum/go-ethereum,216,committed,2014-12-04T15:44:14Z,NA,obscuren,User,8c7e4b290fbdfe2c0da451aef03b94bec3c95e4c,2014-12-04
ethereum/go-ethereum,216,committed,2014-12-04T15:44:43Z,NA,obscuren,User,a5b27bbc10d6a145152fc2629043c46ef4a9ca71,2014-12-04
ethereum/go-ethereum,216,committed,2014-12-04T16:09:47Z,NA,obscuren,User,085f604b27c8b3fbd82f2aa9d02a4251df0d5db5,2014-12-04
ethereum/go-ethereum,216,committed,2014-12-04T16:13:23Z,NA,obscuren,User,3db9c8007086e0735695a6477c21056737519db9,2014-12-04
ethereum/go-ethereum,216,committed,2014-12-04T22:54:07Z,NA,obscuren,User,8dbca75d85553f2d9451ee563a919850f05ea1dd,2014-12-04
ethereum/go-ethereum,216,committed,2014-12-04T22:54:40Z,NA,obscuren,User,3cf0477c21376b16492cb0b8705b9c7b951e2fb8,2014-12-04
ethereum/go-ethereum,216,committed,2014-12-05T11:32:47Z,NA,obscuren,User,d80f8bda940a8ae8f6dab1502a46054c06cee5cc,2014-12-05
ethereum/go-ethereum,216,committed,2014-12-05T13:52:36Z,NA,obscuren,User,095cb976758e942b7beba8231686a7738a283e19,2014-12-05
ethereum/go-ethereum,216,committed,2014-12-05T15:26:39Z,NA,obscuren,User,9925916851c00323336e213fc18c83da5fceee94,2014-12-05
ethereum/go-ethereum,216,committed,2014-12-05T15:27:48Z,NA,obscuren,User,f06543fd066e11ac5c36f3eba4f1f82a7a1aefb8,2014-12-05
ethereum/go-ethereum,216,committed,2014-12-08T11:43:33Z,NA,obscuren,User,ebe2d9d872c5482e02508f1d3e9c3a56e8a41d44,2014-12-08
ethereum/go-ethereum,216,committed,2014-12-08T12:16:50Z,NA,obscuren,User,e3a8412df3fe75fe498a3fce64fd2fd691a18183,2014-12-08
ethereum/go-ethereum,216,committed,2014-12-08T13:25:52Z,NA,obscuren,User,76842b0df8b5605682362bd57fbd6eb315bcaf1f,2014-12-08
ethereum/go-ethereum,216,committed,2014-12-09T09:52:05Z,NA,fjl,User,4f12f0697e645a567fac9f13ed8cdb25e1218b84,2014-12-09
ethereum/go-ethereum,216,committed,2014-12-09T09:58:46Z,NA,fjl,User,93e858f88ef9a9a572c2dabd4aef8bbbd678dd97,2014-12-09
ethereum/go-ethereum,216,committed,2014-12-09T09:58:46Z,NA,fjl,User,c084a7daa58117f1864eac5130ccf3290372fd4c,2014-12-09
ethereum/go-ethereum,216,committed,2014-12-09T11:49:20Z,NA,fjl,User,829730dec419112a8e870e1bf0ea20736ab0d02a,2014-12-09
ethereum/go-ethereum,216,committed,2014-12-09T19:27:57Z,NA,obscuren,User,acf4b5753fd473f048176a12c42e1b8209035b57,2014-12-09
ethereum/go-ethereum,216,committed,2014-12-09T19:28:36Z,NA,obscuren,User,df5157c0b0be0feb5366070f7f5d0c6321513bf4,2014-12-09
ethereum/go-ethereum,216,committed,2014-12-09T21:28:49Z,NA,fjl,User,6cf4e0329c05174da7450f38dcba457c9ffea417,2014-12-09
ethereum/go-ethereum,216,committed,2014-12-09T23:02:43Z,NA,obscuren,User,c24018e273e5457f7c5bf6af1b541bb55b19ec8d,2014-12-09
ethereum/go-ethereum,216,committed,2014-12-09T23:03:21Z,NA,obscuren,User,87adff7e189ee0a1fd50a3ef30ba22482e60f314,2014-12-09
ethereum/go-ethereum,216,committed,2014-12-09T23:03:50Z,NA,obscuren,User,984c7e6689f720e0b60a462e00793364de397909,2014-12-09
ethereum/go-ethereum,216,committed,2014-12-09T23:06:17Z,NA,obscuren,User,ce0c4e5d860d4c5dc3c9142dcc24b770ede156d1,2014-12-09
ethereum/go-ethereum,216,committed,2014-12-09T23:06:38Z,NA,obscuren,User,9ff7be68fba4a8aa07c3d1209c06b842adcfd772,2014-12-09
ethereum/go-ethereum,216,committed,2014-12-09T23:09:32Z,NA,obscuren,User,3308491c92ea819826f7606e7a38224e3d2f214a,2014-12-09
ethereum/go-ethereum,216,committed,2014-12-10T09:57:19Z,NA,obscuren,User,1fb84d3c5f486ef0d42a21f3cd8416d6ef211604,2014-12-10
ethereum/go-ethereum,216,committed,2014-12-10T10:04:21Z,NA,obscuren,User,4f1ef89cb21345f3273417ec989164670e880dee,2014-12-10
ethereum/go-ethereum,216,committed,2014-12-10T10:27:10Z,NA,obscuren,User,186948da22feeca138ffb976fbf96033045ad350,2014-12-10
ethereum/go-ethereum,216,committed,2014-12-10T13:17:10Z,NA,obscuren,User,0f5c6c5e2daa9fbf3a0bb753debd8989a872823c,2014-12-10
ethereum/go-ethereum,216,committed,2014-12-10T13:17:32Z,NA,obscuren,User,dda778eda7ad9b94acf14c3c91c1c29e711e170f,2014-12-10
ethereum/go-ethereum,216,committed,2014-12-10T14:29:22Z,NA,obscuren,User,4082c8b61d1e9cc57d9da9b9da5c36ff84895d74,2014-12-10
ethereum/go-ethereum,216,committed,2014-12-10T15:45:16Z,NA,obscuren,User,1b98cbbfa4f587107fa15fccde7d22102ea4b1c0,2014-12-10
ethereum/go-ethereum,216,committed,2014-12-10T15:48:39Z,NA,obscuren,User,af6afbaa56efa15abe6a03665c6674b0e2f591c8,2014-12-10
ethereum/go-ethereum,216,committed,2014-12-10T18:59:12Z,NA,obscuren,User,5553e5aaed5c3f4e303b7d6671d2c92a45aa487e,2014-12-10
ethereum/go-ethereum,216,committed,2014-12-10T19:26:55Z,NA,obscuren,User,2b5fcb464262a7bdd766861b513b2a23706f8b13,2014-12-10
ethereum/go-ethereum,216,committed,2014-12-12T10:34:27Z,NA,obscuren,User,0d57ca486a4db9f2488df5f6be47eb9b09df2004,2014-12-12
ethereum/go-ethereum,216,committed,2014-12-12T10:40:02Z,NA,fjl,User,9423401d73562b2a55398559a9d21af75210d955,2014-12-12
ethereum/go-ethereum,216,committed,2014-12-12T10:40:02Z,NA,fjl,User,e28c60caf9a31669451124a9add2b9036bec1e73,2014-12-12
ethereum/go-ethereum,216,committed,2014-12-12T12:26:01Z,NA,obscuren,User,05fd1dafe2c90d2acec4c2ea8619d8f656934a77,2014-12-12
ethereum/go-ethereum,216,committed,2014-12-12T14:25:21Z,NA,obscuren,User,25cf0c440c5659c27474bc7b87aebcdcca1e4f48,2014-12-12
ethereum/go-ethereum,216,committed,2014-12-12T20:42:21Z,NA,obscuren,User,9e1689df9cdb5e0043a7e3ed104d9aa77fe44229,2014-12-12
ethereum/go-ethereum,216,committed,2014-12-12T21:19:39Z,NA,obscuren,User,ed1538248f2e7a44680d22a052a234a31b736624,2014-12-12
ethereum/go-ethereum,216,committed,2014-12-12T21:23:42Z,NA,obscuren,User,a17a1f9208f858601f6660dbd7f1b77dd9a3f3d9,2014-12-12
ethereum/go-ethereum,216,committed,2014-12-12T21:23:52Z,NA,obscuren,User,1c7fd62e5797be0a6fb79459137152e473f66191,2014-12-12
ethereum/go-ethereum,216,committed,2014-12-12T21:24:04Z,NA,obscuren,User,06e76422b5848283fac78b80ca7a392591bc58e4,2014-12-12
ethereum/go-ethereum,216,committed,2014-12-12T21:24:27Z,NA,obscuren,User,8577e4171ae594c722bad4e034e2b87f15986be3,2014-12-12
ethereum/go-ethereum,216,committed,2014-12-12T21:24:41Z,NA,obscuren,User,bf566a657c2de2ab7818ec14003a33d84302aef3,2014-12-12
ethereum/go-ethereum,216,committed,2014-12-12T21:25:29Z,NA,obscuren,User,aec0c0efcb21db544f0e1aa2e199e70c560d6b43,2014-12-12
ethereum/go-ethereum,216,committed,2014-12-12T21:26:54Z,NA,obscuren,User,ccb4fc8d0370afd85ea9ffca635dae7e792dd66d,2014-12-12
ethereum/go-ethereum,216,committed,2014-12-12T21:27:12Z,NA,obscuren,User,012298980892f4fe2d46f883203338c81ab86248,2014-12-12
ethereum/go-ethereum,216,committed,2014-12-12T21:29:29Z,NA,obscuren,User,4c84db85c52b586d8c30f270b03671f77c9c2534,2014-12-12
ethereum/go-ethereum,216,committed,2014-12-12T21:38:54Z,NA,obscuren,User,f8061fcba8648593e03ce3d847613d8c8e0f4797,2014-12-12
ethereum/go-ethereum,216,committed,2014-12-14T23:28:20Z,NA,fjl,User,65e39bf20eecf7f3296fba531efb72ac28dc0124,2014-12-14
ethereum/go-ethereum,216,committed,2014-12-14T23:28:20Z,NA,fjl,User,f0f672777866a524c36e767a6c313f93f574dd8c,2014-12-14
ethereum/go-ethereum,216,committed,2014-12-14T23:28:20Z,NA,fjl,User,da900f94358a9b293a286066b0922a6f7b5d571c,2014-12-14
ethereum/go-ethereum,216,committed,2014-12-15T09:22:35Z,NA,obscuren,User,15e46b97b46864f7f72b932c0fe586ea6d223406,2014-12-15
ethereum/go-ethereum,216,committed,2014-12-15T09:22:57Z,NA,obscuren,User,c3ba4ace64a99d324b20b27574b5e5066ce14e54,2014-12-15
ethereum/go-ethereum,216,committed,2014-12-15T15:12:34Z,NA,obscuren,User,ef4135eabe5cb25f8972371c5681e1611ce0cde9,2014-12-15
ethereum/go-ethereum,216,committed,2014-12-17T11:57:35Z,NA,obscuren,User,b1c58b76a9588a90db5a773a997bb70265c378d3,2014-12-17
ethereum/go-ethereum,216,committed,2014-12-17T22:58:52Z,NA,obscuren,User,4dbdcaecb117d7e1fcaf0869f5d4602312552991,2014-12-17
ethereum/go-ethereum,216,committed,2014-12-18T10:39:24Z,NA,obscuren,User,df3366d910c2b1ddab986264bc186ca79ba65c4e,2014-12-18
ethereum/go-ethereum,216,committed,2014-12-18T10:55:46Z,NA,obscuren,User,4b2f1f76282069007f2bc6d91a90924ac29fd238,2014-12-18
ethereum/go-ethereum,216,committed,2014-12-18T11:18:19Z,NA,obscuren,User,590aace88dce9922d40fca71e87905383a71d12b,2014-12-18
ethereum/go-ethereum,216,committed,2014-12-18T12:12:54Z,NA,obscuren,User,49e0267fe76cfd13eaf3e5e26caa637b93dbdd29,2014-12-18
ethereum/go-ethereum,216,committed,2014-12-18T12:17:24Z,NA,obscuren,User,2d09e67713757e2a80eb614562c97f962af36cf7,2014-12-18
ethereum/go-ethereum,216,committed,2014-12-18T12:32:47Z,NA,obscuren,User,9e286e1c337319f47b2b04e9e1022ac05470a296,2014-12-18
ethereum/go-ethereum,216,committed,2014-12-18T14:18:13Z,NA,obscuren,User,db494170dc819b1eb0d267b6e1ab36c6cfb63569,2014-12-18
ethereum/go-ethereum,216,committed,2014-12-18T14:33:22Z,NA,obscuren,User,5ad473d7581b92811c3a3e035274a82fc5568f57,2014-12-18
ethereum/go-ethereum,216,committed,2014-12-18T20:58:26Z,NA,obscuren,User,198cc69357a0f25ae486a041786e1239c6f5ab0f,2014-12-18
ethereum/go-ethereum,216,committed,2014-12-18T20:58:53Z,NA,obscuren,User,f7287c626e31e980d5b164935ae913db3855eb81,2014-12-18
ethereum/go-ethereum,216,committed,2014-12-18T21:38:51Z,NA,obscuren,User,332568379454dce6b1fb3c3e023a53d0c52cded0,2014-12-18
ethereum/go-ethereum,216,committed,2014-12-18T22:32:58Z,NA,obscuren,User,4789084998553befa5db1bfe5a14881aa567cb9e,2014-12-18
ethereum/go-ethereum,216,committed,2014-12-18T22:59:40Z,NA,obscuren,User,1e985f986569a68601b052c8949fc6f360e139d9,2014-12-18
ethereum/go-ethereum,216,committed,2014-12-18T22:59:53Z,NA,obscuren,User,a7f4ade7114ee962110cb7c140e7ce7bd3f6664f,2014-12-18
ethereum/go-ethereum,216,committed,2014-12-18T23:18:52Z,NA,obscuren,User,59ef6e36931c980ba15babfb3680514635faebf6,2014-12-18
ethereum/go-ethereum,216,committed,2014-12-18T23:23:00Z,NA,obscuren,User,12671c82eadc367a43502109e5e0237e228da998,2014-12-18
ethereum/go-ethereum,216,committed,2014-12-19T00:18:22Z,NA,obscuren,User,88af879f7ae55249ff7a9669184b52a611e4fb20,2014-12-19
ethereum/go-ethereum,216,committed,2014-12-19T12:34:21Z,NA,obscuren,User,5da5db5a0a149235c742748aa4b3b94d13d6910f,2014-12-19
ethereum/go-ethereum,216,committed,2014-12-19T12:34:53Z,NA,obscuren,User,0e93b98533968f4a0033ec6214391f5ca647a956,2014-12-19
ethereum/go-ethereum,216,committed,2014-12-19T12:59:49Z,NA,obscuren,User,f5b8f3d41b533d51eb81e895ed9b6aa31d7aaaef,2014-12-19
ethereum/go-ethereum,216,committed,2014-12-20T01:21:13Z,NA,obscuren,User,1508a23a6fe3cc50f718bfd6c62caae056534c09,2014-12-20
ethereum/go-ethereum,216,committed,2014-12-20T01:33:45Z,NA,obscuren,User,0a9dc1536c5d776844d6947a0090ff7e1a7c6ab4,2014-12-20
ethereum/go-ethereum,216,committed,2014-12-20T01:34:29Z,NA,obscuren,User,6cff6dd8b863e340851a9ec9a559881ea9520688,2014-12-20
ethereum/go-ethereum,216,committed,2014-12-21T14:13:06Z,NA,obscuren,User,795b14330ad4399ef292835eac452d258dcd7464,2014-12-21
ethereum/go-ethereum,216,labeled,2014-12-21T17:42:02Z,NA,obscuren,User,NA,2014-12-21
ethereum/go-ethereum,216,referenced,2014-12-21T17:42:32Z,NA,tgerring,User,NA,2014-12-21
ethereum/go-ethereum,216,merged,2014-12-21T17:42:33Z,NA,tgerring,User,NA,2014-12-21
ethereum/go-ethereum,216,closed,2014-12-21T17:42:33Z,NA,tgerring,User,NA,2014-12-21
ethereum/go-ethereum,216,unlabeled,2014-12-21T17:42:33Z,NA,obscuren,User,NA,2014-12-21
ethereum/go-ethereum,216,referenced,2018-10-12T09:43:40Z,NA,ngtuna,User,NA,2018-10-12
ethereum/go-ethereum,216,referenced,2020-04-28T03:24:47Z,NA,Zergity,User,NA,2020-04-28
ethereum/go-ethereum,216,referenced,2023-02-23T14:42:32Z,NA,weiihann,User,NA,2023-02-23
ethereum/go-ethereum,216,referenced,2023-08-01T18:44:37Z,NA,sduchesneau,User,NA,2023-08-01
ethereum/go-ethereum,216,referenced,2023-08-29T04:05:55Z,NA,rjl493456442,User,NA,2023-08-29
ethereum/go-ethereum,216,referenced,2023-09-27T09:36:14Z,NA,weiihann,User,NA,2023-09-27
ethereum/go-ethereum,216,referenced,2024-04-04T13:21:21Z,NA,atenjin,User,NA,2024-04-04
ethereum/go-ethereum,216,referenced,2024-12-02T21:33:30Z,NA,s1na,User,NA,2024-12-02
ethereum/go-ethereum,216,referenced,2025-10-24T19:02:28Z,NA,yysung1123,User,NA,2025-10-24
ethereum/go-ethereum,203,committed,2014-12-09T09:52:05Z,NA,fjl,User,4f12f0697e645a567fac9f13ed8cdb25e1218b84,2014-12-09
ethereum/go-ethereum,203,committed,2014-12-09T09:58:46Z,NA,fjl,User,93e858f88ef9a9a572c2dabd4aef8bbbd678dd97,2014-12-09
ethereum/go-ethereum,203,committed,2014-12-09T09:58:46Z,NA,fjl,User,c084a7daa58117f1864eac5130ccf3290372fd4c,2014-12-09
ethereum/go-ethereum,203,labeled,2014-12-09T10:22:36Z,NA,fjl,User,NA,2014-12-09
ethereum/go-ethereum,203,commented,2014-12-09T10:25:28Z,CONTRIBUTOR,fjl,User,NA,2014-12-09
ethereum/go-ethereum,203,committed,2014-12-09T11:49:20Z,NA,fjl,User,829730dec419112a8e870e1bf0ea20736ab0d02a,2014-12-09
ethereum/go-ethereum,203,renamed,2014-12-09T12:58:31Z,NA,fjl,User,NA,2014-12-09
ethereum/go-ethereum,203,committed,2014-12-09T21:28:49Z,NA,fjl,User,6cf4e0329c05174da7450f38dcba457c9ffea417,2014-12-09
ethereum/go-ethereum,203,head_ref_force_pushed,2014-12-09T21:29:07Z,NA,fjl,User,NA,2014-12-09
ethereum/go-ethereum,203,referenced,2014-12-09T23:06:17Z,NA,obscuren,User,NA,2014-12-09
ethereum/go-ethereum,203,merged,2014-12-09T23:06:17Z,NA,obscuren,User,NA,2014-12-09
ethereum/go-ethereum,203,closed,2014-12-09T23:06:17Z,NA,obscuren,User,NA,2014-12-09
ethereum/go-ethereum,203,unlabeled,2014-12-09T23:06:18Z,NA,obscuren,User,NA,2014-12-09
ethereum/go-ethereum,203,commented,2014-12-09T23:06:56Z,CONTRIBUTOR,obscuren,User,NA,2014-12-09
ethereum/go-ethereum,203,head_ref_deleted,2015-05-15T21:14:15Z,NA,fjl,User,NA,2015-05-15
ethereum/go-ethereum,203,referenced,2018-10-05T07:30:43Z,NA,ngtuna,User,NA,2018-10-05
ethereum/go-ethereum,203,referenced,2021-11-26T21:34:14Z,NA,maoueh,User,NA,2021-11-26
ethereum/go-ethereum,203,referenced,2023-01-04T01:00:19Z,NA,wackerow,User,NA,2023-01-04
ethereum/go-ethereum,203,referenced,2023-01-04T14:16:54Z,NA,nhsz,User,NA,2023-01-04
ethereum/go-ethereum,203,referenced,2023-06-22T19:10:04Z,NA,jsign,User,NA,2023-06-22
ethereum/go-ethereum,203,referenced,2023-08-29T04:05:55Z,NA,rjl493456442,User,NA,2023-08-29
ethereum/go-ethereum,203,referenced,2023-09-27T09:36:14Z,NA,weiihann,User,NA,2023-09-27
ethereum/go-ethereum,203,referenced,2024-04-04T13:21:20Z,NA,atenjin,User,NA,2024-04-04
ethereum/go-ethereum,203,referenced,2024-12-02T21:33:29Z,NA,s1na,User,NA,2024-12-02
ethereum/go-ethereum,202,committed,2014-12-09T09:52:05Z,NA,fjl,User,4f12f0697e645a567fac9f13ed8cdb25e1218b84,2014-12-09
ethereum/go-ethereum,202,committed,2014-12-09T09:58:46Z,NA,fjl,User,93e858f88ef9a9a572c2dabd4aef8bbbd678dd97,2014-12-09
ethereum/go-ethereum,202,committed,2014-12-09T09:58:46Z,NA,fjl,User,c084a7daa58117f1864eac5130ccf3290372fd4c,2014-12-09
ethereum/go-ethereum,202,labeled,2014-12-09T10:20:17Z,NA,fjl,User,NA,2014-12-09
ethereum/go-ethereum,202,commented,2014-12-09T10:20:37Z,CONTRIBUTOR,fjl,User,NA,2014-12-09
ethereum/go-ethereum,202,closed,2014-12-09T10:20:37Z,NA,fjl,User,NA,2014-12-09
ethereum/go-ethereum,202,unlabeled,2014-12-09T10:20:38Z,NA,fjl,User,NA,2014-12-09
ethereum/go-ethereum,202,referenced,2018-01-31T02:27:39Z,NA,markya0616,User,NA,2018-01-31
ethereum/go-ethereum,202,referenced,2018-03-01T11:00:59Z,NA,acud,User,NA,2018-03-01
ethereum/go-ethereum,202,referenced,2018-10-05T07:30:43Z,NA,ngtuna,User,NA,2018-10-05
ethereum/go-ethereum,202,referenced,2020-04-28T03:24:44Z,NA,Zergity,User,NA,2020-04-28
ethereum/go-ethereum,202,referenced,2021-02-22T21:09:25Z,NA,AusIV,User,NA,2021-02-22
ethereum/go-ethereum,202,referenced,2021-11-26T21:34:14Z,NA,maoueh,User,NA,2021-11-26
ethereum/go-ethereum,202,referenced,2022-01-20T19:04:39Z,NA,tony-ricciardi,User,NA,2022-01-20
ethereum/go-ethereum,202,referenced,2023-02-23T14:42:31Z,NA,weiihann,User,NA,2023-02-23
ethereum/go-ethereum,202,referenced,2023-06-22T19:10:04Z,NA,jsign,User,NA,2023-06-22
ethereum/go-ethereum,202,referenced,2023-08-29T04:05:55Z,NA,rjl493456442,User,NA,2023-08-29
ethereum/go-ethereum,202,referenced,2023-09-27T09:36:14Z,NA,weiihann,User,NA,2023-09-27
ethereum/go-ethereum,202,referenced,2024-01-04T20:32:42Z,NA,sduchesneau,User,NA,2024-01-04
ethereum/go-ethereum,202,referenced,2024-12-02T21:33:29Z,NA,s1na,User,NA,2024-12-02
ethereum/go-ethereum,204,labeled,2014-12-09T23:59:25Z,NA,fjl,User,NA,2014-12-09
ethereum/go-ethereum,204,renamed,2014-12-10T00:00:09Z,NA,fjl,User,NA,2014-12-10
ethereum/go-ethereum,204,committed,2014-12-12T10:40:02Z,NA,fjl,User,9423401d73562b2a55398559a9d21af75210d955,2014-12-12
ethereum/go-ethereum,204,committed,2014-12-12T10:40:02Z,NA,fjl,User,e28c60caf9a31669451124a9add2b9036bec1e73,2014-12-12
ethereum/go-ethereum,204,committed,2014-12-14T23:28:20Z,NA,fjl,User,65e39bf20eecf7f3296fba531efb72ac28dc0124,2014-12-14
ethereum/go-ethereum,204,committed,2014-12-14T23:28:20Z,NA,fjl,User,f0f672777866a524c36e767a6c313f93f574dd8c,2014-12-14
ethereum/go-ethereum,204,committed,2014-12-14T23:28:20Z,NA,fjl,User,da900f94358a9b293a286066b0922a6f7b5d571c,2014-12-14
ethereum/go-ethereum,204,head_ref_force_pushed,2014-12-14T23:38:02Z,NA,fjl,User,NA,2014-12-14
ethereum/go-ethereum,204,referenced,2014-12-15T09:22:35Z,NA,obscuren,User,NA,2014-12-15
ethereum/go-ethereum,204,merged,2014-12-15T09:22:35Z,NA,obscuren,User,NA,2014-12-15
ethereum/go-ethereum,204,closed,2014-12-15T09:22:35Z,NA,obscuren,User,NA,2014-12-15
ethereum/go-ethereum,204,unlabeled,2014-12-15T09:22:35Z,NA,obscuren,User,NA,2014-12-15
ethereum/go-ethereum,204,head_ref_deleted,2015-05-15T21:14:17Z,NA,fjl,User,NA,2015-05-15
ethereum/go-ethereum,204,referenced,2018-03-01T11:00:59Z,NA,acud,User,NA,2018-03-01
ethereum/go-ethereum,204,referenced,2018-10-05T08:30:28Z,NA,ngtuna,User,NA,2018-10-05
ethereum/go-ethereum,204,referenced,2020-04-28T03:24:44Z,NA,Zergity,User,NA,2020-04-28
ethereum/go-ethereum,204,referenced,2021-08-13T20:23:11Z,NA,maoueh,User,NA,2021-08-13
ethereum/go-ethereum,204,referenced,2021-11-26T21:34:14Z,NA,maoueh,User,NA,2021-11-26
ethereum/go-ethereum,204,cross-referenced,2022-11-05T08:55:40Z,NA,AndreiShybin,User,NA,2022-11-05
ethereum/go-ethereum,204,cross-referenced,2022-12-26T05:35:47Z,NA,AndreiShybin,User,NA,2022-12-26
ethereum/go-ethereum,204,referenced,2023-08-29T04:05:54Z,NA,rjl493456442,User,NA,2023-08-29
ethereum/go-ethereum,204,referenced,2023-09-27T09:36:13Z,NA,weiihann,User,NA,2023-09-27
ethereum/go-ethereum,204,referenced,2025-10-24T19:02:26Z,NA,yysung1123,User,NA,2025-10-24
ethereum/go-ethereum,205,committed,2014-12-10T14:51:47Z,NA,zelig,User,47793b606c33e93d9a4295ba4db12165182d9e72,2014-12-10
ethereum/go-ethereum,205,committed,2014-12-10T14:51:47Z,NA,zelig,User,31a9fdced84cdefd17f98f1c6a018cb1ab67ad8a,2014-12-10
ethereum/go-ethereum,205,committed,2014-12-10T14:51:47Z,NA,zelig,User,e74f9f27dbd8917d06cbaf68395893358d476f68,2014-12-10
ethereum/go-ethereum,205,committed,2014-12-10T14:51:47Z,NA,zelig,User,3e38f8af23bfed66e392bb570449e739c10d2641,2014-12-10
ethereum/go-ethereum,205,labeled,2014-12-10T14:54:57Z,NA,zelig,User,NA,2014-12-10
ethereum/go-ethereum,205,committed,2014-12-12T14:25:21Z,NA,obscuren,User,25cf0c440c5659c27474bc7b87aebcdcca1e4f48,2014-12-12
ethereum/go-ethereum,205,committed,2014-12-12T20:42:21Z,NA,obscuren,User,9e1689df9cdb5e0043a7e3ed104d9aa77fe44229,2014-12-12
ethereum/go-ethereum,205,committed,2014-12-12T21:19:39Z,NA,obscuren,User,ed1538248f2e7a44680d22a052a234a31b736624,2014-12-12
ethereum/go-ethereum,205,committed,2014-12-12T21:23:42Z,NA,obscuren,User,a17a1f9208f858601f6660dbd7f1b77dd9a3f3d9,2014-12-12
ethereum/go-ethereum,205,committed,2014-12-12T21:23:52Z,NA,obscuren,User,1c7fd62e5797be0a6fb79459137152e473f66191,2014-12-12
ethereum/go-ethereum,205,committed,2014-12-12T21:24:04Z,NA,obscuren,User,06e76422b5848283fac78b80ca7a392591bc58e4,2014-12-12
ethereum/go-ethereum,205,committed,2014-12-12T21:24:27Z,NA,obscuren,User,8577e4171ae594c722bad4e034e2b87f15986be3,2014-12-12
ethereum/go-ethereum,205,committed,2014-12-12T21:24:41Z,NA,obscuren,User,bf566a657c2de2ab7818ec14003a33d84302aef3,2014-12-12
ethereum/go-ethereum,205,committed,2014-12-12T21:25:29Z,NA,obscuren,User,aec0c0efcb21db544f0e1aa2e199e70c560d6b43,2014-12-12
ethereum/go-ethereum,205,committed,2014-12-12T21:27:12Z,NA,obscuren,User,012298980892f4fe2d46f883203338c81ab86248,2014-12-12
ethereum/go-ethereum,205,committed,2014-12-12T21:29:29Z,NA,obscuren,User,4c84db85c52b586d8c30f270b03671f77c9c2534,2014-12-12
ethereum/go-ethereum,205,committed,2014-12-12T21:38:54Z,NA,obscuren,User,f8061fcba8648593e03ce3d847613d8c8e0f4797,2014-12-12
ethereum/go-ethereum,205,committed,2014-12-14T20:27:05Z,NA,zelig,User,e5aa38cb0f846cde3e0d70e751cfa6d53a889e99,2014-12-14
ethereum/go-ethereum,205,committed,2014-12-14T20:27:05Z,NA,zelig,User,eb5cb04aa991d59a6597479fbddf5dec51093ed6,2014-12-14
ethereum/go-ethereum,205,committed,2014-12-14T20:27:06Z,NA,zelig,User,d957dd2c9f5adefdedf702223de39634c1f4a32b,2014-12-14
ethereum/go-ethereum,205,committed,2014-12-14T20:27:06Z,NA,zelig,User,4366fdfc13d68357c1f94cd3355ef50e35980920,2014-12-14
ethereum/go-ethereum,205,committed,2014-12-14T20:27:06Z,NA,zelig,User,02017ed0e019ea2692c1e184873d09f41551a0ec,2014-12-14
ethereum/go-ethereum,205,committed,2014-12-14T20:27:06Z,NA,zelig,User,c44e02589877722af7ef61738ff7ec05a7a14279,2014-12-14
ethereum/go-ethereum,205,committed,2014-12-14T20:27:06Z,NA,zelig,User,3308d82b234f93dbba80d332e495dcf157aacbe8,2014-12-14
ethereum/go-ethereum,205,committed,2014-12-14T20:27:06Z,NA,zelig,User,76070b46742338f354ab47a2c5a202e808daae23,2014-12-14
ethereum/go-ethereum,205,committed,2014-12-14T20:27:06Z,NA,zelig,User,148de1c8757413f171dbf2fd3e8e5a5976eb7dc9,2014-12-14
ethereum/go-ethereum,205,committed,2014-12-14T20:27:06Z,NA,zelig,User,118862f1ba058fa90414ab9ec6deb1ab5aac6590,2014-12-14
ethereum/go-ethereum,205,committed,2014-12-14T20:27:06Z,NA,zelig,User,b89ed8eb7bc9ced4a7daa33cc81e1579a6d2ddfc,2014-12-14
ethereum/go-ethereum,205,committed,2014-12-14T20:27:06Z,NA,zelig,User,c2af10d256f9fb29f86fc0c33abafeb62ebbe570,2014-12-14
ethereum/go-ethereum,205,committed,2014-12-14T20:27:06Z,NA,zelig,User,5022a31889f87b95dd664cac2b049d5081e4af61,2014-12-14
ethereum/go-ethereum,205,committed,2014-12-14T20:30:56Z,NA,zelig,User,39d86a28e7d27bf1f6a2e2e298b52614ee0b9be3,2014-12-14
ethereum/go-ethereum,205,committed,2014-12-14T20:30:56Z,NA,zelig,User,d84810d89df128d9120a4562bb9e6334ba6a33d4,2014-12-14
ethereum/go-ethereum,205,committed,2014-12-14T20:30:56Z,NA,zelig,User,50e1dcc43a3eb4d32147d10c29c0edeadeca6f78,2014-12-14
ethereum/go-ethereum,205,committed,2014-12-14T20:30:56Z,NA,zelig,User,ae7c1e3e55610cc28bb4f79ede5660dd89c019c5,2014-12-14
ethereum/go-ethereum,205,committed,2014-12-14T20:30:56Z,NA,zelig,User,d9b16c1197f607a52ad62c71425b690bee973c3f,2014-12-14
ethereum/go-ethereum,205,committed,2014-12-14T20:31:43Z,NA,zelig,User,7d02c4fdb7abc6c35f9b9c593cbbfc524d92f6e0,2014-12-14
ethereum/go-ethereum,205,committed,2014-12-14T20:31:43Z,NA,zelig,User,e847aaca3eff9f7ecd45426ad335d55bcdf4c4ae,2014-12-14
ethereum/go-ethereum,205,committed,2014-12-14T20:34:28Z,NA,zelig,User,0add0c400f0dda50c443352a255af704e71bdd3c,2014-12-14
ethereum/go-ethereum,205,committed,2014-12-14T20:37:07Z,NA,zelig,User,2dd8f411473f23e61983506aaa1c37efec043ac0,2014-12-14
ethereum/go-ethereum,205,committed,2014-12-14T20:39:34Z,NA,zelig,User,5e4d77b2b8020a106a13762c49ef40acac619a9c,2014-12-14
ethereum/go-ethereum,205,committed,2014-12-14T20:40:08Z,NA,zelig,User,4dfce4624dcc89302ec0b1f22cf853a8382fb7c7,2014-12-14
ethereum/go-ethereum,205,committed,2014-12-14T20:42:08Z,NA,zelig,User,01dc1c13942867d0579f5010a560da4073ece05e,2014-12-14
ethereum/go-ethereum,205,committed,2014-12-14T20:45:12Z,NA,zelig,User,7b39cc83cc5dcbcab6b2c35b81ea593628bbdb1f,2014-12-14
ethereum/go-ethereum,205,committed,2014-12-14T20:45:12Z,NA,zelig,User,e77b720ead2e8f91f6f98664a66953c3826269c6,2014-12-14
ethereum/go-ethereum,205,committed,2014-12-14T20:52:28Z,NA,zelig,User,61940b2275a8f3c77d906947b2d1126bb6c3b21d,2014-12-14
ethereum/go-ethereum,205,committed,2014-12-14T20:53:20Z,NA,zelig,User,4c89d5331f41fa93e6840893c6727b05eabe5f99,2014-12-14
ethereum/go-ethereum,205,committed,2014-12-14T20:57:29Z,NA,zelig,User,72290f67fee2be183981c9672d830040466187bd,2014-12-14
ethereum/go-ethereum,205,committed,2014-12-14T21:02:59Z,NA,zelig,User,702801a549d6644d48bab77b2da0395e1c44f7d7,2014-12-14
ethereum/go-ethereum,205,committed,2014-12-14T23:17:27Z,NA,zelig,User,835bf56efd5931bb4f12c1ef10b0daea1a4934c5,2014-12-14
ethereum/go-ethereum,205,committed,2014-12-15T01:07:32Z,NA,zelig,User,27405881ece39ae21198a42f68b961c5c842429d,2014-12-15
ethereum/go-ethereum,205,commented,2014-12-15T14:45:35Z,CONTRIBUTOR,obscuren,User,NA,2014-12-15
ethereum/go-ethereum,205,closed,2014-12-15T14:45:35Z,NA,obscuren,User,NA,2014-12-15
ethereum/go-ethereum,205,unlabeled,2014-12-15T14:45:36Z,NA,obscuren,User,NA,2014-12-15
ethereum/go-ethereum,205,referenced,2021-08-13T20:23:11Z,NA,maoueh,User,NA,2021-08-13
ethereum/go-ethereum,205,referenced,2023-02-23T14:42:32Z,NA,weiihann,User,NA,2023-02-23
ethereum/go-ethereum,205,referenced,2023-08-01T18:44:36Z,NA,sduchesneau,User,NA,2023-08-01
ethereum/go-ethereum,205,referenced,2023-08-29T04:05:54Z,NA,rjl493456442,User,NA,2023-08-29
ethereum/go-ethereum,205,referenced,2023-09-27T09:36:13Z,NA,weiihann,User,NA,2023-09-27
ethereum/go-ethereum,205,referenced,2024-04-04T13:21:21Z,NA,atenjin,User,NA,2024-04-04
ethereum/go-ethereum,205,referenced,2024-12-02T21:33:29Z,NA,s1na,User,NA,2024-12-02
ethereum/go-ethereum,205,referenced,2025-10-24T19:02:26Z,NA,yysung1123,User,NA,2025-10-24
ethereum/go-ethereum,206,committed,2014-12-12T16:50:07Z,NA,tgerring,User,a92ccfc5c661d578972cbec44cca7738d9977a7c,2014-12-12
ethereum/go-ethereum,206,labeled,2014-12-12T16:53:12Z,NA,obscuren,User,NA,2014-12-12
ethereum/go-ethereum,206,committed,2014-12-12T16:54:32Z,NA,tgerring,User,ca7f385294ef2e9bc3ad34ce6653e773072e163d,2014-12-12
ethereum/go-ethereum,206,referenced,2014-12-12T21:26:54Z,NA,obscuren,User,NA,2014-12-12
ethereum/go-ethereum,206,merged,2014-12-12T21:26:54Z,NA,obscuren,User,NA,2014-12-12
ethereum/go-ethereum,206,closed,2014-12-12T21:26:54Z,NA,obscuren,User,NA,2014-12-12
ethereum/go-ethereum,206,unlabeled,2014-12-12T21:26:54Z,NA,obscuren,User,NA,2014-12-12
ethereum/go-ethereum,206,referenced,2018-02-09T11:58:04Z,NA,nonsense,User,NA,2018-02-09
ethereum/go-ethereum,206,referenced,2018-10-08T03:50:00Z,NA,ngtuna,User,NA,2018-10-08
ethereum/go-ethereum,206,referenced,2020-04-28T03:24:44Z,NA,Zergity,User,NA,2020-04-28
ethereum/go-ethereum,206,referenced,2021-08-13T20:23:11Z,NA,maoueh,User,NA,2021-08-13
ethereum/go-ethereum,206,referenced,2021-11-26T21:34:15Z,NA,maoueh,User,NA,2021-11-26
ethereum/go-ethereum,206,referenced,2023-02-23T14:42:31Z,NA,weiihann,User,NA,2023-02-23
ethereum/go-ethereum,206,referenced,2023-08-01T18:44:36Z,NA,sduchesneau,User,NA,2023-08-01
ethereum/go-ethereum,206,referenced,2023-08-29T04:05:54Z,NA,rjl493456442,User,NA,2023-08-29
ethereum/go-ethereum,206,referenced,2023-09-27T09:36:13Z,NA,weiihann,User,NA,2023-09-27
ethereum/go-ethereum,206,referenced,2024-12-02T21:33:29Z,NA,s1na,User,NA,2024-12-02
ethereum/go-ethereum,207,committed,2014-12-13T14:51:42Z,NA,,,b48acc2171fff28973e830f7da02600fe5ee2ddb,2014-12-13
ethereum/go-ethereum,207,labeled,2014-12-13T14:54:36Z,NA,obscuren,User,NA,2014-12-13
ethereum/go-ethereum,207,commented,2014-12-13T15:57:39Z,CONTRIBUTOR,obscuren,User,NA,2014-12-13
ethereum/go-ethereum,207,closed,2014-12-13T15:57:39Z,NA,obscuren,User,NA,2014-12-13
ethereum/go-ethereum,207,unlabeled,2014-12-13T15:57:39Z,NA,obscuren,User,NA,2014-12-13
ethereum/go-ethereum,207,referenced,2018-01-31T02:27:39Z,NA,markya0616,User,NA,2018-01-31
ethereum/go-ethereum,207,referenced,2018-10-23T08:58:22Z,NA,ngtuna,User,NA,2018-10-23
ethereum/go-ethereum,207,referenced,2021-08-13T20:23:11Z,NA,maoueh,User,NA,2021-08-13
ethereum/go-ethereum,207,referenced,2022-01-20T19:04:38Z,NA,tony-ricciardi,User,NA,2022-01-20
ethereum/go-ethereum,207,referenced,2022-01-20T19:04:39Z,NA,tony-ricciardi,User,NA,2022-01-20
ethereum/go-ethereum,207,referenced,2022-01-20T19:04:39Z,NA,tony-ricciardi,User,NA,2022-01-20
ethereum/go-ethereum,207,referenced,2023-02-23T14:42:31Z,NA,weiihann,User,NA,2023-02-23
ethereum/go-ethereum,207,referenced,2023-08-29T04:05:54Z,NA,rjl493456442,User,NA,2023-08-29
ethereum/go-ethereum,207,referenced,2023-09-27T09:36:13Z,NA,weiihann,User,NA,2023-09-27
ethereum/go-ethereum,207,referenced,2024-12-02T21:33:29Z,NA,s1na,User,NA,2024-12-02
ethereum/go-ethereum,211,committed,2014-12-15T21:36:59Z,NA,fjl,User,aa3b91b8026c665ee53f768f8b94c3abe1713bf6,2014-12-15
ethereum/go-ethereum,211,labeled,2014-12-15T21:49:46Z,NA,fjl,User,NA,2014-12-15
ethereum/go-ethereum,211,referenced,2014-12-15T21:50:05Z,NA,obscuren,User,NA,2014-12-15
ethereum/go-ethereum,211,merged,2014-12-15T21:50:05Z,NA,obscuren,User,NA,2014-12-15
ethereum/go-ethereum,211,closed,2014-12-15T21:50:05Z,NA,obscuren,User,NA,2014-12-15
ethereum/go-ethereum,211,unlabeled,2014-12-15T21:50:07Z,NA,obscuren,User,NA,2014-12-15
ethereum/go-ethereum,211,cross-referenced,2014-12-15T21:51:06Z,NA,fjl,User,NA,2014-12-15
ethereum/go-ethereum,211,head_ref_deleted,2015-05-15T21:14:17Z,NA,fjl,User,NA,2015-05-15
ethereum/go-ethereum,211,referenced,2018-10-10T10:03:54Z,NA,ngtuna,User,NA,2018-10-10
ethereum/go-ethereum,211,referenced,2020-04-28T03:24:45Z,NA,Zergity,User,NA,2020-04-28
ethereum/go-ethereum,211,referenced,2021-08-13T20:23:12Z,NA,maoueh,User,NA,2021-08-13
ethereum/go-ethereum,211,referenced,2021-12-15T16:17:13Z,NA,maoueh,User,NA,2021-12-15
ethereum/go-ethereum,211,referenced,2022-01-20T19:04:39Z,NA,tony-ricciardi,User,NA,2022-01-20
ethereum/go-ethereum,211,referenced,2023-02-23T14:42:31Z,NA,weiihann,User,NA,2023-02-23
ethereum/go-ethereum,211,referenced,2024-04-04T13:21:20Z,NA,atenjin,User,NA,2024-04-04
ethereum/go-ethereum,211,referenced,2024-12-02T21:33:29Z,NA,s1na,User,NA,2024-12-02
ethereum/go-ethereum,211,referenced,2025-10-24T19:02:27Z,NA,yysung1123,User,NA,2025-10-24
ethereum/go-ethereum,213,committed,2014-12-17T11:57:35Z,NA,obscuren,User,b1c58b76a9588a90db5a773a997bb70265c378d3,2014-12-17
ethereum/go-ethereum,213,labeled,2014-12-17T11:59:49Z,NA,obscuren,User,NA,2014-12-17
ethereum/go-ethereum,213,referenced,2014-12-17T12:00:05Z,NA,obscuren,User,NA,2014-12-17
ethereum/go-ethereum,213,merged,2014-12-17T12:00:05Z,NA,obscuren,User,NA,2014-12-17
ethereum/go-ethereum,213,closed,2014-12-17T12:00:05Z,NA,obscuren,User,NA,2014-12-17
ethereum/go-ethereum,213,unlabeled,2014-12-17T12:00:07Z,NA,obscuren,User,NA,2014-12-17
ethereum/go-ethereum,213,referenced,2022-01-20T19:04:40Z,NA,tony-ricciardi,User,NA,2022-01-20
ethereum/go-ethereum,213,referenced,2023-02-23T14:42:32Z,NA,weiihann,User,NA,2023-02-23
ethereum/go-ethereum,213,referenced,2023-08-01T18:44:36Z,NA,sduchesneau,User,NA,2023-08-01
ethereum/go-ethereum,213,referenced,2024-12-02T21:33:29Z,NA,s1na,User,NA,2024-12-02
ethereum/go-ethereum,217,committed,2014-12-21T17:18:43Z,NA,tgerring,User,176c98eb66dcbd55c5944bac555d9172609c739f,2014-12-21
ethereum/go-ethereum,217,committed,2014-12-21T17:19:33Z,NA,tgerring,User,b3629c6f62bd3774eb8858819a8ee07dfb775b73,2014-12-21
ethereum/go-ethereum,217,committed,2014-12-21T17:42:32Z,NA,tgerring,User,1360f027d9e365242466ca346b2b56f421729d91,2014-12-21
ethereum/go-ethereum,217,committed,2014-12-21T18:05:59Z,NA,tgerring,User,7a79428278412ab1f73708af51bce063b000b7a7,2014-12-21
ethereum/go-ethereum,217,committed,2014-12-21T18:06:24Z,NA,tgerring,User,bab78bbeb691d95bdd0222435af0c11cb3485a79,2014-12-21
ethereum/go-ethereum,217,committed,2014-12-21T19:21:24Z,NA,tgerring,User,7ddebd7a7593a00b80757f3239f32099755405ca,2014-12-21
ethereum/go-ethereum,217,committed,2014-12-21T19:34:48Z,NA,tgerring,User,f7ec759ef03ac900f129536a1c101050b3623127,2014-12-21
ethereum/go-ethereum,217,committed,2014-12-21T19:46:06Z,NA,tgerring,User,03dc6ec0d42171c1642430baaf8881bb59de3d8f,2014-12-21
ethereum/go-ethereum,217,committed,2014-12-21T20:31:19Z,NA,tgerring,User,26bf95731ba7a469e13d996f291795a817cff480,2014-12-21
ethereum/go-ethereum,217,committed,2014-12-21T20:36:13Z,NA,tgerring,User,05da381c15bed6f46c6ee54e9f8bdfc6c2bb6f64,2014-12-21
ethereum/go-ethereum,217,committed,2014-12-21T20:46:32Z,NA,tgerring,User,43bf3b4a783e53e5954d9aa19b1423dbfed85029,2014-12-21
ethereum/go-ethereum,217,committed,2014-12-21T20:54:51Z,NA,tgerring,User,4fd4facf35dc8a2f273fd5e4acacf5c62baa0de2,2014-12-21
ethereum/go-ethereum,217,labeled,2014-12-21T21:02:39Z,NA,obscuren,User,NA,2014-12-21
ethereum/go-ethereum,217,commented,2014-12-21T21:06:48Z,NONE,coveralls,User,NA,2014-12-21
ethereum/go-ethereum,217,referenced,2014-12-22T10:42:28Z,NA,obscuren,User,NA,2014-12-22
ethereum/go-ethereum,217,merged,2014-12-22T10:42:28Z,NA,obscuren,User,NA,2014-12-22
ethereum/go-ethereum,217,closed,2014-12-22T10:42:28Z,NA,obscuren,User,NA,2014-12-22
ethereum/go-ethereum,217,unlabeled,2014-12-22T10:42:30Z,NA,obscuren,User,NA,2014-12-22
ethereum/go-ethereum,217,head_ref_deleted,2015-02-02T18:41:54Z,NA,tgerring,User,NA,2015-02-02
ethereum/go-ethereum,217,referenced,2018-06-30T17:21:46Z,NA,prestonvanloon,User,NA,2018-06-30
ethereum/go-ethereum,217,referenced,2018-10-23T08:58:22Z,NA,ngtuna,User,NA,2018-10-23
ethereum/go-ethereum,217,referenced,2020-04-28T03:24:45Z,NA,Zergity,User,NA,2020-04-28
ethereum/go-ethereum,217,referenced,2020-11-16T16:15:56Z,NA,meowsbits,User,NA,2020-11-16
ethereum/go-ethereum,217,referenced,2021-08-13T20:23:12Z,NA,maoueh,User,NA,2021-08-13
ethereum/go-ethereum,217,referenced,2022-01-20T19:04:38Z,NA,tony-ricciardi,User,NA,2022-01-20
ethereum/go-ethereum,217,referenced,2023-02-23T14:42:33Z,NA,weiihann,User,NA,2023-02-23
ethereum/go-ethereum,217,referenced,2023-08-01T18:44:37Z,NA,sduchesneau,User,NA,2023-08-01
ethereum/go-ethereum,217,referenced,2023-08-29T04:05:55Z,NA,rjl493456442,User,NA,2023-08-29
ethereum/go-ethereum,217,referenced,2023-09-27T09:36:13Z,NA,weiihann,User,NA,2023-09-27
ethereum/go-ethereum,217,referenced,2024-04-04T13:21:21Z,NA,atenjin,User,NA,2024-04-04
ethereum/go-ethereum,253,committed,2014-12-21T19:09:47Z,NA,zelig,User,dbc22690e5e16617342bb4679fc4bc72acb215d2,2014-12-21
ethereum/go-ethereum,253,committed,2015-01-05T16:10:56Z,NA,zelig,User,6dd253f56414d70ccf3d4b5d3a373e4550e7d467,2015-01-05
ethereum/go-ethereum,253,committed,2015-01-05T19:30:30Z,NA,zelig,User,1fb47697e10eb242c8057605c841bfb6910610a5,2015-01-05
ethereum/go-ethereum,253,committed,2015-01-06T02:08:15Z,NA,zelig,User,bdb4f9dd83668edb5e5c93f9f2c5b3d50fbc2709,2015-01-06
ethereum/go-ethereum,253,committed,2015-01-06T15:59:01Z,NA,zelig,User,bcce94b1ad35b217851b30378c73986fe709ff56,2015-01-06
ethereum/go-ethereum,253,committed,2015-01-06T18:15:26Z,NA,zelig,User,707b929acda6d7a10f19443e6673d79d6dda6ed7,2015-01-06
ethereum/go-ethereum,253,committed,2015-01-06T18:15:52Z,NA,zelig,User,04bb359ba835a5589f42bd0eaf1f99c395bc716e,2015-01-06
ethereum/go-ethereum,253,committed,2015-01-06T18:16:44Z,NA,zelig,User,3d41559fda0ed39207dc471d7cc08e3389272785,2015-01-06
ethereum/go-ethereum,253,committed,2015-01-06T18:20:07Z,NA,zelig,User,72deabeb422b4ffacfa79c12d5baf2251dd3e74c,2015-01-06
ethereum/go-ethereum,253,committed,2015-01-06T18:23:16Z,NA,zelig,User,b2bcb3210742eb3c7c321f999efaf0e9c2bb74fc,2015-01-06
ethereum/go-ethereum,253,committed,2015-01-07T18:07:30Z,NA,zelig,User,34c7c6b767004a7cd9ff73b5d82c7ca9a55de535,2015-01-07
ethereum/go-ethereum,253,committed,2015-01-07T18:08:10Z,NA,zelig,User,211ee7e4f3188fa9ad0e5e2de0425be92e2fd69d,2015-01-07
ethereum/go-ethereum,253,committed,2015-01-07T18:19:48Z,NA,zelig,User,67ccc4f2f619977ddb624fed3891a9295bf342ec,2015-01-07
ethereum/go-ethereum,253,committed,2015-01-07T18:35:10Z,NA,zelig,User,caa651aaecf38f84f02731b7585dcc39552a7c22,2015-01-07
ethereum/go-ethereum,253,committed,2015-01-07T18:49:57Z,NA,zelig,User,13ca81544b8530dff8f9a541251928f0c43e6783,2015-01-07
ethereum/go-ethereum,253,committed,2015-01-08T11:35:55Z,NA,zelig,User,c8aa9f1e75c22f64444e98b78eb1bdd18ebb0a53,2015-01-08
ethereum/go-ethereum,253,committed,2015-01-08T11:46:14Z,NA,zelig,User,44e9ebbf9197798d7584eb3cea74d09bd333fc65,2015-01-08
ethereum/go-ethereum,253,committed,2015-01-08T11:49:51Z,NA,zelig,User,84dd3d8bdc561359b99189d18a07bf5b3d96eff1,2015-01-08
ethereum/go-ethereum,253,committed,2015-01-09T07:54:15Z,NA,zelig,User,10f86ae89d8515d5c74f126e691c00716d49bfb8,2015-01-09
ethereum/go-ethereum,253,committed,2015-01-09T11:34:26Z,NA,zelig,User,15873f5e24cc89e776c3a4f09f399058fa88d6bc,2015-01-09
ethereum/go-ethereum,253,committed,2015-01-09T12:15:31Z,NA,zelig,User,26c625d8e61cc18a16d2d38b13140faca0c55b85,2015-01-09
ethereum/go-ethereum,253,committed,2015-01-09T15:01:19Z,NA,zelig,User,c55c67dbb4eedf033bf64af7060e2ba185d2ea57,2015-01-09
ethereum/go-ethereum,253,committed,2015-01-09T17:50:03Z,NA,zelig,User,550c88920d1088b17b68c9e325abaa1b8815a5a3,2015-01-09
ethereum/go-ethereum,253,committed,2015-01-09T17:52:30Z,NA,zelig,User,88533a37ab6f8828bc8bf0437aa003d484f3c423,2015-01-09
ethereum/go-ethereum,253,mentioned,2015-01-09T22:26:57Z,NA,fjl,User,NA,2015-01-09
ethereum/go-ethereum,253,subscribed,2015-01-09T22:26:57Z,NA,fjl,User,NA,2015-01-09
ethereum/go-ethereum,253,labeled,2015-01-09T22:26:58Z,NA,zelig,User,NA,2015-01-09
ethereum/go-ethereum,253,commented,2015-01-09T23:54:03Z,CONTRIBUTOR,fjl,User,NA,2015-01-09
ethereum/go-ethereum,253,labeled,2015-01-09T23:59:55Z,NA,obscuren,User,NA,2015-01-09
ethereum/go-ethereum,253,commented,2015-01-10T00:38:48Z,CONTRIBUTOR,zelig,User,NA,2015-01-10
ethereum/go-ethereum,253,closed,2015-02-13T22:35:55Z,NA,obscuren,User,NA,2015-02-13
ethereum/go-ethereum,253,unlabeled,2015-02-13T22:35:55Z,NA,obscuren,User,NA,2015-02-13
ethereum/go-ethereum,253,head_ref_deleted,2018-05-25T14:45:42Z,NA,gbalint,User,NA,2018-05-25
ethereum/go-ethereum,253,referenced,2018-11-10T02:55:48Z,NA,ngtuna,User,NA,2018-11-10
ethereum/go-ethereum,253,referenced,2020-04-28T03:24:49Z,NA,Zergity,User,NA,2020-04-28
ethereum/go-ethereum,253,referenced,2021-08-13T20:23:13Z,NA,maoueh,User,NA,2021-08-13
ethereum/go-ethereum,253,referenced,2024-01-04T20:32:40Z,NA,sduchesneau,User,NA,2024-01-04
ethereum/go-ethereum,253,referenced,2024-04-04T13:21:23Z,NA,atenjin,User,NA,2024-04-04
ethereum/go-ethereum,253,referenced,2024-09-02T19:32:04Z,NA,luanxu-mch,User,NA,2024-09-02
ethereum/go-ethereum,253,referenced,2024-12-02T21:33:32Z,NA,s1na,User,NA,2024-12-02
ethereum/go-ethereum,230,committed,2015-01-02T00:24:46Z,NA,zelig,User,d55d6a5c199ac40ffb4dec0dc25922f04e46f88e,2015-01-02
ethereum/go-ethereum,230,committed,2015-01-02T00:27:06Z,NA,zelig,User,52706be77b3f7daf76b7316076423549043996c1,2015-01-02
ethereum/go-ethereum,230,committed,2015-01-02T00:28:51Z,NA,zelig,User,98f98f9fd8994e7b0ba63970c6292e5f4a1bdefd,2015-01-02
ethereum/go-ethereum,230,committed,2015-01-02T00:29:28Z,NA,zelig,User,7a09ad7763cb054cbae9c06d5aeae1bef502bd93,2015-01-02
ethereum/go-ethereum,230,committed,2015-01-02T00:31:13Z,NA,zelig,User,9b203faa23462009b2d2d2391dd44d33150d51bd,2015-01-02
ethereum/go-ethereum,230,committed,2015-01-02T00:41:54Z,NA,zelig,User,254fc1fe3f9de37381a183e0e066af8c6dd3abfb,2015-01-02
ethereum/go-ethereum,230,committed,2015-01-02T17:17:50Z,NA,zelig,User,acc8ff30791eca8320fe159d274cd8a43bc4644e,2015-01-02
ethereum/go-ethereum,230,committed,2015-01-02T18:54:59Z,NA,zelig,User,c610c53a9e13dcfab373b223461fed3b65d7dde5,2015-01-02
ethereum/go-ethereum,230,committed,2015-01-02T20:32:43Z,NA,zelig,User,53aa639c5113874914d3918aa4e56921634acc0d,2015-01-02
ethereum/go-ethereum,230,committed,2015-01-02T20:33:58Z,NA,zelig,User,b39aaa044195da74d122b581fddbfacfe60d1f59,2015-01-02
ethereum/go-ethereum,230,committed,2015-01-02T22:39:37Z,NA,zelig,User,add19a68826db939d11f47c9412e6cd94608a74d,2015-01-02
ethereum/go-ethereum,230,committed,2015-01-03T00:11:50Z,NA,zelig,User,63bbf4571e94e02d218acedef0856638bcce5270,2015-01-03
ethereum/go-ethereum,230,committed,2015-01-03T03:09:25Z,NA,zelig,User,45c7944a0224ff46c6bbd3bbaffe3a1f77d16b9e,2015-01-03
ethereum/go-ethereum,230,committed,2015-01-03T03:39:44Z,NA,zelig,User,a7ac361c8f50328563e9e93f457d7f16de40ff19,2015-01-03
ethereum/go-ethereum,230,committed,2015-01-03T03:41:29Z,NA,zelig,User,9ab3530df386d67bfc72af116b6a9ae375d71470,2015-01-03
ethereum/go-ethereum,230,committed,2015-01-03T04:28:24Z,NA,zelig,User,72432fb16451f96e29ad8a0170b0f58013208087,2015-01-03
ethereum/go-ethereum,230,committed,2015-01-03T05:25:55Z,NA,zelig,User,621062f65376a9f56b3a8769fcd9e32cf31cf6cb,2015-01-03
ethereum/go-ethereum,230,committed,2015-01-03T09:37:12Z,NA,zelig,User,8566350936e59a1ba95326802737f564b85ac8ec,2015-01-03
ethereum/go-ethereum,230,committed,2015-01-03T09:41:01Z,NA,zelig,User,cf936492759df44b8688bb20ffc45d94f507fab2,2015-01-03
ethereum/go-ethereum,230,committed,2015-01-03T10:21:08Z,NA,zelig,User,08dd3f0f204e07cd407c764a9083fbef14fe7d09,2015-01-03
ethereum/go-ethereum,230,committed,2015-01-03T13:57:04Z,NA,zelig,User,d50f33d183cb4d0037a9f0d2e498e1a3150de889,2015-01-03
ethereum/go-ethereum,230,committed,2015-01-03T13:57:57Z,NA,zelig,User,50d834d3f2c6b3e89826f7398cfe1520d0601068,2015-01-03
ethereum/go-ethereum,230,committed,2015-01-03T13:59:18Z,NA,zelig,User,6d848d0e0e82cd77e500c5557b9ad7e5c966e6dd,2015-01-03
ethereum/go-ethereum,230,committed,2015-01-03T14:00:04Z,NA,zelig,User,8d779769469192559950c686b3c7682584f08080,2015-01-03
ethereum/go-ethereum,230,committed,2015-01-03T14:25:14Z,NA,zelig,User,4249bfb7dc3d0d00b563a47773d2b25f0fb1514c,2015-01-03
ethereum/go-ethereum,230,committed,2015-01-03T14:57:31Z,NA,zelig,User,9380644db0657c8e34a1075ab19af27d24f142ae,2015-01-03
ethereum/go-ethereum,230,committed,2015-01-03T16:34:33Z,NA,zelig,User,ba0ede120109ec10f685d9943dcf39bec8976f97,2015-01-03
ethereum/go-ethereum,230,committed,2015-01-03T23:12:55Z,NA,fjl,User,037866dc3c3a7329a5090b72c0e8f9076d81a9ab,2015-01-03
ethereum/go-ethereum,230,committed,2015-01-03T23:13:44Z,NA,fjl,User,e771873980ed72a0cf123d47ba24e8b4a40996db,2015-01-03
ethereum/go-ethereum,230,committed,2015-01-03T23:14:56Z,NA,fjl,User,3ce2a440530a7bb861bb956b207e29299b71c049,2015-01-03
ethereum/go-ethereum,230,committed,2015-01-03T23:21:14Z,NA,fjl,User,2ef85b4d82d78d4c21c9c223d7b81c93f3ffd965,2015-01-03
ethereum/go-ethereum,230,committed,2015-01-03T23:46:55Z,NA,zelig,User,15319150873397294b46030395ebb75cf112ff24,2015-01-03
ethereum/go-ethereum,230,committed,2015-01-04T14:47:21Z,NA,zelig,User,cde204401b0e3a583f2d04b175fb384b12ebe14e,2015-01-04
ethereum/go-ethereum,230,committed,2015-01-04T14:47:21Z,NA,zelig,User,a49243d5ef8c8b4ca7baa421c3d29d8355dcea44,2015-01-04
ethereum/go-ethereum,230,committed,2015-01-04T14:47:22Z,NA,zelig,User,5399fced473b7d4e6f8ddda2aca8756531428269,2015-01-04
ethereum/go-ethereum,230,committed,2015-01-04T14:59:16Z,NA,zelig,User,16f64fd52360af7332c382a4f2930441f9e41299,2015-01-04
ethereum/go-ethereum,230,committed,2015-01-04T14:59:16Z,NA,zelig,User,febd1d779b5a28c4d04ae096973da5c52b5b9c27,2015-01-04
ethereum/go-ethereum,230,committed,2015-01-04T14:59:16Z,NA,zelig,User,aae5cbc74533e385bad5151a67526c7bb779feef,2015-01-04
ethereum/go-ethereum,230,committed,2015-01-04T14:59:16Z,NA,zelig,User,4757aa0c2e9e118ab252639b3574d4f4440e9fd1,2015-01-04
ethereum/go-ethereum,230,committed,2015-01-04T15:02:01Z,NA,zelig,User,d82df7e30ffb41f4df2aeeaa97e23e0e0212169f,2015-01-04
ethereum/go-ethereum,230,committed,2015-01-04T15:02:01Z,NA,zelig,User,470812464e9caecc5523b1aaceeaff60f0a3e211,2015-01-04
ethereum/go-ethereum,230,committed,2015-01-04T15:02:01Z,NA,zelig,User,f129798a77069eef59ab33de0708396f325b7cb2,2015-01-04
ethereum/go-ethereum,230,committed,2015-01-04T15:02:01Z,NA,zelig,User,81fe46897ce40fa0b15973f8e704b69b12ff65f3,2015-01-04
ethereum/go-ethereum,230,committed,2015-01-04T15:02:01Z,NA,zelig,User,340eac708caecbeca216760eff5db1ec3f6b372d,2015-01-04
ethereum/go-ethereum,230,committed,2015-01-04T15:02:01Z,NA,zelig,User,e2b8e05a712abd169f2e073d88719e22523df575,2015-01-04
ethereum/go-ethereum,230,committed,2015-01-04T15:02:02Z,NA,zelig,User,b768d146207ca7882248bca75cfa39dea189f2a1,2015-01-04
ethereum/go-ethereum,230,committed,2015-01-04T15:02:02Z,NA,zelig,User,60d73fa26197375cedd7f681404a3da4dc609c3c,2015-01-04
ethereum/go-ethereum,230,committed,2015-01-04T15:02:02Z,NA,zelig,User,eb88474d8423702a43f84f787c8aa48eaf7b06a2,2015-01-04
ethereum/go-ethereum,230,committed,2015-01-04T15:02:02Z,NA,zelig,User,0e5e7eb31071e0db60b6138c1d5d6a683b2e45f3,2015-01-04
ethereum/go-ethereum,230,committed,2015-01-04T15:02:02Z,NA,zelig,User,b356a9fb64271f9c3fc36d61936945635c1dc2a5,2015-01-04
ethereum/go-ethereum,230,committed,2015-01-04T15:02:02Z,NA,zelig,User,f91a39e43cd6032d75a00404f3e17182107be469,2015-01-04
ethereum/go-ethereum,230,committed,2015-01-04T15:02:02Z,NA,zelig,User,74f4456ccf2b0d90a953b544a3fef962b29f45f0,2015-01-04
ethereum/go-ethereum,230,committed,2015-01-04T15:02:02Z,NA,zelig,User,a77468bddd746e40a4296061ef053386eb5bac56,2015-01-04
ethereum/go-ethereum,230,committed,2015-01-04T15:02:02Z,NA,zelig,User,b63ca7a01aaabfb8b5f8578afa1f354fd235a3ce,2015-01-04
ethereum/go-ethereum,230,committed,2015-01-04T15:02:02Z,NA,zelig,User,5f1bce095d76cff90157a061d9c0578ea00561de,2015-01-04
ethereum/go-ethereum,230,committed,2015-01-04T15:02:02Z,NA,zelig,User,50f8ae81a15078261d062bed3bf6d1fbb5fc43a1,2015-01-04
ethereum/go-ethereum,230,committed,2015-01-04T15:02:02Z,NA,zelig,User,43877af5b5e46a86e625b75300cf484419dc4492,2015-01-04
ethereum/go-ethereum,230,committed,2015-01-04T15:02:02Z,NA,zelig,User,c2184512bb4e83cc71312d626844316d283488a7,2015-01-04
ethereum/go-ethereum,230,committed,2015-01-04T15:13:10Z,NA,zelig,User,b44289ec1279bf1e6ac4ffc49df20119fde74175,2015-01-04
ethereum/go-ethereum,230,committed,2015-01-04T15:13:10Z,NA,zelig,User,ca719a271166e97da008cad7ec0d38aa16a4df6c,2015-01-04
ethereum/go-ethereum,230,committed,2015-01-04T15:13:10Z,NA,fjl,User,50c03756caed866726a07eb74b01f5918732ec75,2015-01-04
ethereum/go-ethereum,230,committed,2015-01-04T15:13:11Z,NA,fjl,User,1869e5fd7a61b7633a7c9686d65f2f020b055d29,2015-01-04
ethereum/go-ethereum,230,committed,2015-01-04T15:13:11Z,NA,fjl,User,a7c9534512a97f038838ded4d32913e15f0e05da,2015-01-04
ethereum/go-ethereum,230,committed,2015-01-04T15:13:11Z,NA,fjl,User,362189f85d8df20a73a6ac58256b0713fc122f45,2015-01-04
ethereum/go-ethereum,230,committed,2015-01-04T15:13:11Z,NA,zelig,User,2916e3a287a28d69d53961ad3288b9bf53233fe5,2015-01-04
ethereum/go-ethereum,230,committed,2015-01-04T15:25:33Z,NA,zelig,User,e54bb4e68b98c68d6177bb36315dff83dc27e99e,2015-01-04
ethereum/go-ethereum,230,committed,2015-01-04T16:02:15Z,NA,zelig,User,5d957e6d9a53fa5b49c66c602f768804bcdb518e,2015-01-04
ethereum/go-ethereum,230,committed,2015-01-04T16:09:32Z,NA,zelig,User,8dc088871892b03f77877d057cd1516796bff90d,2015-01-04
ethereum/go-ethereum,230,committed,2015-01-04T16:18:35Z,NA,zelig,User,bc59160b77c45cd9ce56ff34c361687a5003c386,2015-01-04
ethereum/go-ethereum,230,committed,2015-01-04T21:39:53Z,NA,zelig,User,51d7ab79249952a7802be6ca38171926d886165f,2015-01-04
ethereum/go-ethereum,230,committed,2015-01-04T21:58:58Z,NA,fjl,User,68335e8aac9fcf3e53fdb73e979e9c2f5640254f,2015-01-04
ethereum/go-ethereum,230,committed,2015-01-04T22:09:01Z,NA,zelig,User,0bd94fcbeddf632be3b96874cb374c6bcbf1e1eb,2015-01-04
ethereum/go-ethereum,230,committed,2015-01-04T22:41:24Z,NA,fjl,User,c40eebcfd2afcfb2a242c20ee0774323ea5212a9,2015-01-04
ethereum/go-ethereum,230,committed,2015-01-04T22:49:57Z,NA,zelig,User,28ba7dd68e6e7b51d5386fa924f6d722244eae8b,2015-01-04
ethereum/go-ethereum,230,committed,2015-01-05T00:59:11Z,NA,zelig,User,251f37e58945dea32f59b60e4630f897f074602a,2015-01-05
ethereum/go-ethereum,230,committed,2015-01-05T01:00:23Z,NA,zelig,User,38edc428eb7dbe9868d2663a355c774b8ca8e17a,2015-01-05
ethereum/go-ethereum,230,committed,2015-01-05T01:06:34Z,NA,zelig,User,a4c9a9949426fb0843258094ab2397d774de2393,2015-01-05
ethereum/go-ethereum,230,committed,2015-01-05T02:18:46Z,NA,zelig,User,5720bc6e2f5dec106acfa3d213cbb95b0d6376b4,2015-01-05
ethereum/go-ethereum,230,committed,2015-01-05T03:20:01Z,NA,zelig,User,1278173372a014df469c983f8b51c2b546a97cdb,2015-01-05
ethereum/go-ethereum,230,committed,2015-01-05T04:03:57Z,NA,zelig,User,89763b33a782a43bc7d99535be43e7e74b74b833,2015-01-05
ethereum/go-ethereum,230,committed,2015-01-05T04:05:45Z,NA,zelig,User,05f122fec527ffc0cf2e77e933639f9bb6e6d72c,2015-01-05
ethereum/go-ethereum,230,committed,2015-01-05T04:06:23Z,NA,zelig,User,2391eef7d644eeeba945c460c2d1efd58888d84b,2015-01-05
ethereum/go-ethereum,230,committed,2015-01-05T04:06:56Z,NA,zelig,User,4f1f021ede9276c6e376f801579049be9e2d094c,2015-01-05
ethereum/go-ethereum,230,committed,2015-01-05T04:30:59Z,NA,zelig,User,04754ab9444ddfa118faefd5b53055721e1324ac,2015-01-05
ethereum/go-ethereum,230,committed,2015-01-05T04:31:40Z,NA,zelig,User,eb7db451baa6575fa93aa7adaa0c3a2502a6d17b,2015-01-05
ethereum/go-ethereum,230,committed,2015-01-05T04:58:34Z,NA,zelig,User,de2089158ae337d60e0741e1c98dba467e78c9d7,2015-01-05
ethereum/go-ethereum,230,committed,2015-01-05T05:31:42Z,NA,zelig,User,e39273ef50ef740a3e9c8b1f5eeabe55d4dab9d4,2015-01-05
ethereum/go-ethereum,230,committed,2015-01-05T05:33:42Z,NA,zelig,User,81f83726114fd24f2669b8039487e0dfa4e0395e,2015-01-05
ethereum/go-ethereum,230,committed,2015-01-05T05:46:51Z,NA,zelig,User,aec5c3857f8cba7dae479ce4ba802590a1cf0ce0,2015-01-05
ethereum/go-ethereum,230,committed,2015-01-05T05:52:39Z,NA,zelig,User,8477815ad2f908dd0bcc76408ce997ef382b5a76,2015-01-05
ethereum/go-ethereum,230,committed,2015-01-05T06:17:41Z,NA,zelig,User,3e0cf8779d213555c4b52f3f5650e64883078bf2,2015-01-05
ethereum/go-ethereum,230,committed,2015-01-05T06:52:37Z,NA,zelig,User,40f54da68077097e98c11dd481cd20fa094fb676,2015-01-05
ethereum/go-ethereum,230,committed,2015-01-05T06:53:03Z,NA,zelig,User,3eeb3cd156abbe3a61ad48a5a8f1b041863ae0e7,2015-01-05
ethereum/go-ethereum,230,committed,2015-01-05T06:56:14Z,NA,zelig,User,fbb72c893c6ad56ffdeec9fa7b6cd195ca66a561,2015-01-05
ethereum/go-ethereum,230,labeled,2015-01-05T07:00:35Z,NA,zelig,User,NA,2015-01-05
ethereum/go-ethereum,230,committed,2015-01-05T07:04:00Z,NA,zelig,User,871dc14266021198a7fd5eaf3d8cca0d684c2d71,2015-01-05
ethereum/go-ethereum,230,renamed,2015-01-05T07:16:49Z,NA,zelig,User,NA,2015-01-05
ethereum/go-ethereum,230,cross-referenced,2015-01-05T07:18:32Z,NA,zelig,User,NA,2015-01-05
ethereum/go-ethereum,230,cross-referenced,2015-01-05T07:18:52Z,NA,zelig,User,NA,2015-01-05
ethereum/go-ethereum,230,committed,2015-01-05T11:54:37Z,NA,zelig,User,a05f02b4380eb325d3a1033856065fc048abd0be,2015-01-05
ethereum/go-ethereum,230,closed,2015-01-05T16:42:39Z,NA,obscuren,User,NA,2015-01-05
ethereum/go-ethereum,230,unlabeled,2015-01-05T16:42:40Z,NA,obscuren,User,NA,2015-01-05
ethereum/go-ethereum,230,head_ref_deleted,2015-03-08T10:07:44Z,NA,zelig,User,NA,2015-03-08
ethereum/go-ethereum,230,referenced,2018-10-24T02:27:39Z,NA,ngtuna,User,NA,2018-10-24
ethereum/go-ethereum,230,referenced,2021-08-13T20:23:12Z,NA,maoueh,User,NA,2021-08-13
ethereum/go-ethereum,230,referenced,2023-08-29T04:05:56Z,NA,rjl493456442,User,NA,2023-08-29
ethereum/go-ethereum,230,referenced,2023-09-27T09:36:14Z,NA,weiihann,User,NA,2023-09-27
ethereum/go-ethereum,230,referenced,2024-01-04T20:32:32Z,NA,sduchesneau,User,NA,2024-01-04
ethereum/go-ethereum,230,referenced,2024-04-04T13:21:21Z,NA,atenjin,User,NA,2024-04-04
ethereum/go-ethereum,230,referenced,2024-12-02T21:33:30Z,NA,s1na,User,NA,2024-12-02
ethereum/go-ethereum,229,committed,2015-01-03T13:15:43Z,NA,fjl,User,19d9cc33e47512bcc24e2ef0f2d2e84ccb3f3e8a,2015-01-03
ethereum/go-ethereum,229,committed,2015-01-03T13:16:48Z,NA,fjl,User,2111cb9d7bc16fc65821d62a23d7895c9da02068,2015-01-03
ethereum/go-ethereum,229,committed,2015-01-03T13:17:29Z,NA,fjl,User,274124b8dc16c5cba589cdc5dd8b2eb05b60caf2,2015-01-03
ethereum/go-ethereum,229,labeled,2015-01-03T13:20:49Z,NA,fjl,User,NA,2015-01-03
ethereum/go-ethereum,229,commented,2015-01-03T20:58:48Z,CONTRIBUTOR,zelig,User,NA,2015-01-03
ethereum/go-ethereum,229,closed,2015-01-03T20:58:48Z,NA,zelig,User,NA,2015-01-03
ethereum/go-ethereum,229,unlabeled,2015-01-03T20:58:50Z,NA,zelig,User,NA,2015-01-03
ethereum/go-ethereum,229,head_ref_deleted,2015-05-15T21:14:24Z,NA,fjl,User,NA,2015-05-15
ethereum/go-ethereum,229,referenced,2018-02-09T11:58:04Z,NA,nonsense,User,NA,2018-02-09
ethereum/go-ethereum,229,referenced,2023-02-26T14:05:04Z,NA,weiihann,User,NA,2023-02-26
ethereum/go-ethereum,229,referenced,2023-08-29T04:05:55Z,NA,rjl493456442,User,NA,2023-08-29
ethereum/go-ethereum,229,referenced,2023-09-27T09:36:14Z,NA,weiihann,User,NA,2023-09-27
ethereum/go-ethereum,229,referenced,2024-01-04T20:32:32Z,NA,sduchesneau,User,NA,2024-01-04
ethereum/go-ethereum,229,referenced,2024-09-02T19:32:03Z,NA,luanxu-mch,User,NA,2024-09-02
ethereum/go-ethereum,233,labeled,2015-01-05T12:33:29Z,NA,fjl,User,NA,2015-01-05
ethereum/go-ethereum,233,head_ref_force_pushed,2015-01-05T12:34:40Z,NA,fjl,User,NA,2015-01-05
ethereum/go-ethereum,233,committed,2015-01-05T12:45:38Z,NA,fjl,User,b907a5d76542789e8258c7957981a0ef65fe48d6,2015-01-05
ethereum/go-ethereum,233,head_ref_force_pushed,2015-01-05T12:46:02Z,NA,fjl,User,NA,2015-01-05
ethereum/go-ethereum,233,referenced,2015-01-05T16:42:52Z,NA,obscuren,User,NA,2015-01-05
ethereum/go-ethereum,233,merged,2015-01-05T16:42:52Z,NA,obscuren,User,NA,2015-01-05
ethereum/go-ethereum,233,closed,2015-01-05T16:42:52Z,NA,obscuren,User,NA,2015-01-05
ethereum/go-ethereum,233,unlabeled,2015-01-05T16:43:11Z,NA,obscuren,User,NA,2015-01-05
ethereum/go-ethereum,233,referenced,2018-10-25T03:14:54Z,NA,ngtuna,User,NA,2018-10-25
ethereum/go-ethereum,233,referenced,2020-11-16T16:15:57Z,NA,meowsbits,User,NA,2020-11-16
ethereum/go-ethereum,233,referenced,2022-01-20T19:04:39Z,NA,tony-ricciardi,User,NA,2022-01-20
ethereum/go-ethereum,233,referenced,2023-02-26T14:05:05Z,NA,weiihann,User,NA,2023-02-26
ethereum/go-ethereum,233,referenced,2023-08-01T18:44:38Z,NA,sduchesneau,User,NA,2023-08-01
ethereum/go-ethereum,233,referenced,2024-04-04T13:21:22Z,NA,atenjin,User,NA,2024-04-04
ethereum/go-ethereum,233,referenced,2024-09-02T19:32:03Z,NA,luanxu-mch,User,NA,2024-09-02
ethereum/go-ethereum,233,referenced,2025-10-24T19:02:28Z,NA,yysung1123,User,NA,2025-10-24
ethereum/go-ethereum,235,committed,2015-01-05T16:38:39Z,NA,fjl,User,04c0f7e15c03dc1ff9b809c93a7c55c9b5174db6,2015-01-05
ethereum/go-ethereum,235,committed,2015-01-05T16:42:20Z,NA,fjl,User,ec4dee0fcd6cd571ffd146cbebb7367e91457a46,2015-01-05
ethereum/go-ethereum,235,labeled,2015-01-05T16:45:48Z,NA,fjl,User,NA,2015-01-05
ethereum/go-ethereum,235,referenced,2015-01-05T16:48:04Z,NA,obscuren,User,NA,2015-01-05
ethereum/go-ethereum,235,merged,2015-01-05T16:48:04Z,NA,obscuren,User,NA,2015-01-05
ethereum/go-ethereum,235,closed,2015-01-05T16:48:04Z,NA,obscuren,User,NA,2015-01-05
ethereum/go-ethereum,235,unlabeled,2015-01-05T16:49:46Z,NA,obscuren,User,NA,2015-01-05
ethereum/go-ethereum,235,head_ref_deleted,2015-05-15T21:14:29Z,NA,fjl,User,NA,2015-05-15
ethereum/go-ethereum,235,referenced,2018-02-09T11:58:04Z,NA,nonsense,User,NA,2018-02-09
ethereum/go-ethereum,235,referenced,2018-10-25T08:21:01Z,NA,ngtuna,User,NA,2018-10-25
ethereum/go-ethereum,235,referenced,2020-11-16T16:15:57Z,NA,meowsbits,User,NA,2020-11-16
ethereum/go-ethereum,235,referenced,2021-08-13T20:23:12Z,NA,maoueh,User,NA,2021-08-13
ethereum/go-ethereum,235,referenced,2021-12-15T16:17:14Z,NA,maoueh,User,NA,2021-12-15
ethereum/go-ethereum,235,referenced,2022-01-20T19:04:41Z,NA,tony-ricciardi,User,NA,2022-01-20
ethereum/go-ethereum,235,referenced,2023-08-01T18:44:38Z,NA,sduchesneau,User,NA,2023-08-01
ethereum/go-ethereum,235,referenced,2023-09-27T09:36:16Z,NA,weiihann,User,NA,2023-09-27
ethereum/go-ethereum,235,referenced,2024-09-02T19:32:03Z,NA,luanxu-mch,User,NA,2024-09-02
ethereum/go-ethereum,235,referenced,2024-12-02T21:33:31Z,NA,s1na,User,NA,2024-12-02
ethereum/go-ethereum,239,labeled,2015-01-06T11:21:14Z,NA,fjl,User,NA,2015-01-06
ethereum/go-ethereum,239,committed,2015-01-06T11:23:36Z,NA,fjl,User,fde0ddb324788a51a94bd0f605bb8f935db2f7f4,2015-01-06
ethereum/go-ethereum,239,committed,2015-01-06T11:23:37Z,NA,fjl,User,be977858562941ed8b8bd96eff65fbca1d1c4e4f,2015-01-06
ethereum/go-ethereum,239,committed,2015-01-06T11:23:37Z,NA,fjl,User,545e14691bd467992c905aa34fac71e25ef76108,2015-01-06
ethereum/go-ethereum,239,committed,2015-01-06T11:23:37Z,NA,fjl,User,4c8c115a7633e39b85738cd7919c7d3e3e722e7a,2015-01-06
ethereum/go-ethereum,239,committed,2015-01-06T11:23:37Z,NA,fjl,User,36e1e5f15142b37801844a072eb46ea67fbc8868,2015-01-06
ethereum/go-ethereum,239,committed,2015-01-06T11:23:38Z,NA,fjl,User,eb0e7b1b8120852a1d56aa0ebd3a98e652965635,2015-01-06
ethereum/go-ethereum,239,committed,2015-01-06T11:23:38Z,NA,fjl,User,b0ff946b55c23f0fffc50a700bcb255f95855afc,2015-01-06
ethereum/go-ethereum,239,committed,2015-01-06T11:23:38Z,NA,fjl,User,3caa4ad1baba3019c06733e1a80d78d9a57137bb,2015-01-06
ethereum/go-ethereum,239,head_ref_force_pushed,2015-01-06T11:25:38Z,NA,fjl,User,NA,2015-01-06
ethereum/go-ethereum,239,referenced,2015-01-06T12:13:16Z,NA,obscuren,User,NA,2015-01-06
ethereum/go-ethereum,239,merged,2015-01-06T12:13:16Z,NA,obscuren,User,NA,2015-01-06
ethereum/go-ethereum,239,closed,2015-01-06T12:13:16Z,NA,obscuren,User,NA,2015-01-06
ethereum/go-ethereum,239,unlabeled,2015-01-06T12:13:17Z,NA,obscuren,User,NA,2015-01-06
ethereum/go-ethereum,239,head_ref_deleted,2015-05-15T21:14:30Z,NA,fjl,User,NA,2015-05-15
ethereum/go-ethereum,239,referenced,2018-11-10T02:55:48Z,NA,ngtuna,User,NA,2018-11-10
ethereum/go-ethereum,239,referenced,2021-08-13T20:23:12Z,NA,maoueh,User,NA,2021-08-13
ethereum/go-ethereum,239,referenced,2022-01-20T19:04:39Z,NA,tony-ricciardi,User,NA,2022-01-20
ethereum/go-ethereum,239,referenced,2022-01-20T19:04:39Z,NA,tony-ricciardi,User,NA,2022-01-20
ethereum/go-ethereum,239,referenced,2023-08-01T18:44:39Z,NA,sduchesneau,User,NA,2023-08-01
ethereum/go-ethereum,239,referenced,2023-08-29T04:05:56Z,NA,rjl493456442,User,NA,2023-08-29
ethereum/go-ethereum,239,referenced,2023-09-27T09:36:15Z,NA,weiihann,User,NA,2023-09-27
ethereum/go-ethereum,239,referenced,2024-04-04T13:21:22Z,NA,atenjin,User,NA,2024-04-04
ethereum/go-ethereum,239,referenced,2024-09-02T19:32:03Z,NA,luanxu-mch,User,NA,2024-09-02
ethereum/go-ethereum,239,referenced,2024-12-02T21:33:31Z,NA,s1na,User,NA,2024-12-02
ethereum/go-ethereum,243,committed,2015-01-06T23:40:05Z,NA,,,16f0a9cef3ca708860fb13558cb0360b246512bb,2015-01-06
ethereum/go-ethereum,243,labeled,2015-01-06T23:48:22Z,NA,obscuren,User,NA,2015-01-06
ethereum/go-ethereum,243,cross-referenced,2015-01-06T23:49:51Z,NA,obscuren,User,NA,2015-01-06
ethereum/go-ethereum,243,commented,2015-01-06T23:49:53Z,NONE,Gustav-Simonsson,User,NA,2015-01-06
ethereum/go-ethereum,243,renamed,2015-01-06T23:50:16Z,NA,obscuren,User,NA,2015-01-06
ethereum/go-ethereum,243,commented,2015-01-06T23:51:57Z,NONE,Gustav-Simonsson,User,NA,2015-01-06
ethereum/go-ethereum,243,renamed,2015-01-06T23:52:11Z,NA,obscuren,User,NA,2015-01-06
ethereum/go-ethereum,243,labeled,2015-01-06T23:52:14Z,NA,obscuren,User,NA,2015-01-06
ethereum/go-ethereum,243,commented,2015-01-07T14:19:46Z,CONTRIBUTOR,fjl,User,NA,2015-01-07
ethereum/go-ethereum,243,commented,2015-01-07T14:28:35Z,CONTRIBUTOR,fjl,User,NA,2015-01-07
ethereum/go-ethereum,243,committed,2015-01-07T15:52:04Z,NA,,,404fe7c23f82307a97a6dc685a371898d6fca2ab,2015-01-07
ethereum/go-ethereum,243,commented,2015-01-07T15:58:26Z,NONE,Gustav-Simonsson,User,NA,2015-01-07
ethereum/go-ethereum,243,mentioned,2015-01-07T15:58:26Z,NA,fjl,User,NA,2015-01-07
ethereum/go-ethereum,243,subscribed,2015-01-07T15:58:26Z,NA,fjl,User,NA,2015-01-07
ethereum/go-ethereum,243,commented,2015-01-07T15:59:28Z,NONE,Gustav-Simonsson,User,NA,2015-01-07
ethereum/go-ethereum,243,mentioned,2015-01-07T15:59:28Z,NA,fjl,User,NA,2015-01-07
ethereum/go-ethereum,243,subscribed,2015-01-07T15:59:28Z,NA,fjl,User,NA,2015-01-07
ethereum/go-ethereum,243,mentioned,2015-01-08T00:01:49Z,NA,fjl,User,NA,2015-01-08
ethereum/go-ethereum,243,subscribed,2015-01-08T00:01:49Z,NA,fjl,User,NA,2015-01-08
ethereum/go-ethereum,243,cross-referenced,2015-01-15T18:53:56Z,NA,Gustav-Simonsson,User,NA,2015-01-15
ethereum/go-ethereum,243,commented,2015-01-15T18:54:21Z,NONE,Gustav-Simonsson,User,NA,2015-01-15
ethereum/go-ethereum,243,closed,2015-01-15T18:54:22Z,NA,Gustav-Simonsson,User,NA,2015-01-15
ethereum/go-ethereum,243,unlabeled,2015-01-15T18:54:23Z,NA,obscuren,User,NA,2015-01-15
ethereum/go-ethereum,243,commented,2015-01-15T21:07:01Z,CONTRIBUTOR,obscuren,User,NA,2015-01-15
ethereum/go-ethereum,243,referenced,2020-04-28T03:24:48Z,NA,Zergity,User,NA,2020-04-28
ethereum/go-ethereum,243,referenced,2021-02-22T21:09:25Z,NA,AusIV,User,NA,2021-02-22
ethereum/go-ethereum,243,referenced,2021-08-13T20:23:13Z,NA,maoueh,User,NA,2021-08-13
ethereum/go-ethereum,243,referenced,2024-01-04T20:32:32Z,NA,sduchesneau,User,NA,2024-01-04
ethereum/go-ethereum,243,referenced,2024-04-04T13:21:22Z,NA,atenjin,User,NA,2024-04-04
ethereum/go-ethereum,243,referenced,2024-09-02T19:32:03Z,NA,luanxu-mch,User,NA,2024-09-02
ethereum/go-ethereum,243,referenced,2024-12-02T21:33:31Z,NA,s1na,User,NA,2024-12-02
ethereum/go-ethereum,243,line-commented,2015-01-07T20:45:46Z,CONTRIBUTOR,fjl,User,NA,2015-01-07
ethereum/go-ethereum,243,line-commented,2015-01-07T20:47:15Z,CONTRIBUTOR,fjl,User,NA,2015-01-07
ethereum/go-ethereum,243,line-commented,2015-01-07T20:48:10Z,CONTRIBUTOR,fjl,User,NA,2015-01-07
ethereum/go-ethereum,243,line-commented,2015-01-07T21:29:30Z,CONTRIBUTOR,fjl,User,NA,2015-01-07
ethereum/go-ethereum,243,line-commented,2015-01-07T22:26:28Z,CONTRIBUTOR,obscuren,User,NA,2015-01-07
ethereum/go-ethereum,425,committed,2015-01-07T10:17:09Z,NA,CJentzsch,User,99e6e00c349c7ecc84522e8807d1b6f599b1d97f,2015-01-07
ethereum/go-ethereum,425,committed,2015-01-07T14:54:14Z,NA,CJentzsch,User,b94c610e49d06ad721684b9671f1a9989b9f9d64,2015-01-07
ethereum/go-ethereum,425,committed,2015-01-07T21:33:25Z,NA,CJentzsch,User,0aa66f02ef33335a114ebecb66dfc29a37ca07f0,2015-01-07
ethereum/go-ethereum,425,committed,2015-01-08T10:23:39Z,NA,CJentzsch,User,08a72727cddaa791e6e34fb8eec49a4951e6d716,2015-01-08
ethereum/go-ethereum,425,committed,2015-01-08T12:04:29Z,NA,CJentzsch,User,1ad28d04947140ed53e3558bb2d6a97edcd899f8,2015-01-08
ethereum/go-ethereum,425,committed,2015-01-08T14:14:20Z,NA,CJentzsch,User,73ba8a48ab7d0964db637b59fa21c27052666921,2015-01-08
ethereum/go-ethereum,425,committed,2015-01-08T14:29:07Z,NA,CJentzsch,User,eb3451142e8bcd76140f3bbae926a77619935817,2015-01-08
ethereum/go-ethereum,425,committed,2015-01-08T15:39:57Z,NA,CJentzsch,User,9b9f7cffde6a650d73a60243bea7f147e49e0403,2015-01-08
ethereum/go-ethereum,425,committed,2015-01-08T21:10:55Z,NA,CJentzsch,User,f73731d5a4643834bd20d1af2f14573e85339e5d,2015-01-08
ethereum/go-ethereum,425,committed,2015-01-08T21:41:40Z,NA,CJentzsch,User,ac2ce00e28bb10a5f5c338225d72cdc8e8b4f8aa,2015-01-08
ethereum/go-ethereum,425,committed,2015-01-09T09:56:40Z,NA,CJentzsch,User,b227000f19d1af9e0e6e90d81761e1411433a08b,2015-01-09
ethereum/go-ethereum,425,committed,2015-01-09T14:46:00Z,NA,CJentzsch,User,dd866afc2e2c99080871d3da5f4c5b4243121b0f,2015-01-09
ethereum/go-ethereum,425,committed,2015-01-09T16:06:53Z,NA,CJentzsch,User,314220a00d65c51203050c83c6df1f0cad2fd677,2015-01-09
ethereum/go-ethereum,425,committed,2015-01-09T16:33:41Z,NA,CJentzsch,User,c6743069738db3def5a4717c25deb984727074f0,2015-01-09
ethereum/go-ethereum,425,committed,2015-01-09T18:16:52Z,NA,CJentzsch,User,53dbdf3dd25751a57fa30469e4d2f7358234687e,2015-01-09
ethereum/go-ethereum,425,committed,2015-01-09T19:39:00Z,NA,CJentzsch,User,bf798c8dec6f51477dcd6d9f85fd254017297b93,2015-01-09
ethereum/go-ethereum,425,committed,2015-01-09T20:38:57Z,NA,CJentzsch,User,e8a131e05c8c486cdbf9ad51ea85e914262fe6c7,2015-01-09
ethereum/go-ethereum,425,committed,2015-01-10T22:51:54Z,NA,CJentzsch,User,a0008c3508058e904453c7f15ea2f6c7d53e4cd7,2015-01-10
ethereum/go-ethereum,425,committed,2015-01-12T08:10:11Z,NA,CJentzsch,User,d812c685c9d9d459326c416d2f35f52d35e0abef,2015-01-12
ethereum/go-ethereum,425,committed,2015-01-12T08:36:56Z,NA,CJentzsch,User,9f0c292144ff3ff2686af403d70592e67d77be64,2015-01-12
ethereum/go-ethereum,425,committed,2015-01-12T11:00:02Z,NA,CJentzsch,User,5fbb24353ae276d6272bf226cb8670ac5b598652,2015-01-12
ethereum/go-ethereum,425,committed,2015-01-12T12:08:43Z,NA,CJentzsch,User,928dde590c9056917c26a58e96516b5c05b6e7f8,2015-01-12
ethereum/go-ethereum,425,committed,2015-01-12T12:22:18Z,NA,CJentzsch,User,2577b803f65df3ec0c0749c1f0375c0ed80932fa,2015-01-12
ethereum/go-ethereum,425,committed,2015-01-12T12:55:00Z,NA,CJentzsch,User,d70a30c0568085217e0b674e4e66a44ddbf7223e,2015-01-12
ethereum/go-ethereum,425,committed,2015-01-12T13:27:08Z,NA,CJentzsch,User,1aebe33a34e969b80e1d434587b4a62b091a4608,2015-01-12
ethereum/go-ethereum,425,committed,2015-01-12T15:09:51Z,NA,CJentzsch,User,dfe77eac84f50091da9e9469bd90f258a93f44ff,2015-01-12
ethereum/go-ethereum,425,committed,2015-01-12T15:25:37Z,NA,CJentzsch,User,55c689722ad4b22e5cbe2170702b50f58a468cc9,2015-01-12
ethereum/go-ethereum,425,committed,2015-01-13T07:44:44Z,NA,CJentzsch,User,1818dffaecd544b4a5682c50960b2d57bd2e08c5,2015-01-13
ethereum/go-ethereum,425,committed,2015-01-13T08:17:56Z,NA,CJentzsch,User,6a2e82a23d56a25413d71aa99c2521b7b2a230db,2015-01-13
ethereum/go-ethereum,425,committed,2015-01-13T12:32:26Z,NA,CJentzsch,User,a9930bfd8723868452475a727c9048194c6bdc1d,2015-01-13
ethereum/go-ethereum,425,committed,2015-01-13T13:16:47Z,NA,CJentzsch,User,6fd011a3b6445ab8940da89cab9c85797c23a76f,2015-01-13
ethereum/go-ethereum,425,committed,2015-01-13T13:54:39Z,NA,CJentzsch,User,8d7ddf5299fcf3104d8b424965b62e0fc1e05069,2015-01-13
ethereum/go-ethereum,425,committed,2015-01-13T15:29:04Z,NA,CJentzsch,User,54eaf239ac49f32daa18b897e42e6bdc5627877d,2015-01-13
ethereum/go-ethereum,425,committed,2015-01-13T17:13:52Z,NA,CJentzsch,User,0d25bb85d9e1e3db1e9b76eaf0d97900d586167e,2015-01-13
ethereum/go-ethereum,425,committed,2015-01-13T17:20:08Z,NA,CJentzsch,User,fd0230e5bea10813504522fbb792b46a31f9b8a2,2015-01-13
ethereum/go-ethereum,425,committed,2015-01-13T17:28:18Z,NA,CJentzsch,User,aca3181b7e51b6eab386c8010db30e5beb386fed,2015-01-13
ethereum/go-ethereum,425,committed,2015-01-13T17:30:26Z,NA,CJentzsch,User,ebf468685878ff66aa3505e5b5e702c0f40acafe,2015-01-13
ethereum/go-ethereum,425,committed,2015-01-13T21:45:12Z,NA,CJentzsch,User,3f5a0752805a6fd8694ee7191b20dab1264f55af,2015-01-13
ethereum/go-ethereum,425,committed,2015-01-13T22:07:09Z,NA,CJentzsch,User,a6e9bab29882e6e2b703e10aabdadef1807c2bfb,2015-01-13
ethereum/go-ethereum,425,committed,2015-01-14T08:15:47Z,NA,CJentzsch,User,f9e891909def06097efcc768d6e1dcf33b0bd9a8,2015-01-14
ethereum/go-ethereum,425,committed,2015-01-14T08:21:49Z,NA,CJentzsch,User,762a93fec8d0782e1a36d6be1760b8ee3174b0f5,2015-01-14
ethereum/go-ethereum,425,committed,2015-01-14T15:10:33Z,NA,,,74faa30af6349a7f87959dcf907092b98af735ec,2015-01-14
ethereum/go-ethereum,425,committed,2015-01-14T16:03:37Z,NA,,,9326d0a6dd902435ad13fe23c21d7b8f30fb35ce,2015-01-14
ethereum/go-ethereum,425,committed,2015-01-14T16:53:13Z,NA,,,fffd9810585210d9b25d03d378471de2d229d4e2,2015-01-14
ethereum/go-ethereum,425,committed,2015-01-14T16:53:26Z,NA,CJentzsch,User,489994054a28525ac6f4949f024389e066152ee2,2015-01-14
ethereum/go-ethereum,425,committed,2015-01-14T16:55:49Z,NA,CJentzsch,User,d30ca5aa8ce37d7f47218dd3593d9aa9fe372cb2,2015-01-14
ethereum/go-ethereum,425,committed,2015-01-14T17:06:28Z,NA,,,6bb10ccc3b0b396d3f1a09e7c4c9653c177ea58d,2015-01-14
ethereum/go-ethereum,425,committed,2015-01-14T21:38:33Z,NA,CJentzsch,User,a5946a969f43975daeb948baed69326947a94787,2015-01-14
ethereum/go-ethereum,425,committed,2015-01-15T08:47:55Z,NA,CJentzsch,User,1287fc3266f27d1c43bdb137f7a2e875763e35d2,2015-01-15
ethereum/go-ethereum,425,committed,2015-01-15T10:13:20Z,NA,CJentzsch,User,44a12cd070c4aae05828a5a3e8af579476fa86ff,2015-01-15
ethereum/go-ethereum,425,committed,2015-01-16T13:07:37Z,NA,CJentzsch,User,df335682e4dd64deeb3ac997897c0621773d26cd,2015-01-16
ethereum/go-ethereum,425,committed,2015-01-19T02:54:29Z,NA,,,f5ec2470db4c6813f17b8b42204462ea9e4bcd28,2015-01-19
ethereum/go-ethereum,425,committed,2015-01-19T03:14:53Z,NA,,,6e8085b839e15fa27f6b6d8086d6cb09e726b4e0,2015-01-19
ethereum/go-ethereum,425,committed,2015-01-19T14:10:08Z,NA,,,eecee75336681dc8c0b7a2423997178eb2101f4e,2015-01-19
ethereum/go-ethereum,425,committed,2015-01-19T14:15:41Z,NA,CJentzsch,User,8871fb4e0e33b0e799cf3c92956ce7ec6c9a77fe,2015-01-19
ethereum/go-ethereum,425,committed,2015-01-19T14:17:20Z,NA,CJentzsch,User,dabbb6df654f608775801c28d3070335eb4db1ff,2015-01-19
ethereum/go-ethereum,425,committed,2015-01-20T09:33:26Z,NA,CJentzsch,User,be581381004492e58103b11937c4b6bc480270bf,2015-01-20
ethereum/go-ethereum,425,committed,2015-01-22T11:17:52Z,NA,CJentzsch,User,4b3e56ec23f8e6efedd7cec7b23fd10238b6bb0a,2015-01-22
ethereum/go-ethereum,425,committed,2015-01-22T13:12:46Z,NA,CJentzsch,User,ab0473ef9357a2f430eb54ba7a6eb6eb719e456c,2015-01-22
ethereum/go-ethereum,425,committed,2015-01-22T15:36:43Z,NA,CJentzsch,User,7f1d2b28c1eda7142901c6a2a27979ece94680f3,2015-01-22
ethereum/go-ethereum,425,committed,2015-01-22T16:14:50Z,NA,CJentzsch,User,b4e7a5b1c66d06605ea0a3c77dd23e8f496ede47,2015-01-22
ethereum/go-ethereum,425,committed,2015-01-22T16:27:02Z,NA,CJentzsch,User,26e84de1806be9cdbceb0a65d54d6b688816dac9,2015-01-22
ethereum/go-ethereum,425,committed,2015-01-22T22:14:12Z,NA,CJentzsch,User,64fc464e03a53eaedf7e8331476dd2753a9b9545,2015-01-22
ethereum/go-ethereum,425,committed,2015-01-23T08:57:49Z,NA,CJentzsch,User,04b611df1c645c4de878ed7c83aab77aef6bd6e4,2015-01-23
ethereum/go-ethereum,425,committed,2015-01-23T11:04:39Z,NA,CJentzsch,User,fd450b7f9a32d22ed9b41221db18957468ae0753,2015-01-23
ethereum/go-ethereum,425,committed,2015-01-23T14:23:56Z,NA,CJentzsch,User,52e174b1f7fcd5bcc7fa1f134b9cd085a24ff642,2015-01-23
ethereum/go-ethereum,425,committed,2015-01-23T17:27:51Z,NA,,,382694f593670cf9ad165ac92443fc09d4cf8186,2015-01-23
ethereum/go-ethereum,425,committed,2015-01-25T21:52:38Z,NA,,,58ec49a34da85b71fe5f82b263986faa2b570eaa,2015-01-25
ethereum/go-ethereum,425,committed,2015-01-25T22:15:41Z,NA,,,5deca66a7ded218f640923e0e07c1629ea9b0ee0,2015-01-25
ethereum/go-ethereum,425,committed,2015-01-25T22:28:47Z,NA,,,d0440eef25d63e3f862433bfc68c93f21b18cd0e,2015-01-25
ethereum/go-ethereum,425,committed,2015-01-26T18:57:23Z,NA,ebuchman,User,2da367a2bee84d74d1bb0ea1b42d4c22fae486dd,2015-01-26
ethereum/go-ethereum,425,committed,2015-01-28T05:28:45Z,NA,CJentzsch,User,a20a5b437dfc245fc16d422984330f91b54576b1,2015-01-28
ethereum/go-ethereum,425,committed,2015-01-29T21:50:38Z,NA,CJentzsch,User,fad4ddbcaf7f50cac670573f6c0734639870fe0a,2015-01-29
ethereum/go-ethereum,425,committed,2015-01-29T22:05:42Z,NA,CJentzsch,User,e8e8d1216877ed26f124a3cffc31e59975678ef3,2015-01-29
ethereum/go-ethereum,425,committed,2015-01-30T21:09:25Z,NA,wanderer,User,5f10d982acfa8687ef3954f6500cdcb8deb3eded,2015-01-30
ethereum/go-ethereum,425,committed,2015-01-30T21:07:55Z,NA,,,e125e70fa06960a50fcca74378839e9de5d37222,2015-01-30
ethereum/go-ethereum,425,committed,2015-01-31T22:46:24Z,NA,wanderer,User,8ce498ee530e42cc34a37869d7d081d20004622a,2015-01-31
ethereum/go-ethereum,425,committed,2015-01-31T22:47:39Z,NA,wanderer,User,d1c8fa6bbdd524826c2fc5eabd0fbb9aa82587a9,2015-01-31
ethereum/go-ethereum,425,committed,2015-01-31T22:48:45Z,NA,,,764ed016886dcd91e14bc1fcfe4e938959c0a405,2015-01-31
ethereum/go-ethereum,425,committed,2015-01-31T22:51:22Z,NA,,,b4b280c4ff404fecec4b7c86648ef47ea6e27ae7,2015-01-31
ethereum/go-ethereum,425,committed,2015-01-31T23:26:29Z,NA,,,e76af886bf4779db7988c4444b9cfd4173bbf901,2015-01-31
ethereum/go-ethereum,425,committed,2015-01-31T23:40:02Z,NA,wanderer,User,ca19e52266c85f4957e954558f052e8707dca3fb,2015-01-31
ethereum/go-ethereum,425,committed,2015-02-03T00:00:32Z,NA,CJentzsch,User,56559162d339834eac12123587d16106dafa05a7,2015-02-03
ethereum/go-ethereum,425,committed,2015-02-03T12:13:10Z,NA,CJentzsch,User,2b3ea9770b549dab8c029ee43b16a9b0f8bda592,2015-02-03
ethereum/go-ethereum,425,committed,2015-02-03T17:45:23Z,NA,,,901ddf773785747b8cda5f1d803f65d265320553,2015-02-03
ethereum/go-ethereum,425,committed,2015-02-03T22:35:36Z,NA,,,c37ea26dc7e0b06ccae2fe1a354e94093c54903c,2015-02-03
ethereum/go-ethereum,425,committed,2015-02-04T08:48:16Z,NA,CJentzsch,User,822b05106df278e341b5ef440b487f7f92e7aad5,2015-02-04
ethereum/go-ethereum,425,committed,2015-02-04T08:48:31Z,NA,CJentzsch,User,7bfa609f3810c50045eb5e7c5541ce4512bd438e,2015-02-04
ethereum/go-ethereum,425,committed,2015-02-04T15:21:06Z,NA,CJentzsch,User,936a8c0e3b4a051d83051b091b34ae13c28a76a5,2015-02-04
ethereum/go-ethereum,425,committed,2015-02-04T15:23:54Z,NA,CJentzsch,User,83258456d3f1f0487246c93cba555724903876f0,2015-02-04
ethereum/go-ethereum,425,committed,2015-02-05T11:07:12Z,NA,,,2e2e36cc7220522d7b33b654543907163c973156,2015-02-05
ethereum/go-ethereum,425,committed,2015-02-05T11:09:35Z,NA,,,5235124460fd0de55c07cd6aae9638e94272ff19,2015-02-05
ethereum/go-ethereum,425,committed,2015-02-05T11:31:49Z,NA,,,af21a32cef9e556d2753393f2e395f35a45cba31,2015-02-05
ethereum/go-ethereum,425,committed,2015-02-05T16:01:24Z,NA,CJentzsch,User,0c29650bfa18fc47ba502d05ba0c671420e9b164,2015-02-05
ethereum/go-ethereum,425,committed,2015-02-05T17:40:37Z,NA,CJentzsch,User,16ab9491108570b4f583430c93323c5943765dd2,2015-02-05
ethereum/go-ethereum,425,committed,2015-02-06T14:38:55Z,NA,CJentzsch,User,a3780032bf5789b20bbd33e29933f443049b8a99,2015-02-06
ethereum/go-ethereum,425,committed,2015-02-06T16:43:35Z,NA,CJentzsch,User,9f52408e708232be832ede3995e0858f6db8f5b8,2015-02-06
ethereum/go-ethereum,425,committed,2015-02-07T08:56:24Z,NA,CJentzsch,User,cb877734f00fdc68419aa5c2875f55fc3c3adfbf,2015-02-07
ethereum/go-ethereum,425,committed,2015-02-07T17:09:22Z,NA,CJentzsch,User,bcc5c516300526395fee3ca861a5c1c6b66db8ef,2015-02-07
ethereum/go-ethereum,425,committed,2015-02-09T09:29:47Z,NA,CJentzsch,User,907f22975785d35563afcdf1777c9857eb7bbe47,2015-02-09
ethereum/go-ethereum,425,committed,2015-02-09T10:20:14Z,NA,CJentzsch,User,348d3af0fc15f69afdc4e141fde81ba9d6e0f21a,2015-02-09
ethereum/go-ethereum,425,committed,2015-02-10T09:43:36Z,NA,CJentzsch,User,be4f40741f894f3ef93199ace09d6d06f962faaa,2015-02-10
ethereum/go-ethereum,425,committed,2015-02-10T10:22:50Z,NA,CJentzsch,User,cf002a461167847647e91f0be0c6c0df6867a937,2015-02-10
ethereum/go-ethereum,425,committed,2015-02-10T19:38:48Z,NA,,,d1a31850ce5f8893c2d1d77a68e7635af199233a,2015-02-10
ethereum/go-ethereum,425,committed,2015-02-11T01:29:08Z,NA,wanderer,User,eaec21f199f2b6189d62a43e3454f844358e570b,2015-02-11
ethereum/go-ethereum,425,committed,2015-02-11T01:36:27Z,NA,wanderer,User,74e1320a0b93fcc812a570c84c7dc0931a6bd047,2015-02-11
ethereum/go-ethereum,425,committed,2015-02-11T01:53:43Z,NA,wanderer,User,5a89c6f80309607339281057c56ccb038bd7161f,2015-02-11
ethereum/go-ethereum,425,committed,2015-02-11T02:04:04Z,NA,wanderer,User,bf2abc3b68caaf70f7fbf4ca0b4fb4b4c235618b,2015-02-11
ethereum/go-ethereum,425,committed,2015-02-11T07:39:55Z,NA,CJentzsch,User,766ee65328b77c3940b789986c4b9851fe1e3b83,2015-02-11
ethereum/go-ethereum,425,committed,2015-02-11T07:40:42Z,NA,CJentzsch,User,ec8404c3757685134a41f8c4b45a64a1e89da35d,2015-02-11
ethereum/go-ethereum,425,committed,2015-02-11T08:00:25Z,NA,CJentzsch,User,d0a2eca19b208944ca30caa9608600c59ab7a43a,2015-02-11
ethereum/go-ethereum,425,committed,2015-02-12T05:56:22Z,NA,,,1000b02b18ee4de2c13f10d813cce2a9d76ec2df,2015-02-12
ethereum/go-ethereum,425,committed,2015-02-13T08:09:11Z,NA,CJentzsch,User,a681d1ec0279c5d3a04b17cd9d1cd9c7a75e75fe,2015-02-13
ethereum/go-ethereum,425,committed,2015-02-13T08:10:27Z,NA,CJentzsch,User,4e3377333fdf0773a33bb120f2b052c58ebf3700,2015-02-13
ethereum/go-ethereum,425,committed,2015-02-13T11:20:47Z,NA,,,ddc830be5ce01c629815f7e5a31b1a60efa42d52,2015-02-13
ethereum/go-ethereum,425,committed,2015-02-13T11:47:02Z,NA,CJentzsch,User,4ee0f90b468dd8f403824512844f7cad0eea7283,2015-02-13
ethereum/go-ethereum,425,committed,2015-02-16T11:59:44Z,NA,CJentzsch,User,94af56789aaf09ca4f6e9180a822d2c473a04b4a,2015-02-16
ethereum/go-ethereum,425,committed,2015-02-16T12:00:21Z,NA,CJentzsch,User,957f3340120934d0d41c130e339efcb6b8c808f2,2015-02-16
ethereum/go-ethereum,425,committed,2015-02-16T12:02:57Z,NA,CJentzsch,User,dda2eb84f7e2a9d60e032e55c271348e109ae30a,2015-02-16
ethereum/go-ethereum,425,committed,2015-02-16T14:47:52Z,NA,CJentzsch,User,ea509a6d72ae8db6b7ec8047586b8b8464b1bb8a,2015-02-16
ethereum/go-ethereum,425,committed,2015-02-16T14:56:10Z,NA,CJentzsch,User,5718f969345c21d67b06a650e695fc59c9ccb5d2,2015-02-16
ethereum/go-ethereum,425,committed,2015-02-16T17:08:44Z,NA,,,5797752572b28422f5ebda5eedefe9fc7db403ed,2015-02-16
ethereum/go-ethereum,425,committed,2015-02-16T17:09:49Z,NA,,,beff83ecd202cf183cec8ccec13722df2937d267,2015-02-16
ethereum/go-ethereum,425,committed,2015-02-16T17:11:33Z,NA,,,4b81a98e4a773afd1375235b5ac8c57b842106fa,2015-02-16
ethereum/go-ethereum,425,committed,2015-02-16T19:20:15Z,NA,CJentzsch,User,a8c4de17da6f188851c2f41afd08ce29361598b4,2015-02-16
ethereum/go-ethereum,425,committed,2015-02-16T19:20:50Z,NA,CJentzsch,User,7ec1b7e90aacd5eda5b9354761832a1b75378c0b,2015-02-16
ethereum/go-ethereum,425,committed,2015-02-18T00:25:18Z,NA,ebuchman,User,2ba65f4fbaea49c1e0d99959b0331e09b153f931,2015-02-18
ethereum/go-ethereum,425,committed,2015-02-18T03:02:15Z,NA,ebuchman,User,9446489cf3f2eb4b5237b9355b3975fde2886508,2015-02-18
ethereum/go-ethereum,425,committed,2015-02-20T13:46:35Z,NA,gavofyork,User,672f6c44b87b59ee420b01ceb4c4d65777d81782,2015-02-20
ethereum/go-ethereum,425,committed,2015-02-20T14:05:11Z,NA,CJentzsch,User,b392afac3cd6145b909ad9dfe3c6370d341ca062,2015-02-20
ethereum/go-ethereum,425,committed,2015-02-20T19:50:32Z,NA,CJentzsch,User,18216a6e338b538a4d9185e9eb445c5d9bd65e4b,2015-02-20
ethereum/go-ethereum,425,committed,2015-02-21T19:43:06Z,NA,,,b131b37451276093bf826cc8969e9d2909e1d3a5,2015-02-21
ethereum/go-ethereum,425,committed,2015-02-21T22:33:44Z,NA,wanderer,User,168ab2b06590718b519a8509c975d469087c4b9c,2015-02-21
ethereum/go-ethereum,425,committed,2015-02-22T19:10:28Z,NA,wanderer,User,94f1ca2e090b13c49879d5277591dcca35aac387,2015-02-22
ethereum/go-ethereum,425,committed,2015-02-23T08:51:44Z,NA,CJentzsch,User,8b79ae6695c9d0a84542df8a02dc45b35fbf560e,2015-02-23
ethereum/go-ethereum,425,committed,2015-02-23T10:28:06Z,NA,CJentzsch,User,48606e05c1a647200c3848f5d7aeda4b2920b6cf,2015-02-23
ethereum/go-ethereum,425,committed,2015-02-23T10:31:29Z,NA,CJentzsch,User,cb52754e6c9f17e0ed841ea8939fc00db6a57adb,2015-02-23
ethereum/go-ethereum,425,committed,2015-02-23T15:14:00Z,NA,romanman,User,f23aeb44e2632cd90ef452d0b952379d85995ea5,2015-02-23
ethereum/go-ethereum,425,committed,2015-02-23T15:25:06Z,NA,CJentzsch,User,e4f44139a108011818f517f2c3bfd0e2bcf71c8e,2015-02-23
ethereum/go-ethereum,425,committed,2015-02-23T23:40:06Z,NA,wanderer,User,c72e2588f30ff890861c5b66b14686e96a798c71,2015-02-23
ethereum/go-ethereum,425,committed,2015-02-24T06:36:54Z,NA,,,13b4ab10ae0f9bb9da3323d726e6bb9c2596bfde,2015-02-24
ethereum/go-ethereum,425,committed,2015-02-24T06:46:06Z,NA,,,9315ad3d2c0e851ec7d16878e2c1a0a0c084d58b,2015-02-24
ethereum/go-ethereum,425,committed,2015-02-24T06:52:33Z,NA,,,6e2d856d852e859382fe6b763d988ca4e3a84752,2015-02-24
ethereum/go-ethereum,425,committed,2015-02-24T09:14:36Z,NA,CJentzsch,User,e48576ada32edf3e68ab025c867c0b73dfde2950,2015-02-24
ethereum/go-ethereum,425,committed,2015-02-24T09:15:10Z,NA,CJentzsch,User,e8c84bdf56f811f9ede1f9d1c797961ae5765a7e,2015-02-24
ethereum/go-ethereum,425,committed,2015-02-24T21:46:56Z,NA,CJentzsch,User,33c8c2bd7ef8d076b0f65acf478e5ebf2e513221,2015-02-24
ethereum/go-ethereum,425,committed,2015-02-24T21:48:19Z,NA,CJentzsch,User,36e862c989776ae2d259554e78b3782bd73b1d8e,2015-02-24
ethereum/go-ethereum,425,committed,2015-02-24T22:05:39Z,NA,CJentzsch,User,978a29ab720feee282fc71f5b058382afdcd5f80,2015-02-24
ethereum/go-ethereum,425,committed,2015-02-25T11:50:24Z,NA,CJentzsch,User,86b14058fde15bdef8a40d6dbac07a62523b3643,2015-02-25
ethereum/go-ethereum,425,committed,2015-02-25T12:08:47Z,NA,CJentzsch,User,cfb120d1793dbb14404d9991f67cfb16bf573887,2015-02-25
ethereum/go-ethereum,425,committed,2015-02-25T12:21:59Z,NA,zelig,User,d46c7bcaf9268a191f0156d36abf394df5374795,2015-02-25
ethereum/go-ethereum,425,committed,2015-02-25T12:34:12Z,NA,zelig,User,422490d75cf9a2406430f2d7c0d7dd77ede18f7c,2015-02-25
ethereum/go-ethereum,425,committed,2015-02-25T13:04:51Z,NA,zelig,User,cdc86965cb38335b97d0bef337e0a53ed7c7f7e3,2015-02-25
ethereum/go-ethereum,425,committed,2015-02-25T13:38:37Z,NA,zelig,User,16ecda951b767800b4e09ad8e86e0866b05136be,2015-02-25
ethereum/go-ethereum,425,committed,2015-02-25T13:53:57Z,NA,,,afb72dc795ae554e90df47deab7b37258bb34c94,2015-02-25
ethereum/go-ethereum,425,committed,2015-02-25T14:37:25Z,NA,,,6016b942d6b0b074c06ccb9dd932d893b0fdb24b,2015-02-25
ethereum/go-ethereum,425,committed,2015-02-25T14:44:19Z,NA,CJentzsch,User,9f3cee021e3b005d5c316a51007932c4a9db1c93,2015-02-25
ethereum/go-ethereum,425,committed,2015-02-25T16:28:22Z,NA,,,667cafc13e32c85c4dfecd20fd86a5f57f65bfa9,2015-02-25
ethereum/go-ethereum,425,committed,2015-02-25T17:26:21Z,NA,CJentzsch,User,a431c4a6658812ffba58920d6249d38820e15bd7,2015-02-25
ethereum/go-ethereum,425,committed,2015-02-26T07:46:13Z,NA,CJentzsch,User,a0cfe0d12385716123959804632e70ee2b337bd1,2015-02-26
ethereum/go-ethereum,425,committed,2015-02-26T11:25:13Z,NA,,,1e07358ac240549e4a596c2d0edb3559924c9719,2015-02-26
ethereum/go-ethereum,425,committed,2015-02-26T11:26:59Z,NA,CJentzsch,User,48276be277ff7b4ffe9b7853cecda7da598e2c40,2015-02-26
ethereum/go-ethereum,425,committed,2015-02-26T11:38:32Z,NA,CJentzsch,User,8058f2fdf0c617dfa3ea9f1e0b1761a51ba3cdf0,2015-02-26
ethereum/go-ethereum,425,committed,2015-02-26T11:38:57Z,NA,CJentzsch,User,88913ec89b83ea05b4e8403ab8cfa808f2e165fe,2015-02-26
ethereum/go-ethereum,425,committed,2015-02-26T12:52:05Z,NA,CJentzsch,User,d09cbfcf84824e7c34fc03681c0faf70320fb1c9,2015-02-26
ethereum/go-ethereum,425,committed,2015-02-26T13:22:16Z,NA,CJentzsch,User,a3b3d19d80d1caac047296582062618e2a461108,2015-02-26
ethereum/go-ethereum,425,committed,2015-02-26T16:33:34Z,NA,CJentzsch,User,a622eccecb6e090a8c5522bcb08df6b9d8215aa8,2015-02-26
ethereum/go-ethereum,425,committed,2015-02-26T17:39:05Z,NA,obscuren,User,37e6870f64437a212fde383ab1538ad1e7e2acd9,2015-02-26
ethereum/go-ethereum,425,committed,2015-02-26T17:39:38Z,NA,obscuren,User,c18ea4de147cb81bf5563a5727172d4103658b92,2015-02-26
ethereum/go-ethereum,425,committed,2015-02-26T22:54:57Z,NA,ebuchman,User,5a827417d9cef0d2a765df11e747b1755bf04898,2015-02-26
ethereum/go-ethereum,425,committed,2015-02-27T11:41:58Z,NA,CJentzsch,User,b6155375ae55dafddabd959eb7c2f6fb55a8dd11,2015-02-27
ethereum/go-ethereum,425,committed,2015-02-27T12:28:44Z,NA,CJentzsch,User,fc3c7760a547179dff9c76808ac005c5212ffb01,2015-02-27
ethereum/go-ethereum,425,committed,2015-02-27T13:16:25Z,NA,CJentzsch,User,cb8d0fa87458d7d4dcc3dec514f7481c2689ab60,2015-02-27
ethereum/go-ethereum,425,committed,2015-02-27T20:59:33Z,NA,xcthulhu,User,8653db6df0018d08212493e3a3df4677162bdd8f,2015-02-27
ethereum/go-ethereum,425,committed,2015-02-27T21:05:03Z,NA,ebuchman,User,0efd6a881afac0b3082f3b1e8780e3438eea5b02,2015-02-27
ethereum/go-ethereum,425,committed,2015-02-27T21:13:31Z,NA,xcthulhu,User,3820a65299831331f215e158d287fe3df3b69ea6,2015-02-27
ethereum/go-ethereum,425,committed,2015-02-28T01:56:24Z,NA,xcthulhu,User,ba1f4bbe9132103af67c0c46f81c913d6a595d77,2015-02-28
ethereum/go-ethereum,425,committed,2015-02-28T17:54:09Z,NA,,,11fbc41e4bea3f8ec592b3477ba2444175c6ac67,2015-02-28
ethereum/go-ethereum,425,committed,2015-02-28T19:52:29Z,NA,obscuren,User,ae45a39dc1cddac885090872cefc6799b4a4c1d9,2015-02-28
ethereum/go-ethereum,425,committed,2015-02-28T19:52:57Z,NA,obscuren,User,73c52d1677ba526385f1b223ef48f3a26091fe00,2015-02-28
ethereum/go-ethereum,425,committed,2015-02-28T19:57:55Z,NA,CJentzsch,User,35f53abc786e2a83fdc8817c13cf753e418abd7d,2015-02-28
ethereum/go-ethereum,425,committed,2015-02-28T20:19:48Z,NA,CJentzsch,User,5375dd67567c512ab5f58f842004448963dd50d7,2015-02-28
ethereum/go-ethereum,425,committed,2015-02-28T21:03:38Z,NA,CJentzsch,User,2dbdcf363633aafe446a6e8df098f4d8a5377d99,2015-02-28
ethereum/go-ethereum,425,committed,2015-03-02T10:45:29Z,NA,CJentzsch,User,bc1d97b2a7831dded04cb23418ee0c505cd0fd6c,2015-03-02
ethereum/go-ethereum,425,committed,2015-03-02T13:32:29Z,NA,CJentzsch,User,cb868a604c9c86c435501aaf18906f6595467bb4,2015-03-02
ethereum/go-ethereum,425,committed,2015-03-02T14:50:12Z,NA,CJentzsch,User,67f3f4c1d8c524edf2576503e45c05ba85f3b608,2015-03-02
ethereum/go-ethereum,425,committed,2015-03-02T14:59:39Z,NA,CJentzsch,User,d9ea240122d2655f93a98c55f4a5c99823b256bc,2015-03-02
ethereum/go-ethereum,425,committed,2015-03-02T15:20:38Z,NA,CJentzsch,User,ce7204fa17560f6a76c7592bf5f23d29f22042d6,2015-03-02
ethereum/go-ethereum,425,committed,2015-03-02T15:32:02Z,NA,obscuren,User,b383ff0b96a1cf3df0b56f13b8d303ae4d4977ad,2015-03-02
ethereum/go-ethereum,425,committed,2015-03-02T15:34:03Z,NA,obscuren,User,b13735b40024ccc704a4c343b2985165a3bc66f4,2015-03-02
ethereum/go-ethereum,425,committed,2015-03-02T15:36:34Z,NA,obscuren,User,4f3f881c9be0b590e6e28fda295257e8d15d5f02,2015-03-02
ethereum/go-ethereum,425,committed,2015-03-02T15:43:12Z,NA,obscuren,User,0823254c3bc2560f8e0dd6f19d05f471f8af94f4,2015-03-02
ethereum/go-ethereum,425,committed,2015-03-02T16:55:45Z,NA,obscuren,User,200f66537cdf21a69ddda74eedfee30c14fb6ba6,2015-03-02
ethereum/go-ethereum,425,committed,2015-03-02T17:00:10Z,NA,obscuren,User,fe7ab662f0f1d17a4f350e344756da9e31790d45,2015-03-02
ethereum/go-ethereum,425,committed,2015-03-02T17:00:10Z,NA,obscuren,User,41c9dc973d2dc8614db6c1e3dbb2ec5564935368,2015-03-02
ethereum/go-ethereum,425,committed,2015-03-02T17:43:12Z,NA,zelig,User,a60a18b080197cad836f18f9d093bba3bcb6cef8,2015-03-02
ethereum/go-ethereum,425,committed,2015-03-02T19:13:41Z,NA,zelig,User,af6971f823431e091142dc81f1b252f681d086cf,2015-03-02
ethereum/go-ethereum,425,committed,2015-03-02T20:39:21Z,NA,zelig,User,47278a6e4eb4b8dc02ff322ba24c9c225267ffe5,2015-03-02
ethereum/go-ethereum,425,committed,2015-03-02T23:56:11Z,NA,xcthulhu,User,080823bdeebbab2bcffdaefad703896700ed2c30,2015-03-02
ethereum/go-ethereum,425,committed,2015-03-03T03:29:34Z,NA,xcthulhu,User,de9f79133faa1ff5dcd16fb4fd13d06b7799ded9,2015-03-03
ethereum/go-ethereum,425,committed,2015-03-03T06:52:20Z,NA,zelig,User,34be795bc11e72092460401d015852d61c769509,2015-03-03
ethereum/go-ethereum,425,committed,2015-03-03T08:37:20Z,NA,zelig,User,76af536d0d16e3f0742a46d448b3e0dcb46458f6,2015-03-03
ethereum/go-ethereum,425,committed,2015-03-03T08:43:05Z,NA,zelig,User,fc47f0f27b4b672c84e8de230a5a3c5e5519f3aa,2015-03-03
ethereum/go-ethereum,425,committed,2015-03-03T08:44:41Z,NA,zelig,User,6c2856df2335dec946a5ebc14a4438b261e0c881,2015-03-03
ethereum/go-ethereum,425,committed,2015-03-03T10:11:11Z,NA,obscuren,User,c1ef19bef9d4207b5f7d6fc5ff40375a5f0d203b,2015-03-03
ethereum/go-ethereum,425,committed,2015-03-03T10:11:24Z,NA,obscuren,User,2f647c443a6faf3a0639f9e54fdd262fe917b49b,2015-03-03
ethereum/go-ethereum,425,committed,2015-03-03T10:11:24Z,NA,obscuren,User,d0354b844028220b31f55c2cdbe9d4cc546d4b52,2015-03-03
ethereum/go-ethereum,425,committed,2015-03-03T10:18:50Z,NA,obscuren,User,fa910966ede699f90b2760d7a11ac0ef5dbda029,2015-03-03
ethereum/go-ethereum,425,committed,2015-03-03T10:56:12Z,NA,obscuren,User,34ee5ab9a8cfa67050a5bddc8eed4342b6409f59,2015-03-03
ethereum/go-ethereum,425,committed,2015-03-03T10:56:28Z,NA,obscuren,User,49da6a8d809ecc5f5b1f3c5ccea9ebcd45d4e1c3,2015-03-03
ethereum/go-ethereum,425,committed,2015-03-03T10:56:43Z,NA,obscuren,User,ba0a758d8c7c574047d5d4ece9fde0b42a62fc6f,2015-03-03
ethereum/go-ethereum,425,committed,2015-03-03T11:15:58Z,NA,obscuren,User,bf5365b317ba5767feb28eef9abb83328bfea099,2015-03-03
ethereum/go-ethereum,425,committed,2015-03-03T11:21:27Z,NA,obscuren,User,1650b59cd93a29ea54328656a9318ffb10889ae5,2015-03-03
ethereum/go-ethereum,425,committed,2015-03-03T11:25:44Z,NA,obscuren,User,b909a5ec18d30456c6028593448233bba0937482,2015-03-03
ethereum/go-ethereum,425,committed,2015-03-03T11:26:24Z,NA,obscuren,User,e73d7725df69fb2b973c214c2b940b3196d8eb08,2015-03-03
ethereum/go-ethereum,425,committed,2015-03-03T11:26:24Z,NA,obscuren,User,b7ec9fbb0e49e345a8a2566226a76d50b48266a7,2015-03-03
ethereum/go-ethereum,425,committed,2015-03-03T11:30:57Z,NA,obscuren,User,524bf9e858519ff34b3c7f54744ae8b515ab1fac,2015-03-03
ethereum/go-ethereum,425,committed,2015-03-03T11:31:09Z,NA,obscuren,User,ffa6b99ab638af7bb6753b663612bad48019c334,2015-03-03
ethereum/go-ethereum,425,committed,2015-03-03T11:31:09Z,NA,obscuren,User,4659b51b50394c596f0548eb53390c80ba96e392,2015-03-03
ethereum/go-ethereum,425,committed,2015-03-03T12:29:52Z,NA,obscuren,User,fa831206c617b398c3b74a1b6589893cd9dde6bd,2015-03-03
ethereum/go-ethereum,425,committed,2015-03-03T12:29:59Z,NA,obscuren,User,0867e4fae96c0b0d234f1710119a129f8b0d96f7,2015-03-03
ethereum/go-ethereum,425,committed,2015-03-03T12:29:59Z,NA,obscuren,User,2a509316843c585b491c259ca8a485c9bc8b75b8,2015-03-03
ethereum/go-ethereum,425,committed,2015-03-03T12:56:59Z,NA,obscuren,User,d9d40888ce9498b25925ccbf1447b1f62597aa2f,2015-03-03
ethereum/go-ethereum,425,committed,2015-03-03T12:56:59Z,NA,obscuren,User,9f359dfffaf3812deee2ef0a5abb12894632ab7c,2015-03-03
ethereum/go-ethereum,425,committed,2015-03-03T14:16:52Z,NA,obscuren,User,42a210b571b9358df16da148d9724c2ef9abbca5,2015-03-03
ethereum/go-ethereum,425,committed,2015-03-03T14:16:52Z,NA,obscuren,User,651b2158ba09e866fb599f62256edc684f269fd6,2015-03-03
ethereum/go-ethereum,425,committed,2015-03-03T14:39:33Z,NA,obscuren,User,a6e04ab05150d1b5aa4adb297f3e5146b1559b02,2015-03-03
ethereum/go-ethereum,425,committed,2015-03-03T14:39:34Z,NA,obscuren,User,6518da7c0123168061b97e259e75a39c7f6b1638,2015-03-03
ethereum/go-ethereum,425,committed,2015-03-03T15:20:38Z,NA,obscuren,User,c74c07eed19f8a328f47aca7b9e01dcdf8731847,2015-03-03
ethereum/go-ethereum,425,committed,2015-03-03T16:05:51Z,NA,obscuren,User,ee0a1bec6c3ce942e51265535961ac6a745d33eb,2015-03-03
ethereum/go-ethereum,425,committed,2015-03-03T16:20:10Z,NA,obscuren,User,b0aaa77f0213cb525a873c3bea92e8a06cff423f,2015-03-03
ethereum/go-ethereum,425,committed,2015-03-03T16:20:34Z,NA,obscuren,User,22b132e28f74cabef38a55874da8e3db93786144,2015-03-03
ethereum/go-ethereum,425,committed,2015-03-03T16:55:23Z,NA,obscuren,User,313fe3861b3c338b3b6304adac46c86af7e2d52e,2015-03-03
ethereum/go-ethereum,425,committed,2015-03-03T16:55:29Z,NA,obscuren,User,53b5a45856c5d4c307dc55b4ae1b46efd9471142,2015-03-03
ethereum/go-ethereum,425,committed,2015-03-03T16:56:36Z,NA,obscuren,User,40ff3cac3943ee672d818776fdd8235fc6684dca,2015-03-03
ethereum/go-ethereum,425,committed,2015-03-03T19:06:15Z,NA,zelig,User,2c616bd2795974877b0d3e23e99f6eff9e775218,2015-03-03
ethereum/go-ethereum,425,committed,2015-03-03T19:13:11Z,NA,obscuren,User,8e995b97ccc92098f5744dd7fc3d8e7e111ca09c,2015-03-03
ethereum/go-ethereum,425,committed,2015-03-03T19:26:59Z,NA,obscuren,User,d8a68dc0f112ac588b40959d4abb639ac1b08553,2015-03-03
ethereum/go-ethereum,425,committed,2015-03-03T19:27:15Z,NA,obscuren,User,27078919669ad99bfb51b468f7c475120e6e148a,2015-03-03
ethereum/go-ethereum,425,committed,2015-03-03T19:30:05Z,NA,obscuren,User,f0b2ea64fc331fe6ef9f15097ac2d129dd9b7207,2015-03-03
ethereum/go-ethereum,425,committed,2015-03-03T19:31:12Z,NA,obscuren,User,cfe3af099c7fb4b637132a5c0ab2b94569418084,2015-03-03
ethereum/go-ethereum,425,committed,2015-03-03T19:34:48Z,NA,obscuren,User,bb152612e0466164d33ff7f2023d804d7db18c01,2015-03-03
ethereum/go-ethereum,425,committed,2015-03-03T19:38:46Z,NA,obscuren,User,e9f1e868e2bc0205d0b7655cd07fcaba9b2bc97d,2015-03-03
ethereum/go-ethereum,425,committed,2015-03-03T20:04:31Z,NA,obscuren,User,26de12d9bf23bce7de26b3b6629601ec2e58ad5b,2015-03-03
ethereum/go-ethereum,425,committed,2015-03-03T20:09:29Z,NA,obscuren,User,08fd0715f9504edcc81029ffebee794b06fe4653,2015-03-03
ethereum/go-ethereum,425,committed,2015-03-03T20:48:05Z,NA,obscuren,User,d4d505c868fcd0f692ec3573bd6cfcb1c5230fe2,2015-03-03
ethereum/go-ethereum,425,committed,2015-03-04T09:49:56Z,NA,obscuren,User,84a4f761f332b4aecc36c748bc4c9a4ce1c114e2,2015-03-04
ethereum/go-ethereum,425,committed,2015-03-04T09:51:44Z,NA,obscuren,User,5817dab89e404847764eb74b35539c01747743f3,2015-03-04
ethereum/go-ethereum,425,committed,2015-03-04T11:18:26Z,NA,obscuren,User,15f491e5007d1507f20d0edce36cc9c0bd5cbd37,2015-03-04
ethereum/go-ethereum,425,committed,2015-03-04T19:27:09Z,NA,,,871dfd399be8ee657109112d527645c2c1b3a8f9,2015-03-04
ethereum/go-ethereum,425,closed,2015-03-04T19:28:27Z,NA,Gustav-Simonsson,User,NA,2015-03-04
ethereum/go-ethereum,425,referenced,2022-01-20T19:04:49Z,NA,tony-ricciardi,User,NA,2022-01-20
ethereum/go-ethereum,425,referenced,2023-01-06T23:50:12Z,NA,maoueh,User,NA,2023-01-06
ethereum/go-ethereum,425,referenced,2024-12-02T21:33:44Z,NA,s1na,User,NA,2024-12-02
ethereum/go-ethereum,425,referenced,2025-05-02T22:51:01Z,NA,maoueh,User,NA,2025-05-02
ethereum/go-ethereum,244,committed,2015-01-07T11:56:46Z,NA,fjl,User,ec7cb9981cdedabf0c18c2fdc51cc20941dcb1fa,2015-01-07
ethereum/go-ethereum,244,labeled,2015-01-07T12:01:52Z,NA,fjl,User,NA,2015-01-07
ethereum/go-ethereum,244,committed,2015-01-07T12:17:50Z,NA,fjl,User,1d05027ba2637b4140f9056385214258b627761d,2015-01-07
ethereum/go-ethereum,244,referenced,2015-01-07T12:22:22Z,NA,obscuren,User,NA,2015-01-07
ethereum/go-ethereum,244,merged,2015-01-07T12:22:22Z,NA,obscuren,User,NA,2015-01-07
ethereum/go-ethereum,244,closed,2015-01-07T12:22:22Z,NA,obscuren,User,NA,2015-01-07
ethereum/go-ethereum,244,unlabeled,2015-01-07T12:22:22Z,NA,obscuren,User,NA,2015-01-07
ethereum/go-ethereum,244,head_ref_deleted,2015-05-29T23:40:05Z,NA,fjl,User,NA,2015-05-29
ethereum/go-ethereum,244,referenced,2018-11-10T02:55:48Z,NA,ngtuna,User,NA,2018-11-10
ethereum/go-ethereum,244,referenced,2020-04-28T03:24:49Z,NA,Zergity,User,NA,2020-04-28
ethereum/go-ethereum,244,referenced,2021-02-22T21:09:25Z,NA,AusIV,User,NA,2021-02-22
ethereum/go-ethereum,244,referenced,2021-08-13T20:23:13Z,NA,maoueh,User,NA,2021-08-13
ethereum/go-ethereum,244,referenced,2023-08-29T04:05:55Z,NA,rjl493456442,User,NA,2023-08-29
ethereum/go-ethereum,244,referenced,2023-09-27T09:36:14Z,NA,weiihann,User,NA,2023-09-27
ethereum/go-ethereum,244,cross-referenced,2023-11-30T14:37:01Z,NA,AndreiShybin,User,NA,2023-11-30
ethereum/go-ethereum,244,referenced,2024-12-02T21:33:31Z,NA,s1na,User,NA,2024-12-02
ethereum/go-ethereum,410,committed,2015-01-08T21:41:40Z,NA,CJentzsch,User,ac2ce00e28bb10a5f5c338225d72cdc8e8b4f8aa,2015-01-08
ethereum/go-ethereum,410,committed,2015-01-09T09:56:40Z,NA,CJentzsch,User,b227000f19d1af9e0e6e90d81761e1411433a08b,2015-01-09
ethereum/go-ethereum,410,committed,2015-01-09T14:46:00Z,NA,CJentzsch,User,dd866afc2e2c99080871d3da5f4c5b4243121b0f,2015-01-09
ethereum/go-ethereum,410,committed,2015-01-09T16:06:53Z,NA,CJentzsch,User,314220a00d65c51203050c83c6df1f0cad2fd677,2015-01-09
ethereum/go-ethereum,410,committed,2015-01-09T16:33:41Z,NA,CJentzsch,User,c6743069738db3def5a4717c25deb984727074f0,2015-01-09
ethereum/go-ethereum,410,committed,2015-01-09T18:16:52Z,NA,CJentzsch,User,53dbdf3dd25751a57fa30469e4d2f7358234687e,2015-01-09
ethereum/go-ethereum,410,committed,2015-01-09T19:39:00Z,NA,CJentzsch,User,bf798c8dec6f51477dcd6d9f85fd254017297b93,2015-01-09
ethereum/go-ethereum,410,committed,2015-01-09T20:38:57Z,NA,CJentzsch,User,e8a131e05c8c486cdbf9ad51ea85e914262fe6c7,2015-01-09
ethereum/go-ethereum,410,committed,2015-01-10T22:51:54Z,NA,CJentzsch,User,a0008c3508058e904453c7f15ea2f6c7d53e4cd7,2015-01-10
ethereum/go-ethereum,410,committed,2015-01-12T08:10:11Z,NA,CJentzsch,User,d812c685c9d9d459326c416d2f35f52d35e0abef,2015-01-12
ethereum/go-ethereum,410,committed,2015-01-12T08:36:56Z,NA,CJentzsch,User,9f0c292144ff3ff2686af403d70592e67d77be64,2015-01-12
ethereum/go-ethereum,410,committed,2015-01-12T11:00:02Z,NA,CJentzsch,User,5fbb24353ae276d6272bf226cb8670ac5b598652,2015-01-12
ethereum/go-ethereum,410,committed,2015-01-12T12:08:43Z,NA,CJentzsch,User,928dde590c9056917c26a58e96516b5c05b6e7f8,2015-01-12
ethereum/go-ethereum,410,committed,2015-01-12T12:22:18Z,NA,CJentzsch,User,2577b803f65df3ec0c0749c1f0375c0ed80932fa,2015-01-12
ethereum/go-ethereum,410,committed,2015-01-12T12:55:00Z,NA,CJentzsch,User,d70a30c0568085217e0b674e4e66a44ddbf7223e,2015-01-12
ethereum/go-ethereum,410,committed,2015-01-12T13:27:08Z,NA,CJentzsch,User,1aebe33a34e969b80e1d434587b4a62b091a4608,2015-01-12
ethereum/go-ethereum,410,committed,2015-01-12T15:09:51Z,NA,CJentzsch,User,dfe77eac84f50091da9e9469bd90f258a93f44ff,2015-01-12
ethereum/go-ethereum,410,committed,2015-01-12T15:25:37Z,NA,CJentzsch,User,55c689722ad4b22e5cbe2170702b50f58a468cc9,2015-01-12
ethereum/go-ethereum,410,committed,2015-01-13T07:44:44Z,NA,CJentzsch,User,1818dffaecd544b4a5682c50960b2d57bd2e08c5,2015-01-13
ethereum/go-ethereum,410,committed,2015-01-13T08:17:56Z,NA,CJentzsch,User,6a2e82a23d56a25413d71aa99c2521b7b2a230db,2015-01-13
ethereum/go-ethereum,410,committed,2015-01-13T12:32:26Z,NA,CJentzsch,User,a9930bfd8723868452475a727c9048194c6bdc1d,2015-01-13
ethereum/go-ethereum,410,committed,2015-01-13T13:16:47Z,NA,CJentzsch,User,6fd011a3b6445ab8940da89cab9c85797c23a76f,2015-01-13
ethereum/go-ethereum,410,committed,2015-01-13T13:54:39Z,NA,CJentzsch,User,8d7ddf5299fcf3104d8b424965b62e0fc1e05069,2015-01-13
ethereum/go-ethereum,410,committed,2015-01-13T15:29:04Z,NA,CJentzsch,User,54eaf239ac49f32daa18b897e42e6bdc5627877d,2015-01-13
ethereum/go-ethereum,410,committed,2015-01-13T17:13:52Z,NA,CJentzsch,User,0d25bb85d9e1e3db1e9b76eaf0d97900d586167e,2015-01-13
ethereum/go-ethereum,410,committed,2015-01-13T17:20:08Z,NA,CJentzsch,User,fd0230e5bea10813504522fbb792b46a31f9b8a2,2015-01-13
ethereum/go-ethereum,410,committed,2015-01-13T17:28:18Z,NA,CJentzsch,User,aca3181b7e51b6eab386c8010db30e5beb386fed,2015-01-13
ethereum/go-ethereum,410,committed,2015-01-13T17:30:26Z,NA,CJentzsch,User,ebf468685878ff66aa3505e5b5e702c0f40acafe,2015-01-13
ethereum/go-ethereum,410,committed,2015-01-13T21:45:12Z,NA,CJentzsch,User,3f5a0752805a6fd8694ee7191b20dab1264f55af,2015-01-13
ethereum/go-ethereum,410,committed,2015-01-13T22:07:09Z,NA,CJentzsch,User,a6e9bab29882e6e2b703e10aabdadef1807c2bfb,2015-01-13
ethereum/go-ethereum,410,committed,2015-01-14T08:15:47Z,NA,CJentzsch,User,f9e891909def06097efcc768d6e1dcf33b0bd9a8,2015-01-14
ethereum/go-ethereum,410,committed,2015-01-14T08:21:49Z,NA,CJentzsch,User,762a93fec8d0782e1a36d6be1760b8ee3174b0f5,2015-01-14
ethereum/go-ethereum,410,committed,2015-01-14T15:10:33Z,NA,,,74faa30af6349a7f87959dcf907092b98af735ec,2015-01-14
ethereum/go-ethereum,410,committed,2015-01-14T16:03:37Z,NA,,,9326d0a6dd902435ad13fe23c21d7b8f30fb35ce,2015-01-14
ethereum/go-ethereum,410,committed,2015-01-14T16:53:13Z,NA,,,fffd9810585210d9b25d03d378471de2d229d4e2,2015-01-14
ethereum/go-ethereum,410,committed,2015-01-14T16:53:26Z,NA,CJentzsch,User,489994054a28525ac6f4949f024389e066152ee2,2015-01-14
ethereum/go-ethereum,410,committed,2015-01-14T16:55:49Z,NA,CJentzsch,User,d30ca5aa8ce37d7f47218dd3593d9aa9fe372cb2,2015-01-14
ethereum/go-ethereum,410,committed,2015-01-14T17:06:28Z,NA,,,6bb10ccc3b0b396d3f1a09e7c4c9653c177ea58d,2015-01-14
ethereum/go-ethereum,410,committed,2015-01-14T21:38:33Z,NA,CJentzsch,User,a5946a969f43975daeb948baed69326947a94787,2015-01-14
ethereum/go-ethereum,410,committed,2015-01-15T08:47:55Z,NA,CJentzsch,User,1287fc3266f27d1c43bdb137f7a2e875763e35d2,2015-01-15
ethereum/go-ethereum,410,committed,2015-01-15T10:13:20Z,NA,CJentzsch,User,44a12cd070c4aae05828a5a3e8af579476fa86ff,2015-01-15
ethereum/go-ethereum,410,committed,2015-01-16T13:07:37Z,NA,CJentzsch,User,df335682e4dd64deeb3ac997897c0621773d26cd,2015-01-16
ethereum/go-ethereum,410,committed,2015-01-19T02:54:29Z,NA,,,f5ec2470db4c6813f17b8b42204462ea9e4bcd28,2015-01-19
ethereum/go-ethereum,410,committed,2015-01-19T03:14:53Z,NA,,,6e8085b839e15fa27f6b6d8086d6cb09e726b4e0,2015-01-19
ethereum/go-ethereum,410,committed,2015-01-19T14:10:08Z,NA,,,eecee75336681dc8c0b7a2423997178eb2101f4e,2015-01-19
ethereum/go-ethereum,410,committed,2015-01-19T14:15:41Z,NA,CJentzsch,User,8871fb4e0e33b0e799cf3c92956ce7ec6c9a77fe,2015-01-19
ethereum/go-ethereum,410,committed,2015-01-19T14:17:20Z,NA,CJentzsch,User,dabbb6df654f608775801c28d3070335eb4db1ff,2015-01-19
ethereum/go-ethereum,410,committed,2015-01-20T09:33:26Z,NA,CJentzsch,User,be581381004492e58103b11937c4b6bc480270bf,2015-01-20
ethereum/go-ethereum,410,committed,2015-01-22T11:17:52Z,NA,CJentzsch,User,4b3e56ec23f8e6efedd7cec7b23fd10238b6bb0a,2015-01-22
ethereum/go-ethereum,410,committed,2015-01-22T13:12:46Z,NA,CJentzsch,User,ab0473ef9357a2f430eb54ba7a6eb6eb719e456c,2015-01-22
ethereum/go-ethereum,410,committed,2015-01-22T15:36:43Z,NA,CJentzsch,User,7f1d2b28c1eda7142901c6a2a27979ece94680f3,2015-01-22
ethereum/go-ethereum,410,committed,2015-01-22T16:14:50Z,NA,CJentzsch,User,b4e7a5b1c66d06605ea0a3c77dd23e8f496ede47,2015-01-22
ethereum/go-ethereum,410,committed,2015-01-22T16:27:02Z,NA,CJentzsch,User,26e84de1806be9cdbceb0a65d54d6b688816dac9,2015-01-22
ethereum/go-ethereum,410,committed,2015-01-22T22:14:12Z,NA,CJentzsch,User,64fc464e03a53eaedf7e8331476dd2753a9b9545,2015-01-22
ethereum/go-ethereum,410,committed,2015-01-23T08:57:49Z,NA,CJentzsch,User,04b611df1c645c4de878ed7c83aab77aef6bd6e4,2015-01-23
ethereum/go-ethereum,410,committed,2015-01-23T11:04:39Z,NA,CJentzsch,User,fd450b7f9a32d22ed9b41221db18957468ae0753,2015-01-23
ethereum/go-ethereum,410,committed,2015-01-23T14:23:56Z,NA,CJentzsch,User,52e174b1f7fcd5bcc7fa1f134b9cd085a24ff642,2015-01-23
ethereum/go-ethereum,410,committed,2015-01-23T17:27:51Z,NA,,,382694f593670cf9ad165ac92443fc09d4cf8186,2015-01-23
ethereum/go-ethereum,410,committed,2015-01-25T21:52:38Z,NA,,,58ec49a34da85b71fe5f82b263986faa2b570eaa,2015-01-25
ethereum/go-ethereum,410,committed,2015-01-25T22:15:41Z,NA,,,5deca66a7ded218f640923e0e07c1629ea9b0ee0,2015-01-25
ethereum/go-ethereum,410,committed,2015-01-25T22:28:47Z,NA,,,d0440eef25d63e3f862433bfc68c93f21b18cd0e,2015-01-25
ethereum/go-ethereum,410,committed,2015-01-26T18:57:23Z,NA,ebuchman,User,2da367a2bee84d74d1bb0ea1b42d4c22fae486dd,2015-01-26
ethereum/go-ethereum,410,committed,2015-01-28T05:28:45Z,NA,CJentzsch,User,a20a5b437dfc245fc16d422984330f91b54576b1,2015-01-28
ethereum/go-ethereum,410,committed,2015-01-29T21:50:38Z,NA,CJentzsch,User,fad4ddbcaf7f50cac670573f6c0734639870fe0a,2015-01-29
ethereum/go-ethereum,410,committed,2015-01-29T22:05:42Z,NA,CJentzsch,User,e8e8d1216877ed26f124a3cffc31e59975678ef3,2015-01-29
ethereum/go-ethereum,410,committed,2015-01-30T21:09:25Z,NA,wanderer,User,5f10d982acfa8687ef3954f6500cdcb8deb3eded,2015-01-30
ethereum/go-ethereum,410,committed,2015-01-30T21:07:55Z,NA,,,e125e70fa06960a50fcca74378839e9de5d37222,2015-01-30
ethereum/go-ethereum,410,committed,2015-01-31T22:46:24Z,NA,wanderer,User,8ce498ee530e42cc34a37869d7d081d20004622a,2015-01-31
ethereum/go-ethereum,410,committed,2015-01-31T22:47:39Z,NA,wanderer,User,d1c8fa6bbdd524826c2fc5eabd0fbb9aa82587a9,2015-01-31
ethereum/go-ethereum,410,committed,2015-01-31T22:48:45Z,NA,,,764ed016886dcd91e14bc1fcfe4e938959c0a405,2015-01-31
ethereum/go-ethereum,410,committed,2015-01-31T22:51:22Z,NA,,,b4b280c4ff404fecec4b7c86648ef47ea6e27ae7,2015-01-31
ethereum/go-ethereum,410,committed,2015-01-31T23:26:29Z,NA,,,e76af886bf4779db7988c4444b9cfd4173bbf901,2015-01-31
ethereum/go-ethereum,410,committed,2015-01-31T23:40:02Z,NA,wanderer,User,ca19e52266c85f4957e954558f052e8707dca3fb,2015-01-31
ethereum/go-ethereum,410,committed,2015-02-03T00:00:32Z,NA,CJentzsch,User,56559162d339834eac12123587d16106dafa05a7,2015-02-03
ethereum/go-ethereum,410,committed,2015-02-03T12:13:10Z,NA,CJentzsch,User,2b3ea9770b549dab8c029ee43b16a9b0f8bda592,2015-02-03
ethereum/go-ethereum,410,committed,2015-02-03T17:45:23Z,NA,,,901ddf773785747b8cda5f1d803f65d265320553,2015-02-03
ethereum/go-ethereum,410,committed,2015-02-03T22:35:36Z,NA,,,c37ea26dc7e0b06ccae2fe1a354e94093c54903c,2015-02-03
ethereum/go-ethereum,410,committed,2015-02-04T08:48:16Z,NA,CJentzsch,User,822b05106df278e341b5ef440b487f7f92e7aad5,2015-02-04
ethereum/go-ethereum,410,committed,2015-02-04T08:48:31Z,NA,CJentzsch,User,7bfa609f3810c50045eb5e7c5541ce4512bd438e,2015-02-04
ethereum/go-ethereum,410,committed,2015-02-04T15:21:06Z,NA,CJentzsch,User,936a8c0e3b4a051d83051b091b34ae13c28a76a5,2015-02-04
ethereum/go-ethereum,410,committed,2015-02-04T15:23:54Z,NA,CJentzsch,User,83258456d3f1f0487246c93cba555724903876f0,2015-02-04
ethereum/go-ethereum,410,committed,2015-02-05T11:07:12Z,NA,,,2e2e36cc7220522d7b33b654543907163c973156,2015-02-05
ethereum/go-ethereum,410,committed,2015-02-05T11:09:35Z,NA,,,5235124460fd0de55c07cd6aae9638e94272ff19,2015-02-05
ethereum/go-ethereum,410,committed,2015-02-05T11:31:49Z,NA,,,af21a32cef9e556d2753393f2e395f35a45cba31,2015-02-05
ethereum/go-ethereum,410,committed,2015-02-05T16:01:24Z,NA,CJentzsch,User,0c29650bfa18fc47ba502d05ba0c671420e9b164,2015-02-05
ethereum/go-ethereum,410,committed,2015-02-05T17:40:37Z,NA,CJentzsch,User,16ab9491108570b4f583430c93323c5943765dd2,2015-02-05
ethereum/go-ethereum,410,committed,2015-02-06T14:38:55Z,NA,CJentzsch,User,a3780032bf5789b20bbd33e29933f443049b8a99,2015-02-06
ethereum/go-ethereum,410,committed,2015-02-06T16:43:35Z,NA,CJentzsch,User,9f52408e708232be832ede3995e0858f6db8f5b8,2015-02-06
ethereum/go-ethereum,410,committed,2015-02-07T08:56:24Z,NA,CJentzsch,User,cb877734f00fdc68419aa5c2875f55fc3c3adfbf,2015-02-07
ethereum/go-ethereum,410,committed,2015-02-07T17:09:22Z,NA,CJentzsch,User,bcc5c516300526395fee3ca861a5c1c6b66db8ef,2015-02-07
ethereum/go-ethereum,410,committed,2015-02-09T09:29:47Z,NA,CJentzsch,User,907f22975785d35563afcdf1777c9857eb7bbe47,2015-02-09
ethereum/go-ethereum,410,committed,2015-02-09T10:20:14Z,NA,CJentzsch,User,348d3af0fc15f69afdc4e141fde81ba9d6e0f21a,2015-02-09
ethereum/go-ethereum,410,committed,2015-02-10T09:43:36Z,NA,CJentzsch,User,be4f40741f894f3ef93199ace09d6d06f962faaa,2015-02-10
ethereum/go-ethereum,410,committed,2015-02-10T10:22:50Z,NA,CJentzsch,User,cf002a461167847647e91f0be0c6c0df6867a937,2015-02-10
ethereum/go-ethereum,410,committed,2015-02-10T19:38:48Z,NA,,,d1a31850ce5f8893c2d1d77a68e7635af199233a,2015-02-10
ethereum/go-ethereum,410,committed,2015-02-11T01:29:08Z,NA,wanderer,User,eaec21f199f2b6189d62a43e3454f844358e570b,2015-02-11
ethereum/go-ethereum,410,committed,2015-02-11T01:36:27Z,NA,wanderer,User,74e1320a0b93fcc812a570c84c7dc0931a6bd047,2015-02-11
ethereum/go-ethereum,410,committed,2015-02-11T01:53:43Z,NA,wanderer,User,5a89c6f80309607339281057c56ccb038bd7161f,2015-02-11
ethereum/go-ethereum,410,committed,2015-02-11T02:04:04Z,NA,wanderer,User,bf2abc3b68caaf70f7fbf4ca0b4fb4b4c235618b,2015-02-11
ethereum/go-ethereum,410,committed,2015-02-11T07:39:55Z,NA,CJentzsch,User,766ee65328b77c3940b789986c4b9851fe1e3b83,2015-02-11
ethereum/go-ethereum,410,committed,2015-02-11T07:40:42Z,NA,CJentzsch,User,ec8404c3757685134a41f8c4b45a64a1e89da35d,2015-02-11
ethereum/go-ethereum,410,committed,2015-02-11T08:00:25Z,NA,CJentzsch,User,d0a2eca19b208944ca30caa9608600c59ab7a43a,2015-02-11
ethereum/go-ethereum,410,committed,2015-02-12T05:56:22Z,NA,,,1000b02b18ee4de2c13f10d813cce2a9d76ec2df,2015-02-12
ethereum/go-ethereum,410,committed,2015-02-13T08:09:11Z,NA,CJentzsch,User,a681d1ec0279c5d3a04b17cd9d1cd9c7a75e75fe,2015-02-13
ethereum/go-ethereum,410,committed,2015-02-13T08:10:27Z,NA,CJentzsch,User,4e3377333fdf0773a33bb120f2b052c58ebf3700,2015-02-13
ethereum/go-ethereum,410,committed,2015-02-13T11:20:47Z,NA,,,ddc830be5ce01c629815f7e5a31b1a60efa42d52,2015-02-13
ethereum/go-ethereum,410,committed,2015-02-13T11:47:02Z,NA,CJentzsch,User,4ee0f90b468dd8f403824512844f7cad0eea7283,2015-02-13
ethereum/go-ethereum,410,committed,2015-02-16T11:59:44Z,NA,CJentzsch,User,94af56789aaf09ca4f6e9180a822d2c473a04b4a,2015-02-16
ethereum/go-ethereum,410,committed,2015-02-16T12:00:21Z,NA,CJentzsch,User,957f3340120934d0d41c130e339efcb6b8c808f2,2015-02-16
ethereum/go-ethereum,410,committed,2015-02-16T12:02:57Z,NA,CJentzsch,User,dda2eb84f7e2a9d60e032e55c271348e109ae30a,2015-02-16
ethereum/go-ethereum,410,committed,2015-02-16T14:47:52Z,NA,CJentzsch,User,ea509a6d72ae8db6b7ec8047586b8b8464b1bb8a,2015-02-16
ethereum/go-ethereum,410,committed,2015-02-16T14:56:10Z,NA,CJentzsch,User,5718f969345c21d67b06a650e695fc59c9ccb5d2,2015-02-16
ethereum/go-ethereum,410,committed,2015-02-16T17:08:44Z,NA,,,5797752572b28422f5ebda5eedefe9fc7db403ed,2015-02-16
ethereum/go-ethereum,410,committed,2015-02-16T17:09:49Z,NA,,,beff83ecd202cf183cec8ccec13722df2937d267,2015-02-16
ethereum/go-ethereum,410,committed,2015-02-16T17:11:33Z,NA,,,4b81a98e4a773afd1375235b5ac8c57b842106fa,2015-02-16
ethereum/go-ethereum,410,committed,2015-02-16T19:20:15Z,NA,CJentzsch,User,a8c4de17da6f188851c2f41afd08ce29361598b4,2015-02-16
ethereum/go-ethereum,410,committed,2015-02-16T19:20:50Z,NA,CJentzsch,User,7ec1b7e90aacd5eda5b9354761832a1b75378c0b,2015-02-16
ethereum/go-ethereum,410,committed,2015-02-18T00:25:18Z,NA,ebuchman,User,2ba65f4fbaea49c1e0d99959b0331e09b153f931,2015-02-18
ethereum/go-ethereum,410,committed,2015-02-18T03:02:15Z,NA,ebuchman,User,9446489cf3f2eb4b5237b9355b3975fde2886508,2015-02-18
ethereum/go-ethereum,410,committed,2015-02-20T13:46:35Z,NA,gavofyork,User,672f6c44b87b59ee420b01ceb4c4d65777d81782,2015-02-20
ethereum/go-ethereum,410,committed,2015-02-20T14:05:11Z,NA,CJentzsch,User,b392afac3cd6145b909ad9dfe3c6370d341ca062,2015-02-20
ethereum/go-ethereum,410,committed,2015-02-20T19:50:32Z,NA,CJentzsch,User,18216a6e338b538a4d9185e9eb445c5d9bd65e4b,2015-02-20
ethereum/go-ethereum,410,committed,2015-02-21T19:43:06Z,NA,,,b131b37451276093bf826cc8969e9d2909e1d3a5,2015-02-21
ethereum/go-ethereum,410,committed,2015-02-21T22:33:44Z,NA,wanderer,User,168ab2b06590718b519a8509c975d469087c4b9c,2015-02-21
ethereum/go-ethereum,410,committed,2015-02-22T19:10:28Z,NA,wanderer,User,94f1ca2e090b13c49879d5277591dcca35aac387,2015-02-22
ethereum/go-ethereum,410,committed,2015-02-23T08:51:44Z,NA,CJentzsch,User,8b79ae6695c9d0a84542df8a02dc45b35fbf560e,2015-02-23
ethereum/go-ethereum,410,committed,2015-02-23T10:28:06Z,NA,CJentzsch,User,48606e05c1a647200c3848f5d7aeda4b2920b6cf,2015-02-23
ethereum/go-ethereum,410,committed,2015-02-23T10:31:29Z,NA,CJentzsch,User,cb52754e6c9f17e0ed841ea8939fc00db6a57adb,2015-02-23
ethereum/go-ethereum,410,committed,2015-02-23T15:14:00Z,NA,romanman,User,f23aeb44e2632cd90ef452d0b952379d85995ea5,2015-02-23
ethereum/go-ethereum,410,committed,2015-02-23T15:25:06Z,NA,CJentzsch,User,e4f44139a108011818f517f2c3bfd0e2bcf71c8e,2015-02-23
ethereum/go-ethereum,410,committed,2015-02-23T23:40:06Z,NA,wanderer,User,c72e2588f30ff890861c5b66b14686e96a798c71,2015-02-23
ethereum/go-ethereum,410,committed,2015-02-24T06:36:54Z,NA,,,13b4ab10ae0f9bb9da3323d726e6bb9c2596bfde,2015-02-24
ethereum/go-ethereum,410,committed,2015-02-24T06:46:06Z,NA,,,9315ad3d2c0e851ec7d16878e2c1a0a0c084d58b,2015-02-24
ethereum/go-ethereum,410,committed,2015-02-24T06:52:33Z,NA,,,6e2d856d852e859382fe6b763d988ca4e3a84752,2015-02-24
ethereum/go-ethereum,410,committed,2015-02-24T09:14:36Z,NA,CJentzsch,User,e48576ada32edf3e68ab025c867c0b73dfde2950,2015-02-24
ethereum/go-ethereum,410,committed,2015-02-24T09:15:10Z,NA,CJentzsch,User,e8c84bdf56f811f9ede1f9d1c797961ae5765a7e,2015-02-24
ethereum/go-ethereum,410,committed,2015-02-24T21:46:56Z,NA,CJentzsch,User,33c8c2bd7ef8d076b0f65acf478e5ebf2e513221,2015-02-24
ethereum/go-ethereum,410,committed,2015-02-24T21:48:19Z,NA,CJentzsch,User,36e862c989776ae2d259554e78b3782bd73b1d8e,2015-02-24
ethereum/go-ethereum,410,committed,2015-02-24T22:05:39Z,NA,CJentzsch,User,978a29ab720feee282fc71f5b058382afdcd5f80,2015-02-24
ethereum/go-ethereum,410,committed,2015-02-25T11:50:24Z,NA,CJentzsch,User,86b14058fde15bdef8a40d6dbac07a62523b3643,2015-02-25
ethereum/go-ethereum,410,committed,2015-02-25T12:08:47Z,NA,CJentzsch,User,cfb120d1793dbb14404d9991f67cfb16bf573887,2015-02-25
ethereum/go-ethereum,410,committed,2015-02-25T12:21:59Z,NA,zelig,User,d46c7bcaf9268a191f0156d36abf394df5374795,2015-02-25
ethereum/go-ethereum,410,committed,2015-02-25T12:34:12Z,NA,zelig,User,422490d75cf9a2406430f2d7c0d7dd77ede18f7c,2015-02-25
ethereum/go-ethereum,410,committed,2015-02-25T13:04:51Z,NA,zelig,User,cdc86965cb38335b97d0bef337e0a53ed7c7f7e3,2015-02-25
ethereum/go-ethereum,410,committed,2015-02-25T13:38:37Z,NA,zelig,User,16ecda951b767800b4e09ad8e86e0866b05136be,2015-02-25
ethereum/go-ethereum,410,committed,2015-02-25T13:53:57Z,NA,,,afb72dc795ae554e90df47deab7b37258bb34c94,2015-02-25
ethereum/go-ethereum,410,committed,2015-02-25T14:37:25Z,NA,,,6016b942d6b0b074c06ccb9dd932d893b0fdb24b,2015-02-25
ethereum/go-ethereum,410,committed,2015-02-25T14:44:19Z,NA,CJentzsch,User,9f3cee021e3b005d5c316a51007932c4a9db1c93,2015-02-25
ethereum/go-ethereum,410,committed,2015-02-25T16:28:22Z,NA,,,667cafc13e32c85c4dfecd20fd86a5f57f65bfa9,2015-02-25
ethereum/go-ethereum,410,committed,2015-02-25T17:26:21Z,NA,CJentzsch,User,a431c4a6658812ffba58920d6249d38820e15bd7,2015-02-25
ethereum/go-ethereum,410,committed,2015-02-26T07:46:13Z,NA,CJentzsch,User,a0cfe0d12385716123959804632e70ee2b337bd1,2015-02-26
ethereum/go-ethereum,410,committed,2015-02-26T11:25:13Z,NA,,,1e07358ac240549e4a596c2d0edb3559924c9719,2015-02-26
ethereum/go-ethereum,410,committed,2015-02-26T11:26:59Z,NA,CJentzsch,User,48276be277ff7b4ffe9b7853cecda7da598e2c40,2015-02-26
ethereum/go-ethereum,410,committed,2015-02-26T11:38:32Z,NA,CJentzsch,User,8058f2fdf0c617dfa3ea9f1e0b1761a51ba3cdf0,2015-02-26
ethereum/go-ethereum,410,committed,2015-02-26T11:38:57Z,NA,CJentzsch,User,88913ec89b83ea05b4e8403ab8cfa808f2e165fe,2015-02-26
ethereum/go-ethereum,410,committed,2015-02-26T12:52:05Z,NA,CJentzsch,User,d09cbfcf84824e7c34fc03681c0faf70320fb1c9,2015-02-26
ethereum/go-ethereum,410,committed,2015-02-26T13:22:16Z,NA,CJentzsch,User,a3b3d19d80d1caac047296582062618e2a461108,2015-02-26
ethereum/go-ethereum,410,committed,2015-02-26T16:33:34Z,NA,CJentzsch,User,a622eccecb6e090a8c5522bcb08df6b9d8215aa8,2015-02-26
ethereum/go-ethereum,410,committed,2015-02-26T17:39:05Z,NA,obscuren,User,37e6870f64437a212fde383ab1538ad1e7e2acd9,2015-02-26
ethereum/go-ethereum,410,committed,2015-02-26T17:39:38Z,NA,obscuren,User,c18ea4de147cb81bf5563a5727172d4103658b92,2015-02-26
ethereum/go-ethereum,410,committed,2015-02-26T22:54:57Z,NA,ebuchman,User,5a827417d9cef0d2a765df11e747b1755bf04898,2015-02-26
ethereum/go-ethereum,410,committed,2015-02-27T11:41:58Z,NA,CJentzsch,User,b6155375ae55dafddabd959eb7c2f6fb55a8dd11,2015-02-27
ethereum/go-ethereum,410,committed,2015-02-27T12:28:44Z,NA,CJentzsch,User,fc3c7760a547179dff9c76808ac005c5212ffb01,2015-02-27
ethereum/go-ethereum,410,committed,2015-02-27T13:16:25Z,NA,CJentzsch,User,cb8d0fa87458d7d4dcc3dec514f7481c2689ab60,2015-02-27
ethereum/go-ethereum,410,committed,2015-02-27T20:59:33Z,NA,xcthulhu,User,8653db6df0018d08212493e3a3df4677162bdd8f,2015-02-27
ethereum/go-ethereum,410,committed,2015-02-27T21:05:03Z,NA,ebuchman,User,0efd6a881afac0b3082f3b1e8780e3438eea5b02,2015-02-27
ethereum/go-ethereum,410,committed,2015-02-27T21:13:31Z,NA,xcthulhu,User,3820a65299831331f215e158d287fe3df3b69ea6,2015-02-27
ethereum/go-ethereum,410,committed,2015-02-28T01:56:24Z,NA,xcthulhu,User,ba1f4bbe9132103af67c0c46f81c913d6a595d77,2015-02-28
ethereum/go-ethereum,410,committed,2015-02-28T17:54:09Z,NA,,,11fbc41e4bea3f8ec592b3477ba2444175c6ac67,2015-02-28
ethereum/go-ethereum,410,committed,2015-02-28T19:52:29Z,NA,obscuren,User,ae45a39dc1cddac885090872cefc6799b4a4c1d9,2015-02-28
ethereum/go-ethereum,410,committed,2015-02-28T19:52:57Z,NA,obscuren,User,73c52d1677ba526385f1b223ef48f3a26091fe00,2015-02-28
ethereum/go-ethereum,410,committed,2015-02-28T19:57:55Z,NA,CJentzsch,User,35f53abc786e2a83fdc8817c13cf753e418abd7d,2015-02-28
ethereum/go-ethereum,410,committed,2015-02-28T20:19:48Z,NA,CJentzsch,User,5375dd67567c512ab5f58f842004448963dd50d7,2015-02-28
ethereum/go-ethereum,410,committed,2015-02-28T21:03:38Z,NA,CJentzsch,User,2dbdcf363633aafe446a6e8df098f4d8a5377d99,2015-02-28
ethereum/go-ethereum,410,committed,2015-03-02T10:45:29Z,NA,CJentzsch,User,bc1d97b2a7831dded04cb23418ee0c505cd0fd6c,2015-03-02
ethereum/go-ethereum,410,committed,2015-03-02T13:32:29Z,NA,CJentzsch,User,cb868a604c9c86c435501aaf18906f6595467bb4,2015-03-02
ethereum/go-ethereum,410,mentioned,2015-03-02T14:39:19Z,NA,subtly,User,NA,2015-03-02
ethereum/go-ethereum,410,subscribed,2015-03-02T14:39:19Z,NA,subtly,User,NA,2015-03-02
ethereum/go-ethereum,410,labeled,2015-03-02T14:39:20Z,NA,fjl,User,NA,2015-03-02
ethereum/go-ethereum,410,committed,2015-03-02T14:50:12Z,NA,CJentzsch,User,67f3f4c1d8c524edf2576503e45c05ba85f3b608,2015-03-02
ethereum/go-ethereum,410,committed,2015-03-02T14:59:39Z,NA,CJentzsch,User,d9ea240122d2655f93a98c55f4a5c99823b256bc,2015-03-02
ethereum/go-ethereum,410,committed,2015-03-02T15:20:38Z,NA,CJentzsch,User,ce7204fa17560f6a76c7592bf5f23d29f22042d6,2015-03-02
ethereum/go-ethereum,410,committed,2015-03-02T15:32:02Z,NA,obscuren,User,b383ff0b96a1cf3df0b56f13b8d303ae4d4977ad,2015-03-02
ethereum/go-ethereum,410,committed,2015-03-02T15:34:03Z,NA,obscuren,User,b13735b40024ccc704a4c343b2985165a3bc66f4,2015-03-02
ethereum/go-ethereum,410,committed,2015-03-02T15:36:34Z,NA,obscuren,User,4f3f881c9be0b590e6e28fda295257e8d15d5f02,2015-03-02
ethereum/go-ethereum,410,committed,2015-03-02T15:43:12Z,NA,obscuren,User,0823254c3bc2560f8e0dd6f19d05f471f8af94f4,2015-03-02
ethereum/go-ethereum,410,committed,2015-03-02T16:55:45Z,NA,obscuren,User,200f66537cdf21a69ddda74eedfee30c14fb6ba6,2015-03-02
ethereum/go-ethereum,410,committed,2015-03-02T17:00:10Z,NA,obscuren,User,fe7ab662f0f1d17a4f350e344756da9e31790d45,2015-03-02
ethereum/go-ethereum,410,committed,2015-03-02T17:00:10Z,NA,obscuren,User,41c9dc973d2dc8614db6c1e3dbb2ec5564935368,2015-03-02
ethereum/go-ethereum,410,committed,2015-03-02T17:43:12Z,NA,zelig,User,a60a18b080197cad836f18f9d093bba3bcb6cef8,2015-03-02
ethereum/go-ethereum,410,committed,2015-03-02T19:13:41Z,NA,zelig,User,af6971f823431e091142dc81f1b252f681d086cf,2015-03-02
ethereum/go-ethereum,410,committed,2015-03-02T20:39:21Z,NA,zelig,User,47278a6e4eb4b8dc02ff322ba24c9c225267ffe5,2015-03-02
ethereum/go-ethereum,410,committed,2015-03-02T23:56:11Z,NA,xcthulhu,User,080823bdeebbab2bcffdaefad703896700ed2c30,2015-03-02
ethereum/go-ethereum,410,committed,2015-03-03T03:29:34Z,NA,xcthulhu,User,de9f79133faa1ff5dcd16fb4fd13d06b7799ded9,2015-03-03
ethereum/go-ethereum,410,committed,2015-03-03T06:52:20Z,NA,zelig,User,34be795bc11e72092460401d015852d61c769509,2015-03-03
ethereum/go-ethereum,410,committed,2015-03-03T08:37:20Z,NA,zelig,User,76af536d0d16e3f0742a46d448b3e0dcb46458f6,2015-03-03
ethereum/go-ethereum,410,committed,2015-03-03T08:43:05Z,NA,zelig,User,fc47f0f27b4b672c84e8de230a5a3c5e5519f3aa,2015-03-03
ethereum/go-ethereum,410,committed,2015-03-03T08:44:41Z,NA,zelig,User,6c2856df2335dec946a5ebc14a4438b261e0c881,2015-03-03
ethereum/go-ethereum,410,committed,2015-03-03T10:11:11Z,NA,obscuren,User,c1ef19bef9d4207b5f7d6fc5ff40375a5f0d203b,2015-03-03
ethereum/go-ethereum,410,committed,2015-03-03T10:11:24Z,NA,obscuren,User,2f647c443a6faf3a0639f9e54fdd262fe917b49b,2015-03-03
ethereum/go-ethereum,410,committed,2015-03-03T10:11:24Z,NA,obscuren,User,d0354b844028220b31f55c2cdbe9d4cc546d4b52,2015-03-03
ethereum/go-ethereum,410,committed,2015-03-03T10:18:50Z,NA,obscuren,User,fa910966ede699f90b2760d7a11ac0ef5dbda029,2015-03-03
ethereum/go-ethereum,410,committed,2015-03-03T10:56:12Z,NA,obscuren,User,34ee5ab9a8cfa67050a5bddc8eed4342b6409f59,2015-03-03
ethereum/go-ethereum,410,committed,2015-03-03T10:56:28Z,NA,obscuren,User,49da6a8d809ecc5f5b1f3c5ccea9ebcd45d4e1c3,2015-03-03
ethereum/go-ethereum,410,committed,2015-03-03T10:56:43Z,NA,obscuren,User,ba0a758d8c7c574047d5d4ece9fde0b42a62fc6f,2015-03-03
ethereum/go-ethereum,410,committed,2015-03-03T11:15:58Z,NA,obscuren,User,bf5365b317ba5767feb28eef9abb83328bfea099,2015-03-03
ethereum/go-ethereum,410,committed,2015-03-03T11:21:27Z,NA,obscuren,User,1650b59cd93a29ea54328656a9318ffb10889ae5,2015-03-03
ethereum/go-ethereum,410,committed,2015-03-03T11:25:44Z,NA,obscuren,User,b909a5ec18d30456c6028593448233bba0937482,2015-03-03
ethereum/go-ethereum,410,committed,2015-03-03T11:26:24Z,NA,obscuren,User,e73d7725df69fb2b973c214c2b940b3196d8eb08,2015-03-03
ethereum/go-ethereum,410,committed,2015-03-03T11:26:24Z,NA,obscuren,User,b7ec9fbb0e49e345a8a2566226a76d50b48266a7,2015-03-03
ethereum/go-ethereum,410,committed,2015-03-03T11:30:57Z,NA,obscuren,User,524bf9e858519ff34b3c7f54744ae8b515ab1fac,2015-03-03
ethereum/go-ethereum,410,committed,2015-03-03T11:31:09Z,NA,obscuren,User,ffa6b99ab638af7bb6753b663612bad48019c334,2015-03-03
ethereum/go-ethereum,410,committed,2015-03-03T11:31:09Z,NA,obscuren,User,4659b51b50394c596f0548eb53390c80ba96e392,2015-03-03
ethereum/go-ethereum,410,committed,2015-03-03T12:29:52Z,NA,obscuren,User,fa831206c617b398c3b74a1b6589893cd9dde6bd,2015-03-03
ethereum/go-ethereum,410,committed,2015-03-03T12:29:59Z,NA,obscuren,User,0867e4fae96c0b0d234f1710119a129f8b0d96f7,2015-03-03
ethereum/go-ethereum,410,committed,2015-03-03T12:29:59Z,NA,obscuren,User,2a509316843c585b491c259ca8a485c9bc8b75b8,2015-03-03
ethereum/go-ethereum,410,committed,2015-03-03T12:56:59Z,NA,obscuren,User,d9d40888ce9498b25925ccbf1447b1f62597aa2f,2015-03-03
ethereum/go-ethereum,410,committed,2015-03-03T12:56:59Z,NA,obscuren,User,9f359dfffaf3812deee2ef0a5abb12894632ab7c,2015-03-03
ethereum/go-ethereum,410,committed,2015-03-03T14:16:52Z,NA,obscuren,User,42a210b571b9358df16da148d9724c2ef9abbca5,2015-03-03
ethereum/go-ethereum,410,committed,2015-03-03T14:16:52Z,NA,obscuren,User,651b2158ba09e866fb599f62256edc684f269fd6,2015-03-03
ethereum/go-ethereum,410,committed,2015-03-03T14:39:33Z,NA,obscuren,User,a6e04ab05150d1b5aa4adb297f3e5146b1559b02,2015-03-03
ethereum/go-ethereum,410,committed,2015-03-03T14:39:34Z,NA,obscuren,User,6518da7c0123168061b97e259e75a39c7f6b1638,2015-03-03
ethereum/go-ethereum,410,committed,2015-03-03T15:20:38Z,NA,obscuren,User,c74c07eed19f8a328f47aca7b9e01dcdf8731847,2015-03-03
ethereum/go-ethereum,410,committed,2015-03-03T16:05:51Z,NA,obscuren,User,ee0a1bec6c3ce942e51265535961ac6a745d33eb,2015-03-03
ethereum/go-ethereum,410,committed,2015-03-03T16:20:10Z,NA,obscuren,User,b0aaa77f0213cb525a873c3bea92e8a06cff423f,2015-03-03
ethereum/go-ethereum,410,committed,2015-03-03T16:20:34Z,NA,obscuren,User,22b132e28f74cabef38a55874da8e3db93786144,2015-03-03
ethereum/go-ethereum,410,committed,2015-03-03T16:55:23Z,NA,obscuren,User,313fe3861b3c338b3b6304adac46c86af7e2d52e,2015-03-03
ethereum/go-ethereum,410,committed,2015-03-03T16:55:29Z,NA,obscuren,User,53b5a45856c5d4c307dc55b4ae1b46efd9471142,2015-03-03
ethereum/go-ethereum,410,committed,2015-03-03T16:56:36Z,NA,obscuren,User,40ff3cac3943ee672d818776fdd8235fc6684dca,2015-03-03
ethereum/go-ethereum,410,committed,2015-03-03T19:06:15Z,NA,zelig,User,2c616bd2795974877b0d3e23e99f6eff9e775218,2015-03-03
ethereum/go-ethereum,410,committed,2015-03-03T19:13:11Z,NA,obscuren,User,8e995b97ccc92098f5744dd7fc3d8e7e111ca09c,2015-03-03
ethereum/go-ethereum,410,committed,2015-03-03T19:26:59Z,NA,obscuren,User,d8a68dc0f112ac588b40959d4abb639ac1b08553,2015-03-03
ethereum/go-ethereum,410,committed,2015-03-03T19:27:15Z,NA,obscuren,User,27078919669ad99bfb51b468f7c475120e6e148a,2015-03-03
ethereum/go-ethereum,410,committed,2015-03-03T19:30:05Z,NA,obscuren,User,f0b2ea64fc331fe6ef9f15097ac2d129dd9b7207,2015-03-03
ethereum/go-ethereum,410,committed,2015-03-03T19:31:12Z,NA,obscuren,User,cfe3af099c7fb4b637132a5c0ab2b94569418084,2015-03-03
ethereum/go-ethereum,410,committed,2015-03-03T19:34:48Z,NA,obscuren,User,bb152612e0466164d33ff7f2023d804d7db18c01,2015-03-03
ethereum/go-ethereum,410,committed,2015-03-03T19:38:46Z,NA,obscuren,User,e9f1e868e2bc0205d0b7655cd07fcaba9b2bc97d,2015-03-03
ethereum/go-ethereum,410,committed,2015-03-03T20:04:31Z,NA,obscuren,User,26de12d9bf23bce7de26b3b6629601ec2e58ad5b,2015-03-03
ethereum/go-ethereum,410,committed,2015-03-03T20:09:29Z,NA,obscuren,User,08fd0715f9504edcc81029ffebee794b06fe4653,2015-03-03
ethereum/go-ethereum,410,committed,2015-03-03T20:48:05Z,NA,obscuren,User,d4d505c868fcd0f692ec3573bd6cfcb1c5230fe2,2015-03-03
ethereum/go-ethereum,410,committed,2015-03-04T09:49:56Z,NA,obscuren,User,84a4f761f332b4aecc36c748bc4c9a4ce1c114e2,2015-03-04
ethereum/go-ethereum,410,committed,2015-03-04T09:51:44Z,NA,obscuren,User,5817dab89e404847764eb74b35539c01747743f3,2015-03-04
ethereum/go-ethereum,410,committed,2015-03-04T11:18:26Z,NA,obscuren,User,15f491e5007d1507f20d0edce36cc9c0bd5cbd37,2015-03-04
ethereum/go-ethereum,410,committed,2015-03-04T11:27:23Z,NA,fjl,User,936dd0f3bc19457c8496af00b181f0a8a2f18d6f,2015-03-04
ethereum/go-ethereum,410,committed,2015-03-04T11:27:23Z,NA,fjl,User,51e01cceca81bc5e82896815754b7c33bb6e6005,2015-03-04
ethereum/go-ethereum,410,committed,2015-03-04T11:27:23Z,NA,fjl,User,736e632215d49dd7bc61126f78dda4bad12768ea,2015-03-04
ethereum/go-ethereum,410,committed,2015-03-04T11:27:24Z,NA,fjl,User,d084aed5e9df5d06812332ed03d3ea55e3ddf819,2015-03-04
ethereum/go-ethereum,410,committed,2015-03-04T11:27:24Z,NA,fjl,User,d344054e5a2844241bf0e4f64ccfc4d2ad259718,2015-03-04
ethereum/go-ethereum,410,committed,2015-03-04T11:27:24Z,NA,fjl,User,2c505efd1ec03dc28ebabbb54253f3eb9e719be5,2015-03-04
ethereum/go-ethereum,410,committed,2015-03-04T11:27:24Z,NA,fjl,User,7d39fd66782dee01f9534bed3cbe22c97c8d610f,2015-03-04
ethereum/go-ethereum,410,committed,2015-03-04T11:27:24Z,NA,fjl,User,21649100b1ed64c9bd73c547360dd6db9b5218fb,2015-03-04
ethereum/go-ethereum,410,committed,2015-03-04T11:27:24Z,NA,fjl,User,7964f30dcbdde00b2960ef6e98320e0a0f9300e2,2015-03-04
ethereum/go-ethereum,410,committed,2015-03-04T12:25:01Z,NA,fjl,User,6e7e5d5fd56a9a6f73e51239ed6648d76db9650d,2015-03-04
ethereum/go-ethereum,410,head_ref_force_pushed,2015-03-04T12:25:17Z,NA,fjl,User,NA,2015-03-04
ethereum/go-ethereum,410,commented,2015-03-04T12:25:41Z,CONTRIBUTOR,fjl,User,NA,2015-03-04
ethereum/go-ethereum,410,closed,2015-03-04T12:25:45Z,NA,fjl,User,NA,2015-03-04
ethereum/go-ethereum,410,unlabeled,2015-03-04T12:25:47Z,NA,fjl,User,NA,2015-03-04
ethereum/go-ethereum,410,referenced,2022-01-20T19:04:46Z,NA,tony-ricciardi,User,NA,2022-01-20
ethereum/go-ethereum,410,referenced,2022-12-09T20:00:46Z,NA,maoueh,User,NA,2022-12-09
ethereum/go-ethereum,410,referenced,2023-10-31T12:27:34Z,NA,tanishqjasoria,User,NA,2023-10-31
ethereum/go-ethereum,410,referenced,2024-04-11T06:43:26Z,NA,tanishqjasoria,User,NA,2024-04-11
ethereum/go-ethereum,410,referenced,2024-12-02T21:33:43Z,NA,s1na,User,NA,2024-12-02
ethereum/go-ethereum,410,referenced,2025-05-02T22:50:57Z,NA,maoueh,User,NA,2025-05-02
ethereum/go-ethereum,410,referenced,2025-05-28T09:15:01Z,NA,thedevbirb,User,NA,2025-05-28
ethereum/go-ethereum,245,committed,2015-01-09T05:03:26Z,NA,zelig,User,3bdf28c1fef6644f17bf66a9240af5168465ad5a,2015-01-09
ethereum/go-ethereum,245,committed,2015-01-09T05:04:32Z,NA,zelig,User,69dfca2feb5c94f7a28a0b24c28181b6da4b9da3,2015-01-09
ethereum/go-ethereum,245,committed,2015-01-09T05:06:04Z,NA,zelig,User,43ed0ed1ae6e77a259d47ed47a25366f3b212f11,2015-01-09
ethereum/go-ethereum,245,committed,2015-01-09T05:57:09Z,NA,zelig,User,f72cb28b0f688d99d7936900474e7d10d06ffb3a,2015-01-09
ethereum/go-ethereum,245,committed,2015-01-09T06:03:32Z,NA,zelig,User,8ecc9509b3ac490fe8ac9d91e24e8271963ee443,2015-01-09
ethereum/go-ethereum,245,committed,2015-01-09T06:03:45Z,NA,zelig,User,5a9952c7b47f20451feea1158286450e08b85551,2015-01-09
ethereum/go-ethereum,245,committed,2015-01-09T06:21:47Z,NA,zelig,User,b3161f5803fdab9531c611659b7827ff1a2699dd,2015-01-09
ethereum/go-ethereum,245,labeled,2015-01-09T06:28:22Z,NA,zelig,User,NA,2015-01-09
ethereum/go-ethereum,245,merged,2015-01-09T16:38:41Z,NA,obscuren,User,NA,2015-01-09
ethereum/go-ethereum,245,closed,2015-01-09T16:38:41Z,NA,obscuren,User,NA,2015-01-09
ethereum/go-ethereum,245,unlabeled,2015-01-09T16:38:42Z,NA,obscuren,User,NA,2015-01-09
ethereum/go-ethereum,245,referenced,2020-04-28T03:24:49Z,NA,Zergity,User,NA,2020-04-28
ethereum/go-ethereum,245,referenced,2021-08-13T20:23:13Z,NA,maoueh,User,NA,2021-08-13
ethereum/go-ethereum,245,referenced,2022-01-20T19:04:39Z,NA,tony-ricciardi,User,NA,2022-01-20
ethereum/go-ethereum,245,referenced,2023-08-01T18:44:39Z,NA,sduchesneau,User,NA,2023-08-01
ethereum/go-ethereum,245,referenced,2024-04-04T13:21:22Z,NA,atenjin,User,NA,2024-04-04
ethereum/go-ethereum,245,referenced,2024-09-02T19:32:03Z,NA,luanxu-mch,User,NA,2024-09-02
ethereum/go-ethereum,245,referenced,2024-12-02T21:33:31Z,NA,s1na,User,NA,2024-12-02
ethereum/go-ethereum,254,committed,2015-01-12T18:40:14Z,NA,,,ba225017c4c1b60dff57ad56da4e8972812a17e2,2015-01-12
ethereum/go-ethereum,254,referenced,2015-01-12T23:29:41Z,NA,obscuren,User,NA,2015-01-12
ethereum/go-ethereum,254,merged,2015-01-12T23:29:41Z,NA,obscuren,User,NA,2015-01-12
ethereum/go-ethereum,254,closed,2015-01-12T23:29:41Z,NA,obscuren,User,NA,2015-01-12
ethereum/go-ethereum,254,head_ref_deleted,2015-01-13T10:26:09Z,NA,chfast,User,NA,2015-01-13
ethereum/go-ethereum,254,referenced,2021-01-15T18:36:29Z,NA,gballet,User,NA,2021-01-15
ethereum/go-ethereum,254,referenced,2021-02-22T21:09:26Z,NA,AusIV,User,NA,2021-02-22
ethereum/go-ethereum,254,referenced,2021-08-13T20:23:13Z,NA,maoueh,User,NA,2021-08-13
ethereum/go-ethereum,254,referenced,2022-01-20T19:04:40Z,NA,tony-ricciardi,User,NA,2022-01-20
ethereum/go-ethereum,254,referenced,2024-01-04T20:32:38Z,NA,sduchesneau,User,NA,2024-01-04
ethereum/go-ethereum,254,referenced,2024-09-02T19:32:04Z,NA,luanxu-mch,User,NA,2024-09-02
ethereum/go-ethereum,255,labeled,2015-01-14T15:59:05Z,NA,zelig,User,NA,2015-01-14
ethereum/go-ethereum,255,committed,2015-02-11T19:22:19Z,NA,obscuren,User,558c67d3922232daefbf904cd2914c4eb5232e4b,2015-02-11
ethereum/go-ethereum,255,committed,2015-02-11T19:28:42Z,NA,,,52a46e61f948d9c5f4a4e993bc1870bd79a19b56,2015-02-11
ethereum/go-ethereum,255,committed,2015-02-11T22:03:12Z,NA,nagydani,User,5c5dc0d61fdd86daefa58c964c9681decc649151,2015-02-11
ethereum/go-ethereum,255,committed,2015-02-11T22:46:45Z,NA,obscuren,User,3f6baa45a7fb1ae5fd7966d2763a2a776a65eb96,2015-02-11
ethereum/go-ethereum,255,committed,2015-02-11T22:46:54Z,NA,obscuren,User,b64ad7a2a6544564b68f362f18c70476310396d6,2015-02-11
ethereum/go-ethereum,255,committed,2015-02-11T23:10:00Z,NA,obscuren,User,04c1a81509576c898f4d30a76f9d84d087e2a4cf,2015-02-11
ethereum/go-ethereum,255,committed,2015-02-12T01:35:35Z,NA,,,5136fc9ab71f77b0741c52b312ca9fdbfb5240c3,2015-02-12
ethereum/go-ethereum,255,committed,2015-02-12T10:31:05Z,NA,zelig,User,2b1b2bfdb73c964ee820827d57f43994234f9b72,2015-02-12
ethereum/go-ethereum,255,committed,2015-02-12T10:39:28Z,NA,zelig,User,68b6ee18f880cfe782bbde4c5cbc26d193914f40,2015-02-12
ethereum/go-ethereum,255,committed,2015-02-12T11:32:07Z,NA,zelig,User,dfd3cc90b5f0ec6bc8e1e57948f7ca1ce1f5e44f,2015-02-12
ethereum/go-ethereum,255,committed,2015-02-12T12:50:04Z,NA,nagydani,User,77ab911aaef4c4273c9afe77df51685d463b4ba3,2015-02-12
ethereum/go-ethereum,255,committed,2015-02-12T14:03:53Z,NA,obscuren,User,31fdc645ed9c6bfa63deb8a688888b6cacfd821e,2015-02-12
ethereum/go-ethereum,255,committed,2015-02-12T15:45:18Z,NA,zsfelfoldi,User,9c5b1dbf0c12fac9106be7b3bd034fe0d305f3fd,2015-02-12
ethereum/go-ethereum,255,head_ref_force_pushed,2015-02-12T15:46:23Z,NA,zsfelfoldi,User,NA,2015-02-12
ethereum/go-ethereum,255,committed,2015-02-12T16:06:15Z,NA,obscuren,User,38faf2c51a1e4a86cda5dfa1b4f7fdae4fd7f58d,2015-02-12
ethereum/go-ethereum,255,committed,2015-02-12T16:42:43Z,NA,nagydani,User,bef46b0d6ba279c055d8aaefce4fc5020a05b571,2015-02-12
ethereum/go-ethereum,255,committed,2015-02-12T16:50:59Z,NA,nagydani,User,c2037241324519bec5526b16ca3657d4969ad08d,2015-02-12
ethereum/go-ethereum,255,committed,2015-02-12T16:52:05Z,NA,zelig,User,f9efeb6594f0efb90b2101b298dda4cb21c3ef95,2015-02-12
ethereum/go-ethereum,255,committed,2015-02-12T16:52:11Z,NA,zsfelfoldi,User,76c6b7546f7c0e9afdf9378853381e945568178c,2015-02-12
ethereum/go-ethereum,255,committed,2015-02-12T16:52:15Z,NA,nagydani,User,cb18316315f640f4fca8534d01dcf967572a57cf,2015-02-12
ethereum/go-ethereum,255,committed,2015-02-12T16:52:29Z,NA,zelig,User,64633e0b0c874529e5d2a7b355806e848e49c2ab,2015-02-12
ethereum/go-ethereum,255,committed,2015-02-12T16:52:46Z,NA,zsfelfoldi,User,3de34b631daa78510bb5c8e65aa1445f772df4be,2015-02-12
ethereum/go-ethereum,255,committed,2015-02-12T16:55:50Z,NA,zsfelfoldi,User,08f5f59f89c7d8661c14d304eb3ac8bd21bbb093,2015-02-12
ethereum/go-ethereum,255,committed,2015-02-12T17:03:37Z,NA,zelig,User,d25993f0b52cfb8daa2eb401a445d9562da8cae3,2015-02-12
ethereum/go-ethereum,255,committed,2015-02-12T17:19:17Z,NA,zsfelfoldi,User,6f90076d72709aeccf17ffa9af5256105618ccbe,2015-02-12
ethereum/go-ethereum,255,committed,2015-02-12T23:11:48Z,NA,nagydani,User,d4ff64bf44953cfd26ea65198ed1701db43d68a7,2015-02-12
ethereum/go-ethereum,255,committed,2015-02-13T00:11:19Z,NA,nagydani,User,8d90ea30c445c0167dae59b70d424337658ec617,2015-02-13
ethereum/go-ethereum,255,committed,2015-02-13T00:23:40Z,NA,nagydani,User,3e3955567ad1362b44c9e6129522a19e0c8e12a8,2015-02-13
ethereum/go-ethereum,255,committed,2015-02-13T01:44:52Z,NA,zelig,User,d853c6fe3a0934c2bf27c0af55e6664d38e26b84,2015-02-13
ethereum/go-ethereum,255,committed,2015-02-13T10:26:39Z,NA,zelig,User,65b7c3101ed207d1da67ff1b19ef91b69cec1578,2015-02-13
ethereum/go-ethereum,255,committed,2015-02-13T10:39:31Z,NA,fjl,User,1543833ca0b920d38e98994367f3871867d66781,2015-02-13
ethereum/go-ethereum,255,committed,2015-02-13T10:39:31Z,NA,fjl,User,d0a2e655c9599f462bb20bd49bc69b8e1e330a21,2015-02-13
ethereum/go-ethereum,255,committed,2015-02-13T10:39:31Z,NA,fjl,User,82f0bd9009d8d577c86e800e9673a1972117113d,2015-02-13
ethereum/go-ethereum,255,committed,2015-02-13T10:39:32Z,NA,fjl,User,170eb3ac684231dc2ddebc34e7006e0f2b5fc0c1,2015-02-13
ethereum/go-ethereum,255,committed,2015-02-13T10:57:32Z,NA,nagydani,User,796b0bf0b689d075fefad9081cd64fdfdf8f16c1,2015-02-13
ethereum/go-ethereum,255,committed,2015-02-13T10:59:31Z,NA,nagydani,User,41c4e9718235d658badfe9f4411a9d6186023ccf,2015-02-13
ethereum/go-ethereum,255,committed,2015-02-13T11:29:32Z,NA,zelig,User,75f0248db01458a285fbef29f25a88717395268c,2015-02-13
ethereum/go-ethereum,255,committed,2015-02-13T11:40:02Z,NA,zelig,User,706f3eddad1d33129047d5ee95c93327c9aaf1eb,2015-02-13
ethereum/go-ethereum,255,committed,2015-02-13T11:42:10Z,NA,zelig,User,86a6792db19560f360e1cd616cb71eebb32bd576,2015-02-13
ethereum/go-ethereum,255,committed,2015-02-13T11:56:18Z,NA,zelig,User,e2fe4748567eee2418d91a737bc02e02b20f0719,2015-02-13
ethereum/go-ethereum,255,committed,2015-02-13T11:59:50Z,NA,zelig,User,33126ae7a21863ede216080ad8e644c3fe7488bf,2015-02-13
ethereum/go-ethereum,255,committed,2015-02-13T12:10:52Z,NA,zelig,User,31ed59d20b57a0875b6a1684cc6688c6bca8a1f7,2015-02-13
ethereum/go-ethereum,255,committed,2015-02-13T12:21:13Z,NA,zelig,User,b8bd17de28b3ce837e5883a52a4e546d8a0b9219,2015-02-13
ethereum/go-ethereum,255,committed,2015-02-13T12:29:46Z,NA,nagydani,User,cd9c7bea60197ed74b88c975b269681a929aac3c,2015-02-13
ethereum/go-ethereum,255,committed,2015-02-13T12:30:13Z,NA,nagydani,User,1797997697487251ae91880aceb8cd6b146d9750,2015-02-13
ethereum/go-ethereum,255,committed,2015-02-13T12:38:24Z,NA,zelig,User,5e56f338d4eeb1960c9ebf604eeb1e4c864ee1f3,2015-02-13
ethereum/go-ethereum,255,committed,2015-02-13T12:38:37Z,NA,zelig,User,d228901f4c0778bea0109bace10b0f34dc8b51c3,2015-02-13
ethereum/go-ethereum,255,committed,2015-02-13T12:49:23Z,NA,zelig,User,e574002c3ef5b264e2151b6ab4947fa5a3d5de4e,2015-02-13
ethereum/go-ethereum,255,committed,2015-02-13T12:58:15Z,NA,nagydani,User,e787f4c88549872164615f9427a68d65da679bf2,2015-02-13
ethereum/go-ethereum,255,committed,2015-02-13T13:44:00Z,NA,fjl,User,5110f80bba13e3758ae1836a88afee123df81e3e,2015-02-13
ethereum/go-ethereum,255,committed,2015-02-13T14:05:56Z,NA,obscuren,User,a5ea21cd85530eee6eb1bb83c37c20d009f11f74,2015-02-13
ethereum/go-ethereum,255,committed,2015-02-13T14:06:32Z,NA,obscuren,User,75d164037fb9bbf75def7c5501727fd634ef124f,2015-02-13
ethereum/go-ethereum,255,committed,2015-02-13T14:06:46Z,NA,fjl,User,22ee366ed6419516eece4436c9f7b5b63ea8a713,2015-02-13
ethereum/go-ethereum,255,committed,2015-02-13T14:06:47Z,NA,fjl,User,7101f4499873fbf6a68cbe08a45797ff8ec71e74,2015-02-13
ethereum/go-ethereum,255,committed,2015-02-13T14:06:47Z,NA,fjl,User,5cc1256fd679cbb8cb80502494b8c02befc757c8,2015-02-13
ethereum/go-ethereum,255,committed,2015-02-13T14:06:47Z,NA,fjl,User,cf754b9483a61075cf50eb4846eeecdc48ad37c0,2015-02-13
ethereum/go-ethereum,255,committed,2015-02-13T14:06:47Z,NA,fjl,User,fd3e1061e01690c7046a0d80635284c1592b7699,2015-02-13
ethereum/go-ethereum,255,committed,2015-02-13T14:08:40Z,NA,fjl,User,32a9c0ca809508c1648b8f44f3e09725af7a80d3,2015-02-13
ethereum/go-ethereum,255,committed,2015-02-13T14:15:19Z,NA,zsfelfoldi,User,41cc4c239d32c61b9396251d629c740b18482fac,2015-02-13
ethereum/go-ethereum,255,committed,2015-02-13T14:35:54Z,NA,obscuren,User,76fa75b39439e6c8c83ebc03fb32aa615227cc44,2015-02-13
ethereum/go-ethereum,255,committed,2015-02-13T14:38:26Z,NA,,,39434e383b9e6fee30371afd5a9841de75671f56,2015-02-13
ethereum/go-ethereum,255,committed,2015-02-13T15:01:53Z,NA,nagydani,User,b0d7fa2c7a5523f37b824f73fee7b440460b7792,2015-02-13
ethereum/go-ethereum,255,committed,2015-02-13T15:02:37Z,NA,obscuren,User,bde3ff16ad98cb4ab0befc899f7f0584d21ff9a4,2015-02-13
ethereum/go-ethereum,255,committed,2015-02-13T15:07:33Z,NA,zsfelfoldi,User,6baa73c24e0ef5e0251a2c57de56e28810398818,2015-02-13
ethereum/go-ethereum,255,committed,2015-02-13T15:08:30Z,NA,obscuren,User,5c251b69282b3992512d0c17ed0063f294a0e663,2015-02-13
ethereum/go-ethereum,255,committed,2015-02-13T16:00:15Z,NA,obscuren,User,8305d409d2ca83583d9fa7e837ec0a46ce6ba78e,2015-02-13
ethereum/go-ethereum,255,committed,2015-02-13T16:23:09Z,NA,obscuren,User,8a0f23915e4feb9aabe21bd075416bc0f32bbc43,2015-02-13
ethereum/go-ethereum,255,committed,2015-02-13T16:23:18Z,NA,obscuren,User,00fca409398172811e71158e0ca9f6229e0f815b,2015-02-13
ethereum/go-ethereum,255,committed,2015-02-13T16:23:48Z,NA,obscuren,User,7336dfad02833989037440fb22e01566444d0100,2015-02-13
ethereum/go-ethereum,255,committed,2015-02-13T16:27:24Z,NA,nagydani,User,74e8f1c3eab33ff36f945115c48a6db2ce75a4b9,2015-02-13
ethereum/go-ethereum,255,committed,2015-02-13T16:30:37Z,NA,obscuren,User,218f437b0c2a80aa189e703520b5e1a5b9841b0f,2015-02-13
ethereum/go-ethereum,255,committed,2015-02-13T16:57:46Z,NA,obscuren,User,790de35e7ff5235c83e081faf00aff35640cdcc6,2015-02-13
ethereum/go-ethereum,255,committed,2015-02-13T17:03:16Z,NA,obscuren,User,0f3c25b26589f5667b618d6a91b73392d02ccd1e,2015-02-13
ethereum/go-ethereum,255,committed,2015-02-13T17:15:23Z,NA,obscuren,User,ce239333d529898edd8333637fd75c565e80a9ff,2015-02-13
ethereum/go-ethereum,255,committed,2015-02-13T17:17:17Z,NA,obscuren,User,6a7b0ef904def27c535cba6f85d686bc4dbab281,2015-02-13
ethereum/go-ethereum,255,committed,2015-02-13T17:25:25Z,NA,,,f35d62b75977231bb45d2e298c3f39744c875e67,2015-02-13
ethereum/go-ethereum,255,committed,2015-02-13T17:26:12Z,NA,zelig,User,8abb38e5d713b761b5a5f0dfe551ddb240081bd0,2015-02-13
ethereum/go-ethereum,255,committed,2015-02-13T17:30:06Z,NA,obscuren,User,4d49d7b5a64774990c55dc2046195985bd716259,2015-02-13
ethereum/go-ethereum,255,committed,2015-02-13T17:32:15Z,NA,duckized,User,7aef0fed29ec9e0b7f65f12f242c75b39b652d47,2015-02-13
ethereum/go-ethereum,255,committed,2015-02-13T17:33:08Z,NA,obscuren,User,384305f4aa8daef684efc76a374e1d6686c9c83f,2015-02-13
ethereum/go-ethereum,255,committed,2015-02-13T18:05:28Z,NA,zelig,User,b3432c1cd38fec66d19ae0487c786c4cb7db4c3a,2015-02-13
ethereum/go-ethereum,255,committed,2015-02-13T18:39:56Z,NA,nagydani,User,61ee8c232dec95d322b2dcc2d54cb91727a44d68,2015-02-13
ethereum/go-ethereum,255,committed,2015-02-13T18:55:53Z,NA,nagydani,User,b596f34056909afa2d4f6df2358c2e8104dc75cd,2015-02-13
ethereum/go-ethereum,255,committed,2015-02-13T19:21:49Z,NA,nagydani,User,b53b5d25224baa2c5b4e8267b08a8f3e2100d505,2015-02-13
ethereum/go-ethereum,255,committed,2015-02-13T20:41:13Z,NA,fjl,User,1c1a3033beed74b22adc9827929e72ae04ed42cc,2015-02-13
ethereum/go-ethereum,255,committed,2015-02-13T20:51:51Z,NA,obscuren,User,acc7c0f706e6b7d936208117c9bc13b7fbee3ba2,2015-02-13
ethereum/go-ethereum,255,committed,2015-02-13T22:26:41Z,NA,obscuren,User,95cfaa1b37c417de45cc754b0ade9746f15f0805,2015-02-13
ethereum/go-ethereum,255,committed,2015-02-13T22:31:20Z,NA,obscuren,User,12b2d5762996e37320712a3a9ba505a36bd8aca8,2015-02-13
ethereum/go-ethereum,255,committed,2015-02-13T22:35:21Z,NA,obscuren,User,49a739c8d647739b3d815966f8854a4e9978df56,2015-02-13
ethereum/go-ethereum,255,committed,2015-02-13T22:42:33Z,NA,obscuren,User,7c0f4a9b18d992166452d8cd32caaefd92b26386,2015-02-13
ethereum/go-ethereum,255,committed,2015-02-13T22:45:38Z,NA,obscuren,User,396f1a0a33aaa0acf0f1381471c37dabb3caa94e,2015-02-13
ethereum/go-ethereum,255,committed,2015-02-13T22:54:34Z,NA,fjl,User,4bef3ce284574c7e0e9a76004e076fc686b13bf6,2015-02-13
ethereum/go-ethereum,255,committed,2015-02-13T23:12:37Z,NA,fjl,User,8464e43eaf7d4841f90c8345d6d0afdf3f90ad49,2015-02-13
ethereum/go-ethereum,255,committed,2015-02-13T23:25:47Z,NA,obscuren,User,84f7c966f725ef0f5c62b4427857d112c0d1e828,2015-02-13
ethereum/go-ethereum,255,committed,2015-02-13T23:27:40Z,NA,obscuren,User,3ff6c9bb7951e306cc78231f7703fb21e369608e,2015-02-13
ethereum/go-ethereum,255,committed,2015-02-13T23:27:46Z,NA,obscuren,User,65159d65c8c830342b3b1ca666571997209826c5,2015-02-13
ethereum/go-ethereum,255,committed,2015-02-14T15:52:14Z,NA,obscuren,User,32c7ebc51dcb31f21efe1b9c75f2b86cd216f510,2015-02-14
ethereum/go-ethereum,255,committed,2015-02-14T16:13:21Z,NA,obscuren,User,befb4bc1c102a62eaad9b4980e54cd4067078c2a,2015-02-14
ethereum/go-ethereum,255,committed,2015-02-14T16:18:28Z,NA,obscuren,User,c29b01ce75c1feacf13e57b906ce0613168cd895,2015-02-14
ethereum/go-ethereum,255,committed,2015-02-15T00:58:15Z,NA,obscuren,User,12fc590b34fba3391799fbdfd66ef029f7a551f4,2015-02-15
ethereum/go-ethereum,255,committed,2015-02-15T01:08:08Z,NA,obscuren,User,16ae675107c150f3373bc8f6ae0647b27f4f0b4e,2015-02-15
ethereum/go-ethereum,255,committed,2015-02-15T01:09:57Z,NA,obscuren,User,b143dad596f4230d74dadd3c5060020bd50ef7f3,2015-02-15
ethereum/go-ethereum,255,committed,2015-02-15T01:13:24Z,NA,obscuren,User,09e53367a24025564686af42c8349d2bd05729c3,2015-02-15
ethereum/go-ethereum,255,committed,2015-02-15T01:20:31Z,NA,obscuren,User,238f39a42ecaf489f0dbbf880e6d8f8e86791f1d,2015-02-15
ethereum/go-ethereum,255,committed,2015-02-15T01:26:30Z,NA,obscuren,User,7299eb72e0c57d8bf7279cbf2544c266a3fd145b,2015-02-15
ethereum/go-ethereum,255,committed,2015-02-15T01:29:52Z,NA,obscuren,User,c924a841c7a6661b3a609c16c447231f5ae951c8,2015-02-15
ethereum/go-ethereum,255,committed,2015-02-15T15:16:27Z,NA,obscuren,User,2c3a014f03390628d329167109f90a30e3c4e4c3,2015-02-15
ethereum/go-ethereum,255,head_ref_force_pushed,2015-02-16T09:48:49Z,NA,zelig,User,NA,2015-02-16
ethereum/go-ethereum,255,committed,2015-02-16T10:17:31Z,NA,duckized,User,05f28088499fdc0105bb17cee9345a3483aa24f2,2015-02-16
ethereum/go-ethereum,255,committed,2015-02-16T10:42:33Z,NA,tgerring,User,f63c4a9bcbe48ef0e3204d420a939256edd4ca38,2015-02-16
ethereum/go-ethereum,255,committed,2015-02-16T11:03:27Z,NA,obscuren,User,d2a4bc4d7389f4b442a19fc03d0d664c19f931e2,2015-02-16
ethereum/go-ethereum,255,committed,2015-02-16T11:12:14Z,NA,tgerring,User,d68e607aa5917b4b35c0d54bed45334fc27ac12c,2015-02-16
ethereum/go-ethereum,255,committed,2015-02-16T12:19:57Z,NA,obscuren,User,8f69b5c7a221e51e41985e82ef0a22ddc6444b5f,2015-02-16
ethereum/go-ethereum,255,committed,2015-02-16T12:20:16Z,NA,obscuren,User,164de5e22be39ba2bdc58f84f72572252634e7e1,2015-02-16
ethereum/go-ethereum,255,committed,2015-02-16T12:33:09Z,NA,nagydani,User,c29c1fd2b36b33834d5da79ab6fb56395dea6167,2015-02-16
ethereum/go-ethereum,255,committed,2015-02-16T12:37:29Z,NA,tgerring,User,a92bcbb7959cbefddca6475d7ac88790ba319174,2015-02-16
ethereum/go-ethereum,255,committed,2015-02-16T12:40:51Z,NA,tgerring,User,393267489cca8448e6c7e1bfe9965d7a1aab821a,2015-02-16
ethereum/go-ethereum,255,committed,2015-02-16T13:20:54Z,NA,tgerring,User,202362d9258335c695eb75f55f4be74a50a1af33,2015-02-16
ethereum/go-ethereum,255,committed,2015-02-16T13:28:33Z,NA,tgerring,User,702218008ee2b6d708d6b2821cdef80736bb3224,2015-02-16
ethereum/go-ethereum,255,committed,2015-02-16T13:34:47Z,NA,duckized,User,1878630b591b039fadb6f88e15340d04f4af3ed1,2015-02-16
ethereum/go-ethereum,255,committed,2015-02-16T13:34:50Z,NA,tgerring,User,68f6ddc5aaa7ff29d09c1519ccd38d9cf16c0f75,2015-02-16
ethereum/go-ethereum,255,committed,2015-02-16T13:43:30Z,NA,duckized,User,3068e2688d88912ec33f3d80fd0fe26c4e897dcd,2015-02-16
ethereum/go-ethereum,255,committed,2015-02-16T16:00:57Z,NA,tgerring,User,c0ce323092bef4828a6bea385e4213ea3e9e1cd2,2015-02-16
ethereum/go-ethereum,255,committed,2015-02-16T16:51:33Z,NA,tgerring,User,9796feccb7fb8a5e67deaebd9d770a76e30ed6b2,2015-02-16
ethereum/go-ethereum,255,committed,2015-02-16T16:59:54Z,NA,tgerring,User,cb345027284527ce700512f2734116d3ca2f6cdf,2015-02-16
ethereum/go-ethereum,255,committed,2015-02-16T18:43:27Z,NA,tgerring,User,643eda5c2d3190147bc55ef27c4ce241c7c59da2,2015-02-16
ethereum/go-ethereum,255,committed,2015-02-16T19:55:14Z,NA,duckized,User,666ef482392340ba111fa3347160468266ff3cb5,2015-02-16
ethereum/go-ethereum,255,committed,2015-02-16T23:52:40Z,NA,duckized,User,c4b8c115294ea34d3e820c9e39bdda80af8026ff,2015-02-16
ethereum/go-ethereum,255,committed,2015-02-17T10:22:52Z,NA,duckized,User,a22711a7b569fd9d29fe03591ef2c39d793877b1,2015-02-17
ethereum/go-ethereum,255,committed,2015-02-17T10:23:28Z,NA,duckized,User,0de1d1dd588266961740b598da4e01e5efdf2d1f,2015-02-17
ethereum/go-ethereum,255,committed,2015-02-17T10:52:22Z,NA,duckized,User,fbd5e4d5afeaff6c250a3a953b18476cdb4b86ae,2015-02-17
ethereum/go-ethereum,255,committed,2015-02-17T11:04:20Z,NA,fjl,User,34d0e1b2c32d1bfe3aaa8519cf760ce499315ad5,2015-02-17
ethereum/go-ethereum,255,committed,2015-02-17T11:24:58Z,NA,obscuren,User,8135752a32837748e6d4a986912131736b1a0aa0,2015-02-17
ethereum/go-ethereum,255,committed,2015-02-17T11:25:25Z,NA,obscuren,User,c934222a8089b19587242a3b0bc71ea0aec1d5ef,2015-02-17
ethereum/go-ethereum,255,committed,2015-02-17T11:29:10Z,NA,duckized,User,abb9b7f46ff3b2ef0bb4f2e95f029591688768c4,2015-02-17
ethereum/go-ethereum,255,committed,2015-02-17T11:37:09Z,NA,fjl,User,bb346a3ae1b6c250fdcb28b97280d3512a7fe219,2015-02-17
ethereum/go-ethereum,255,committed,2015-02-17T12:05:58Z,NA,fjl,User,119bea22aaf061d5b3e6a9abee9b1b95655b9fbe,2015-02-17
ethereum/go-ethereum,255,committed,2015-02-17T12:10:11Z,NA,fjl,User,f965f41b6e8d177f4f06a8421ee071350813a1ac,2015-02-17
ethereum/go-ethereum,255,committed,2015-02-17T12:26:21Z,NA,obscuren,User,2c454863f2f41fb232778a4cbd4cf135a58c4118,2015-02-17
ethereum/go-ethereum,255,committed,2015-02-17T12:30:25Z,NA,tgerring,User,417f018498b12073cd68dce9f4b1f6770b5c9e0f,2015-02-17
ethereum/go-ethereum,255,committed,2015-02-17T13:19:05Z,NA,obscuren,User,547788b1b0c6a27c24ba3bc4362aa93143dfea2c,2015-02-17
ethereum/go-ethereum,255,committed,2015-02-17T14:21:39Z,NA,fjl,User,7ea131d4ffddaae15c697fe0d025ff431bacc01a,2015-02-17
ethereum/go-ethereum,255,committed,2015-02-17T15:09:25Z,NA,obscuren,User,815ead71078d63c6d07cdee8b91679e307bedcb2,2015-02-17
ethereum/go-ethereum,255,committed,2015-02-17T15:12:55Z,NA,obscuren,User,567428fb3489d639cd7fdcd50e4362be52745ec4,2015-02-17
ethereum/go-ethereum,255,committed,2015-02-17T15:13:06Z,NA,obscuren,User,fe94622ea33c1f34ac9fa84062f39491699083ec,2015-02-17
ethereum/go-ethereum,255,committed,2015-02-17T15:18:29Z,NA,obscuren,User,9a2be227a6486dd514d64981fb964e86e0bb0467,2015-02-17
ethereum/go-ethereum,255,committed,2015-02-17T15:18:40Z,NA,obscuren,User,5238b9439eae0e60b88c65ef33274200f9c734fb,2015-02-17
ethereum/go-ethereum,255,committed,2015-02-17T15:22:41Z,NA,obscuren,User,5022b618aa73e29decf19399d78190a06bdda81d,2015-02-17
ethereum/go-ethereum,255,committed,2015-02-17T15:54:52Z,NA,obscuren,User,13c00afc68652d517f91313bb8c3eeb206d23f22,2015-02-17
ethereum/go-ethereum,255,committed,2015-02-17T15:55:20Z,NA,obscuren,User,11e12680ebe4f4679083317ee0f2c27b219d44b3,2015-02-17
ethereum/go-ethereum,255,committed,2015-02-17T16:37:26Z,NA,duckized,User,0e2f6691bfbbcc666c409be6b8657bd6ca475ddd,2015-02-17
ethereum/go-ethereum,255,committed,2015-02-17T21:20:47Z,NA,obscuren,User,7fc9b5b3f9ca0111cc4bc1b2a6b4bb2eccd3e048,2015-02-17
ethereum/go-ethereum,255,committed,2015-02-17T21:46:30Z,NA,obscuren,User,26d58e0446521f725616b5a5d1b9d1ac04837f00,2015-02-17
ethereum/go-ethereum,255,committed,2015-02-17T22:10:37Z,NA,obscuren,User,c1474e1877641cb80ed0c935a3bd5b3d5c2fe3ac,2015-02-17
ethereum/go-ethereum,255,committed,2015-02-17T22:14:10Z,NA,obscuren,User,5ec8c5f71b2db976ffe51180f20bfd6b4fd94188,2015-02-17
ethereum/go-ethereum,255,committed,2015-02-17T22:19:45Z,NA,obscuren,User,c1d0693cb19c79bbfd7d1948d0799a9e2795076d,2015-02-17
ethereum/go-ethereum,255,committed,2015-02-17T22:22:42Z,NA,obscuren,User,60318c96d03bcaaf731802b1080a3d87cb482124,2015-02-17
ethereum/go-ethereum,255,committed,2015-02-18T09:25:40Z,NA,duckized,User,acd93c29711f18787ec3392751f57ffe08b5df28,2015-02-18
ethereum/go-ethereum,255,committed,2015-02-18T09:52:23Z,NA,tgerring,User,f499f343baefece18764135eb99af0c7e038ff5e,2015-02-18
ethereum/go-ethereum,255,committed,2015-02-18T09:52:36Z,NA,tgerring,User,07bdba687f4971641c4dadc526c634dfbe4177d8,2015-02-18
ethereum/go-ethereum,255,committed,2015-02-18T10:42:01Z,NA,obscuren,User,05b1ec008b771d9856e83a6269a5267eb18e1f51,2015-02-18
ethereum/go-ethereum,255,committed,2015-02-18T11:01:20Z,NA,obscuren,User,be90ad89a89502ef3d2c0375d267b667618f5e7c,2015-02-18
ethereum/go-ethereum,255,committed,2015-02-18T12:14:21Z,NA,obscuren,User,655e94259765b02454df93205a30a271103de5a0,2015-02-18
ethereum/go-ethereum,255,committed,2015-02-18T15:08:51Z,NA,obscuren,User,ee9df32dba5091069cbdad8d00dc15738d676d5b,2015-02-18
ethereum/go-ethereum,255,committed,2015-02-18T16:18:07Z,NA,obscuren,User,487c5cc294d4c0506e50a026737be7f4cc94436f,2015-02-18
ethereum/go-ethereum,255,committed,2015-02-19T09:38:36Z,NA,,,5aff8bfb5918e53ba2590b25e6c17e1875870f6a,2015-02-19
ethereum/go-ethereum,255,committed,2015-02-19T10:09:46Z,NA,obscuren,User,fdecc11128596eadc00e7a7d81b856d844396c37,2015-02-19
ethereum/go-ethereum,255,committed,2015-02-19T10:49:58Z,NA,obscuren,User,03b8c6841be08f19db0f98cea6d0a6f4fd64736f,2015-02-19
ethereum/go-ethereum,255,committed,2015-02-19T10:51:38Z,NA,obscuren,User,0057bb4ef6d55b5d580a4e0421526a477ef93de9,2015-02-19
ethereum/go-ethereum,255,committed,2015-02-19T11:25:45Z,NA,tgerring,User,4322632c5924ef9aaaad1cdcdfa2f796c493cf69,2015-02-19
ethereum/go-ethereum,255,committed,2015-02-19T12:21:37Z,NA,tgerring,User,dba4f3122e83a66edc1fa089c5d69f789b07a6b3,2015-02-19
ethereum/go-ethereum,255,committed,2015-02-19T12:34:27Z,NA,obscuren,User,c14071df9da4ab3f5b372293e87184af9b91c09e,2015-02-19
ethereum/go-ethereum,255,committed,2015-02-19T15:54:53Z,NA,fjl,User,73f94f37559ca0c8739c7dddeaf46d36827fdf30,2015-02-19
ethereum/go-ethereum,255,committed,2015-02-19T15:54:53Z,NA,fjl,User,1ec6190e866eeefd91ea82b31da9f94753685a4a,2015-02-19
ethereum/go-ethereum,255,committed,2015-02-19T15:54:54Z,NA,fjl,User,3dbd32093cd1060c339b3351fbb676b8c7cc31f0,2015-02-19
ethereum/go-ethereum,255,committed,2015-02-19T16:08:18Z,NA,fjl,User,dd871e791cdd2aefd001f6c3a11ac9378dde0bf5,2015-02-19
ethereum/go-ethereum,255,committed,2015-02-19T16:09:13Z,NA,fjl,User,fa15854a54d1d4505619aa3b3deabb50cd8ca881,2015-02-19
ethereum/go-ethereum,255,committed,2015-02-19T16:09:33Z,NA,fjl,User,3719db352a3de1c7daece71895abdd871616a2aa,2015-02-19
ethereum/go-ethereum,255,committed,2015-02-19T17:41:50Z,NA,tgerring,User,605dd3a9820bb74be883afe3cb0e462aca40b32d,2015-02-19
ethereum/go-ethereum,255,committed,2015-02-19T17:58:15Z,NA,tgerring,User,a59cd94625f589bb167be7a9c4588ff959dcfc00,2015-02-19
ethereum/go-ethereum,255,committed,2015-02-19T21:33:22Z,NA,obscuren,User,fa4cbad315609e41d88c59ecbce7c6c6169fc57a,2015-02-19
ethereum/go-ethereum,255,committed,2015-02-19T21:36:35Z,NA,obscuren,User,07c34751da96e3daa023b028494ef1c86cf6d1fc,2015-02-19
ethereum/go-ethereum,255,committed,2015-02-19T21:37:13Z,NA,obscuren,User,765740b829072f9a1bbeff356377a91defd9fdd8,2015-02-19
ethereum/go-ethereum,255,committed,2015-02-19T21:46:07Z,NA,obscuren,User,639ac5c3daa253f36d41672165a5727d8eba207e,2015-02-19
ethereum/go-ethereum,255,committed,2015-02-19T21:46:15Z,NA,obscuren,User,000658539136645e743d83d57a8106b2a9796b93,2015-02-19
ethereum/go-ethereum,255,committed,2015-02-20T10:40:20Z,NA,fjl,User,81dea2d8e796b60ca9325bd2a3e502b71e25e6cc,2015-02-20
ethereum/go-ethereum,255,committed,2015-02-20T10:40:58Z,NA,fjl,User,4ab7a290cdc6495a7ebcea9384cdc6622f2fd000,2015-02-20
ethereum/go-ethereum,255,committed,2015-02-20T10:40:58Z,NA,fjl,User,01ce066d4307e6e8cab815eab9295a0b259130b9,2015-02-20
ethereum/go-ethereum,255,committed,2015-02-20T10:40:58Z,NA,fjl,User,b3b6210886abd0962f97add91c081ac732639102,2015-02-20
ethereum/go-ethereum,255,committed,2015-02-20T10:55:26Z,NA,fjl,User,66abe2e3d43c1004630c0c2f52a7f427bd51293b,2015-02-20
ethereum/go-ethereum,255,committed,2015-02-20T11:18:29Z,NA,fjl,User,654f7f707c9bd327fcbf0dcb89715a5930f915eb,2015-02-20
ethereum/go-ethereum,255,committed,2015-02-20T11:21:05Z,NA,fjl,User,3b12a9293c35fd336122d9387ab6bc9b67d2803a,2015-02-20
ethereum/go-ethereum,255,committed,2015-02-20T11:59:54Z,NA,obscuren,User,982f73fa6d6f12874729faacd0db14fc78d518dd,2015-02-20
ethereum/go-ethereum,255,committed,2015-02-20T12:00:10Z,NA,obscuren,User,63031f571a3ad4bfd7ef60577a588d63ec18b0b4,2015-02-20
ethereum/go-ethereum,255,committed,2015-02-20T13:01:30Z,NA,obscuren,User,d8ac267f4128117c3fb9736a40f3dbc327582e32,2015-02-20
ethereum/go-ethereum,255,committed,2015-02-20T13:01:34Z,NA,obscuren,User,5c975dd4ed7adb29453fa28e64c0193d323cae99,2015-02-20
ethereum/go-ethereum,255,committed,2015-02-20T13:19:34Z,NA,obscuren,User,ea9a549bbdc8377bca73f1417f2dc4a18396a382,2015-02-20
ethereum/go-ethereum,255,committed,2015-02-20T14:18:07Z,NA,obscuren,User,75625801f597061076d1e5863f97c9ea12aa10e4,2015-02-20
ethereum/go-ethereum,255,committed,2015-02-20T14:18:32Z,NA,obscuren,User,82cae277372095eb221bc14b2111e46c468925fd,2015-02-20
ethereum/go-ethereum,255,committed,2015-02-20T14:24:43Z,NA,fjl,User,e282ad25a83e93f7a5ac085e3580ee9051daad10,2015-02-20
ethereum/go-ethereum,255,committed,2015-02-20T14:26:50Z,NA,fjl,User,e968928613a5d49ad67e921a52883268d4ad74d1,2015-02-20
ethereum/go-ethereum,255,committed,2015-02-20T15:59:08Z,NA,obscuren,User,66d5559866f37a79a7b5aeccd03dfe1b4401542b,2015-02-20
ethereum/go-ethereum,255,committed,2015-02-20T17:05:46Z,NA,obscuren,User,cc43ab9a810125239636143a91609389b19b49c7,2015-02-20
ethereum/go-ethereum,255,committed,2015-02-20T17:06:45Z,NA,obscuren,User,9feb657763b85cd5beece82efc9e6477235b7d67,2015-02-20
ethereum/go-ethereum,255,committed,2015-02-20T17:13:39Z,NA,obscuren,User,d586a633ff005ac01c9f1eb33552d147cf6c883e,2015-02-20
ethereum/go-ethereum,255,committed,2015-02-20T17:13:46Z,NA,obscuren,User,bd7ebbcd5b77ce4fdd471b44f0acda80f2b3ceca,2015-02-20
ethereum/go-ethereum,255,committed,2015-02-20T17:14:53Z,NA,obscuren,User,703dc8299c2a1c6956812b48c544300f23e4f22b,2015-02-20
ethereum/go-ethereum,255,committed,2015-02-20T19:52:03Z,NA,tgerring,User,113cf4208b279eb3d7abd4daadb64da221a95554,2015-02-20
ethereum/go-ethereum,255,committed,2015-02-20T19:57:45Z,NA,tgerring,User,f9663b8f4f0af5dd456c3dd9682d86912091204b,2015-02-20
ethereum/go-ethereum,255,committed,2015-02-20T23:42:57Z,NA,obscuren,User,92337baa5a51f4d4ec39cb5004bdcc4b07d321e0,2015-02-20
ethereum/go-ethereum,255,committed,2015-02-20T23:43:04Z,NA,obscuren,User,3c149026494921227a74752f643b3be70fee2bd7,2015-02-20
ethereum/go-ethereum,255,committed,2015-02-20T23:43:31Z,NA,obscuren,User,bc541b918ca66ff3ac75e02a299701eac7472623,2015-02-20
ethereum/go-ethereum,255,committed,2015-02-20T23:53:27Z,NA,obscuren,User,cb7cd0391992e1800e25e1dc049c5d64a5432fe4,2015-02-20
ethereum/go-ethereum,255,committed,2015-02-20T23:53:39Z,NA,obscuren,User,5912f0a849f64f8a4d7b681df8d101f3f4080e17,2015-02-20
ethereum/go-ethereum,255,committed,2015-02-20T23:53:47Z,NA,obscuren,User,bba7ccb07f08e0c6ad404abfb363deaec1db5fab,2015-02-20
ethereum/go-ethereum,255,committed,2015-02-21T04:34:02Z,NA,,,fd3793b8cf04e2ca78b9c0a01844a09aa25b91e9,2015-02-21
ethereum/go-ethereum,255,committed,2015-02-21T12:48:09Z,NA,tgerring,User,d8f7cb2f55e7e8cf1c831b65e8962bb0bdd2599e,2015-02-21
ethereum/go-ethereum,255,committed,2015-02-21T12:59:34Z,NA,tgerring,User,8620dc05de0a2711976fd5a630f0bcfbff770883,2015-02-21
ethereum/go-ethereum,255,committed,2015-02-22T12:12:01Z,NA,obscuren,User,483d96a89d68023360d211ab329400f4b960fe48,2015-02-22
ethereum/go-ethereum,255,committed,2015-02-22T12:24:26Z,NA,obscuren,User,bba85a207488d27819dc6f6f5758b80947ea200b,2015-02-22
ethereum/go-ethereum,255,committed,2015-02-22T12:26:10Z,NA,obscuren,User,321dce1f47135f673730cb86fdf1faf03dc6cbd4,2015-02-22
ethereum/go-ethereum,255,committed,2015-02-22T12:26:18Z,NA,obscuren,User,8cc6647ebfd3e76a7d75e1d6961a8451fa5d702a,2015-02-22
ethereum/go-ethereum,255,committed,2015-02-22T12:27:03Z,NA,obscuren,User,1be7e5048c7fd129ef176f38b0c372a178efadbe,2015-02-22
ethereum/go-ethereum,255,committed,2015-02-22T12:27:13Z,NA,obscuren,User,98202e626cf401a321f897902188eec9b6d315c5,2015-02-22
ethereum/go-ethereum,255,committed,2015-02-22T12:27:53Z,NA,obscuren,User,59a86d317159c11bae3109e7faafa2badd6f5b74,2015-02-22
ethereum/go-ethereum,255,committed,2015-02-22T12:27:57Z,NA,obscuren,User,eec4345a7c23e137f3cc332b7367b8046d19819b,2015-02-22
ethereum/go-ethereum,255,committed,2015-02-22T12:28:24Z,NA,obscuren,User,20aa6dde067a0c8d28fdafd43e41f996f014e8b0,2015-02-22
ethereum/go-ethereum,255,committed,2015-02-22T12:28:50Z,NA,obscuren,User,dd086791acf477da7641c168f82de70ed0b2dca6,2015-02-22
ethereum/go-ethereum,255,committed,2015-02-23T10:28:20Z,NA,,,40adb7feb657cd1cb2e4c7a02c8a9db95b18e67c,2015-02-23
ethereum/go-ethereum,255,committed,2015-02-23T10:54:23Z,NA,tgerring,User,6fd894aae00c8c0f9f33eae7353dd9afd97f4fa1,2015-02-23
ethereum/go-ethereum,255,committed,2015-02-23T14:43:41Z,NA,obscuren,User,b2a225a52e45315f3ec90e11707fefa6059d13f5,2015-02-23
ethereum/go-ethereum,255,head_ref_force_pushed,2015-02-23T15:50:11Z,NA,zelig,User,NA,2015-02-23
ethereum/go-ethereum,255,committed,2015-02-23T18:25:41Z,NA,obscuren,User,0b57bad2de08f382c1b36045db4c66b84d207d3b,2015-02-23
ethereum/go-ethereum,255,committed,2015-02-23T18:25:50Z,NA,obscuren,User,747647e02a310e75ea1ada335ff99963972ca138,2015-02-23
ethereum/go-ethereum,255,committed,2015-02-23T18:25:59Z,NA,obscuren,User,359677b6739e9df26988aacf87fb6069b61c9850,2015-02-23
ethereum/go-ethereum,255,committed,2015-02-23T19:27:00Z,NA,obscuren,User,7c510109cdcd6251724df6c7705b27043c3168f8,2015-02-23
ethereum/go-ethereum,255,committed,2015-02-24T07:51:58Z,NA,tgerring,User,4142708d9d30a38c3071b895b2c42f8723830fb1,2015-02-24
ethereum/go-ethereum,255,committed,2015-02-24T12:43:13Z,NA,nagydani,User,963eb989373be3ee752b61f77ddbe5577688f37d,2015-02-24
ethereum/go-ethereum,255,committed,2015-02-24T15:18:27Z,NA,frozeman,User,3fcdafebc262f42bfa80fcffdeb322c37f6eacf3,2015-02-24
ethereum/go-ethereum,255,committed,2015-02-24T15:46:43Z,NA,tgerring,User,2a7ca69a8260b887a309e1c43a74b4e644c391fa,2015-02-24
ethereum/go-ethereum,255,committed,2015-02-24T16:27:14Z,NA,obscuren,User,0adff214c38a501efc99d68e7365b475020c0516,2015-02-24
ethereum/go-ethereum,255,committed,2015-02-24T16:29:08Z,NA,obscuren,User,0b757ad12f6e79f8d8d92e412425f46a66d408c1,2015-02-24
ethereum/go-ethereum,255,committed,2015-02-24T16:30:44Z,NA,obscuren,User,91a8c08f037c1ec737d15ce00c6720015347e0d6,2015-02-24
ethereum/go-ethereum,255,committed,2015-02-24T16:32:11Z,NA,tgerring,User,1e919a5e977f81b746568e50604b63d1dd393a6b,2015-02-24
ethereum/go-ethereum,255,committed,2015-02-24T16:49:14Z,NA,tgerring,User,5a43173e5599b0f2eceb057b636bc45c4d51919b,2015-02-24
ethereum/go-ethereum,255,committed,2015-02-24T17:05:10Z,NA,,,923950ccaaa4f9c1c0cebfbdd99fb0f16c47fd37,2015-02-24
ethereum/go-ethereum,255,committed,2015-02-24T18:05:03Z,NA,tgerring,User,21becb0febdf11132a40ff69c6145d9babf8458d,2015-02-24
ethereum/go-ethereum,255,committed,2015-02-24T18:11:01Z,NA,tgerring,User,43acad81b3fbee608bf19e6ba32ba27b98d9a7ff,2015-02-24
ethereum/go-ethereum,255,committed,2015-02-24T18:22:08Z,NA,tgerring,User,c8e9abff53d869f74211e157abcb2827d181e106,2015-02-24
ethereum/go-ethereum,255,committed,2015-02-24T18:54:18Z,NA,tgerring,User,2e3a6e2559d02ba90957eaf333e571dec935e00a,2015-02-24
ethereum/go-ethereum,255,committed,2015-02-24T20:58:42Z,NA,obscuren,User,ed90efb05b2cfedf36c263f6974b8748d757a543,2015-02-24
ethereum/go-ethereum,255,committed,2015-02-24T21:00:39Z,NA,obscuren,User,52ccaa605e2a693bda64ac7d9fadf88d669ac446,2015-02-24
ethereum/go-ethereum,255,committed,2015-02-26T13:14:01Z,NA,nagydani,User,439675e485c03840a48fe331e1bfe3b892cdb6be,2015-02-26
ethereum/go-ethereum,255,closed,2015-03-06T16:58:54Z,NA,obscuren,User,NA,2015-03-06
ethereum/go-ethereum,255,unlabeled,2015-03-06T16:58:55Z,NA,obscuren,User,NA,2015-03-06
ethereum/go-ethereum,255,referenced,2018-11-10T02:55:48Z,NA,ngtuna,User,NA,2018-11-10
ethereum/go-ethereum,255,referenced,2021-01-15T18:36:29Z,NA,gballet,User,NA,2021-01-15
ethereum/go-ethereum,255,referenced,2021-08-13T20:23:13Z,NA,maoueh,User,NA,2021-08-13
ethereum/go-ethereum,255,referenced,2023-10-31T12:27:31Z,NA,tanishqjasoria,User,NA,2023-10-31
ethereum/go-ethereum,255,referenced,2024-01-04T20:32:47Z,NA,sduchesneau,User,NA,2024-01-04
ethereum/go-ethereum,255,referenced,2024-01-04T20:32:47Z,NA,sduchesneau,User,NA,2024-01-04
ethereum/go-ethereum,255,referenced,2024-09-02T19:32:04Z,NA,luanxu-mch,User,NA,2024-09-02
ethereum/go-ethereum,255,referenced,2024-12-02T21:33:33Z,NA,s1na,User,NA,2024-12-02
ethereum/go-ethereum,257,committed,2015-01-15T10:00:19Z,NA,fjl,User,552f5b2693a5d19c126a8116d36ba1f4f6cb76a1,2015-01-15
ethereum/go-ethereum,257,labeled,2015-01-15T10:02:57Z,NA,fjl,User,NA,2015-01-15
ethereum/go-ethereum,257,committed,2015-01-15T10:12:39Z,NA,fjl,User,29c46cdf3405d6462deb2cb5cef87b1b4fb2bdc7,2015-01-15
ethereum/go-ethereum,257,commented,2015-01-15T10:59:04Z,CONTRIBUTOR,zelig,User,NA,2015-01-15
ethereum/go-ethereum,257,mentioned,2015-01-15T10:59:04Z,NA,fjl,User,NA,2015-01-15
ethereum/go-ethereum,257,subscribed,2015-01-15T10:59:04Z,NA,fjl,User,NA,2015-01-15
ethereum/go-ethereum,257,commented,2015-01-15T12:23:27Z,CONTRIBUTOR,fjl,User,NA,2015-01-15
ethereum/go-ethereum,257,referenced,2015-01-15T21:28:48Z,NA,obscuren,User,NA,2015-01-15
ethereum/go-ethereum,257,merged,2015-01-15T21:28:48Z,NA,obscuren,User,NA,2015-01-15
ethereum/go-ethereum,257,closed,2015-01-15T21:28:48Z,NA,obscuren,User,NA,2015-01-15
ethereum/go-ethereum,257,unlabeled,2015-01-15T21:28:49Z,NA,obscuren,User,NA,2015-01-15
ethereum/go-ethereum,257,referenced,2018-03-01T11:01:00Z,NA,acud,User,NA,2018-03-01
ethereum/go-ethereum,257,referenced,2021-02-22T21:09:26Z,NA,AusIV,User,NA,2021-02-22
ethereum/go-ethereum,257,referenced,2021-08-13T20:23:13Z,NA,maoueh,User,NA,2021-08-13
ethereum/go-ethereum,257,referenced,2021-08-20T20:15:54Z,NA,maoueh,User,NA,2021-08-20
ethereum/go-ethereum,257,referenced,2022-01-20T19:04:39Z,NA,tony-ricciardi,User,NA,2022-01-20
ethereum/go-ethereum,257,referenced,2023-09-27T09:36:16Z,NA,weiihann,User,NA,2023-09-27
ethereum/go-ethereum,257,referenced,2024-01-04T20:32:41Z,NA,sduchesneau,User,NA,2024-01-04
ethereum/go-ethereum,257,line-commented,2015-01-15T16:54:53Z,CONTRIBUTOR,obscuren,User,NA,2015-01-15
ethereum/go-ethereum,258,committed,2015-01-15T18:36:01Z,NA,ebuchman,User,4bd9e7efcccd7babc307aae79cb895430ee97d00,2015-01-15
ethereum/go-ethereum,258,commented,2015-01-19T09:57:23Z,CONTRIBUTOR,obscuren,User,NA,2015-01-19
ethereum/go-ethereum,258,closed,2015-01-19T09:57:24Z,NA,obscuren,User,NA,2015-01-19
ethereum/go-ethereum,258,referenced,2018-11-10T02:55:48Z,NA,ngtuna,User,NA,2018-11-10
ethereum/go-ethereum,258,referenced,2021-08-13T20:23:13Z,NA,maoueh,User,NA,2021-08-13
ethereum/go-ethereum,258,referenced,2022-05-03T17:36:50Z,NA,maoueh,User,NA,2022-05-03
ethereum/go-ethereum,258,referenced,2023-10-31T12:27:32Z,NA,tanishqjasoria,User,NA,2023-10-31
ethereum/go-ethereum,258,referenced,2024-01-04T20:32:49Z,NA,sduchesneau,User,NA,2024-01-04
ethereum/go-ethereum,258,referenced,2024-09-02T19:32:04Z,NA,luanxu-mch,User,NA,2024-09-02
ethereum/go-ethereum,258,referenced,2024-12-02T21:33:32Z,NA,s1na,User,NA,2024-12-02
ethereum/go-ethereum,259,committed,2015-01-15T18:40:10Z,NA,,,945798f913d5cabd79635f45045b680b02396bf9,2015-01-15
ethereum/go-ethereum,259,committed,2015-01-15T18:40:10Z,NA,,,a1c2749380523178f87ae3fdfb02bc6641362924,2015-01-15
ethereum/go-ethereum,259,committed,2015-01-15T18:40:10Z,NA,,,47d3b3dd58172c2e7c1f72fb072bd9385aff8205,2015-01-15
ethereum/go-ethereum,259,cross-referenced,2015-01-15T18:54:21Z,NA,Gustav-Simonsson,User,NA,2015-01-15
ethereum/go-ethereum,259,committed,2015-01-15T18:58:38Z,NA,,,9caf32befebb41fbb013b299caf2fff5fe840430,2015-01-15
ethereum/go-ethereum,259,cross-referenced,2015-01-19T09:57:24Z,NA,obscuren,User,NA,2015-01-19
ethereum/go-ethereum,259,renamed,2015-01-19T09:58:37Z,NA,obscuren,User,NA,2015-01-19
ethereum/go-ethereum,259,renamed,2015-01-19T09:58:46Z,NA,obscuren,User,NA,2015-01-19
ethereum/go-ethereum,259,committed,2015-01-19T19:24:30Z,NA,,,3cf038f300950c5a14b99fb0249ec09f663ef6af,2015-01-19
ethereum/go-ethereum,259,committed,2015-01-19T21:12:22Z,NA,,,d48140cab39923bb06bb4df8667efd2df000d17b,2015-01-19
ethereum/go-ethereum,259,referenced,2015-01-20T14:04:21Z,NA,obscuren,User,NA,2015-01-20
ethereum/go-ethereum,259,merged,2015-01-20T14:04:21Z,NA,obscuren,User,NA,2015-01-20
ethereum/go-ethereum,259,closed,2015-01-20T14:04:21Z,NA,obscuren,User,NA,2015-01-20
ethereum/go-ethereum,259,referenced,2018-11-10T02:55:48Z,NA,ngtuna,User,NA,2018-11-10
ethereum/go-ethereum,259,referenced,2021-08-13T20:23:13Z,NA,maoueh,User,NA,2021-08-13
ethereum/go-ethereum,259,referenced,2023-10-31T12:27:32Z,NA,tanishqjasoria,User,NA,2023-10-31
ethereum/go-ethereum,259,referenced,2024-01-04T20:32:41Z,NA,sduchesneau,User,NA,2024-01-04
ethereum/go-ethereum,259,referenced,2024-09-02T19:32:04Z,NA,luanxu-mch,User,NA,2024-09-02
ethereum/go-ethereum,259,referenced,2024-12-02T21:33:32Z,NA,s1na,User,NA,2024-12-02
ethereum/go-ethereum,259,line-commented,2015-01-19T09:42:09Z,CONTRIBUTOR,obscuren,User,NA,2015-01-19
ethereum/go-ethereum,259,line-commented,2015-01-19T09:42:46Z,CONTRIBUTOR,obscuren,User,NA,2015-01-19
ethereum/go-ethereum,259,line-commented,2015-01-19T09:54:07Z,CONTRIBUTOR,Gustav-Simonsson,User,NA,2015-01-19
ethereum/go-ethereum,259,line-commented,2015-01-19T14:27:57Z,CONTRIBUTOR,Gustav-Simonsson,User,NA,2015-01-19
ethereum/go-ethereum,259,line-commented,2015-01-19T19:55:16Z,CONTRIBUTOR,fjl,User,NA,2015-01-19
ethereum/go-ethereum,259,line-commented,2015-01-19T19:55:21Z,CONTRIBUTOR,Gustav-Simonsson,User,NA,2015-01-19
ethereum/go-ethereum,260,committed,2015-01-15T22:35:26Z,NA,fjl,User,fc92abec2cc6e27e7e56a6a05850ad4ebbf63d7e,2015-01-15
ethereum/go-ethereum,260,labeled,2015-01-15T22:37:43Z,NA,fjl,User,NA,2015-01-15
ethereum/go-ethereum,260,referenced,2015-01-19T09:59:35Z,NA,obscuren,User,NA,2015-01-19
ethereum/go-ethereum,260,merged,2015-01-19T09:59:35Z,NA,obscuren,User,NA,2015-01-19
ethereum/go-ethereum,260,closed,2015-01-19T09:59:35Z,NA,obscuren,User,NA,2015-01-19
ethereum/go-ethereum,260,unlabeled,2015-01-19T09:59:35Z,NA,obscuren,User,NA,2015-01-19
ethereum/go-ethereum,260,head_ref_deleted,2015-05-29T23:40:05Z,NA,fjl,User,NA,2015-05-29
ethereum/go-ethereum,260,referenced,2018-01-31T02:27:40Z,NA,markya0616,User,NA,2018-01-31
ethereum/go-ethereum,260,referenced,2018-11-10T02:55:48Z,NA,ngtuna,User,NA,2018-11-10
ethereum/go-ethereum,260,referenced,2020-04-28T03:24:51Z,NA,Zergity,User,NA,2020-04-28
ethereum/go-ethereum,260,referenced,2021-08-13T20:23:13Z,NA,maoueh,User,NA,2021-08-13
ethereum/go-ethereum,260,referenced,2021-12-15T16:17:14Z,NA,maoueh,User,NA,2021-12-15
ethereum/go-ethereum,260,referenced,2022-01-20T19:04:40Z,NA,tony-ricciardi,User,NA,2022-01-20
ethereum/go-ethereum,260,referenced,2022-05-03T17:36:50Z,NA,maoueh,User,NA,2022-05-03
ethereum/go-ethereum,260,referenced,2023-10-31T12:27:31Z,NA,tanishqjasoria,User,NA,2023-10-31
ethereum/go-ethereum,260,referenced,2024-04-29T17:41:55Z,NA,maoueh,User,NA,2024-04-29
ethereum/go-ethereum,260,referenced,2024-09-02T19:32:04Z,NA,luanxu-mch,User,NA,2024-09-02
ethereum/go-ethereum,260,referenced,2024-12-02T21:33:33Z,NA,s1na,User,NA,2024-12-02
ethereum/go-ethereum,271,committed,2015-01-18T14:51:14Z,NA,zelig,User,e82d0aa1cf0e9d7d526962649c6e1eb56d8013d2,2015-01-18
ethereum/go-ethereum,271,committed,2015-01-18T14:51:14Z,NA,zelig,User,a325b457af52999b29d750d8ea73f64fe37d07ca,2015-01-18
ethereum/go-ethereum,271,committed,2015-01-18T14:51:14Z,NA,zelig,User,ac4e71f0512344d31be19f057da0173bb9729a5c,2015-01-18
ethereum/go-ethereum,271,committed,2015-01-18T14:51:14Z,NA,zelig,User,b8f0620af0c78a83f6b8b007188b15903a2a55f3,2015-01-18
ethereum/go-ethereum,271,committed,2015-01-18T23:53:45Z,NA,zelig,User,e2e0849cacee60e2911409c9cd51ab41ff8d8ac2,2015-01-18
ethereum/go-ethereum,271,committed,2015-01-19T00:55:24Z,NA,zelig,User,248ab7185a05bceaadc3343f16cc052a320d359e,2015-01-19
ethereum/go-ethereum,271,committed,2015-01-19T01:24:09Z,NA,zelig,User,605ee4d2e8194e0471ed6d1cf400789c116ceae4,2015-01-19
ethereum/go-ethereum,271,committed,2015-01-19T01:24:28Z,NA,zelig,User,a314bbffaba05862ed7f6e60a9010ab75481b9b0,2015-01-19
ethereum/go-ethereum,271,committed,2015-01-19T04:53:48Z,NA,zelig,User,b5734f3cce8779edbb410578868b4cd44b333d4e,2015-01-19
ethereum/go-ethereum,271,committed,2015-01-19T04:55:30Z,NA,zelig,User,6ed5a1fd31f2f076f6f065551f48369a3f5165af,2015-01-19
ethereum/go-ethereum,271,committed,2015-01-19T11:21:13Z,NA,zelig,User,44779d854a97ec58d2c68491eff7b64ffbfd9abb,2015-01-19
ethereum/go-ethereum,271,committed,2015-01-19T23:42:13Z,NA,zelig,User,a8b3c03fbd51a0c1456e48dc11a0c3989f80cef6,2015-01-19
ethereum/go-ethereum,271,committed,2015-01-20T00:23:10Z,NA,zelig,User,6bb203d52348a9c7a31f6444662f12126c763abe,2015-01-20
ethereum/go-ethereum,271,committed,2015-01-20T00:41:45Z,NA,zelig,User,20ac18751efce1365d90f81098c499134ab79c87,2015-01-20
ethereum/go-ethereum,271,committed,2015-01-20T15:20:18Z,NA,zelig,User,2d4f5985c00324073e666d57f7fbd4d60b9592e4,2015-01-20
ethereum/go-ethereum,271,committed,2015-01-20T16:47:46Z,NA,zelig,User,0433cae5a632b5065d0aef1c6281a960c06a42e2,2015-01-20
ethereum/go-ethereum,271,committed,2015-01-21T10:22:07Z,NA,zelig,User,8f938c7aa43977f83338fe953252d6d8c297ab8d,2015-01-21
ethereum/go-ethereum,271,committed,2015-01-21T14:42:12Z,NA,zelig,User,012d9e1e827ca2fb502b64d9ca9038497172f2cf,2015-01-21
ethereum/go-ethereum,271,committed,2015-01-21T14:45:53Z,NA,zelig,User,1dda555230bc97b03cc4dd6f565d8ee88a430208,2015-01-21
ethereum/go-ethereum,271,committed,2015-01-21T16:22:49Z,NA,zelig,User,92bd2532c98e7f03d8a549ad4c70816ee51c040d,2015-01-21
ethereum/go-ethereum,271,committed,2015-01-21T16:53:13Z,NA,zelig,User,c5001a4722ab5e1dbc9710a0fc44da8bb1314aae,2015-01-21
ethereum/go-ethereum,271,committed,2015-01-26T14:31:29Z,NA,zelig,User,777528d5b5c9c77e24c7c1c5e5ee2c40b635ce00,2015-01-26
ethereum/go-ethereum,271,committed,2015-01-26T14:50:12Z,NA,zelig,User,122644028de66183095b6ec5be4bd63e32501f7e,2015-01-26
ethereum/go-ethereum,271,committed,2015-01-26T16:16:23Z,NA,zelig,User,2cd375cefd787af4f4e44ebdba4cc8877a1edae5,2015-01-26
ethereum/go-ethereum,271,labeled,2015-01-26T16:54:59Z,NA,zelig,User,NA,2015-01-26
ethereum/go-ethereum,271,cross-referenced,2015-01-26T16:55:46Z,NA,zelig,User,NA,2015-01-26
ethereum/go-ethereum,271,committed,2015-01-26T16:58:58Z,NA,zelig,User,295b59c87edb84888b72e21475c43c1fa946912f,2015-01-26
ethereum/go-ethereum,271,committed,2015-01-29T01:43:13Z,NA,zelig,User,93699acf2cb56a9a2dbe7f6ad6b9e6e77dcdddf3,2015-01-29
ethereum/go-ethereum,271,committed,2015-01-29T01:49:50Z,NA,zelig,User,154fcbff5e110c7e2a3a1bab6b68030b2c99c3d9,2015-01-29
ethereum/go-ethereum,271,committed,2015-01-29T12:55:37Z,NA,zelig,User,55ea1a7bc9d471565ead5eead42b8f118cdea6c5,2015-01-29
ethereum/go-ethereum,271,cross-referenced,2015-01-30T18:37:41Z,NA,fjl,User,NA,2015-01-30
ethereum/go-ethereum,271,cross-referenced,2015-02-05T02:21:46Z,NA,fjl,User,NA,2015-02-05
ethereum/go-ethereum,271,commented,2015-02-05T02:24:42Z,CONTRIBUTOR,fjl,User,NA,2015-02-05
ethereum/go-ethereum,271,closed,2015-02-05T02:24:42Z,NA,fjl,User,NA,2015-02-05
ethereum/go-ethereum,271,unlabeled,2015-02-05T02:24:44Z,NA,fjl,User,NA,2015-02-05
ethereum/go-ethereum,271,referenced,2018-03-03T16:12:52Z,NA,acud,User,NA,2018-03-03
ethereum/go-ethereum,271,head_ref_deleted,2018-05-25T14:45:47Z,NA,gbalint,User,NA,2018-05-25
ethereum/go-ethereum,271,referenced,2018-11-12T04:54:53Z,NA,ngtuna,User,NA,2018-11-12
ethereum/go-ethereum,271,referenced,2020-04-28T03:24:53Z,NA,Zergity,User,NA,2020-04-28
ethereum/go-ethereum,271,referenced,2023-10-31T12:27:31Z,NA,tanishqjasoria,User,NA,2023-10-31
ethereum/go-ethereum,271,referenced,2024-01-04T20:32:50Z,NA,sduchesneau,User,NA,2024-01-04
ethereum/go-ethereum,271,referenced,2024-04-29T17:41:56Z,NA,maoueh,User,NA,2024-04-29
ethereum/go-ethereum,271,referenced,2024-09-02T19:32:05Z,NA,luanxu-mch,User,NA,2024-09-02
ethereum/go-ethereum,271,referenced,2024-12-02T21:34:01Z,NA,s1na,User,NA,2024-12-02
ethereum/go-ethereum,262,committed,2015-01-18T14:51:14Z,NA,zelig,User,e82d0aa1cf0e9d7d526962649c6e1eb56d8013d2,2015-01-18
ethereum/go-ethereum,262,committed,2015-01-18T14:51:14Z,NA,zelig,User,a325b457af52999b29d750d8ea73f64fe37d07ca,2015-01-18
ethereum/go-ethereum,262,committed,2015-01-18T14:51:14Z,NA,zelig,User,ac4e71f0512344d31be19f057da0173bb9729a5c,2015-01-18
ethereum/go-ethereum,262,committed,2015-01-18T14:51:14Z,NA,zelig,User,b8f0620af0c78a83f6b8b007188b15903a2a55f3,2015-01-18
ethereum/go-ethereum,262,labeled,2015-01-18T15:13:37Z,NA,zelig,User,NA,2015-01-18
ethereum/go-ethereum,262,committed,2015-01-18T23:53:45Z,NA,zelig,User,e2e0849cacee60e2911409c9cd51ab41ff8d8ac2,2015-01-18
ethereum/go-ethereum,262,committed,2015-01-19T00:55:24Z,NA,zelig,User,248ab7185a05bceaadc3343f16cc052a320d359e,2015-01-19
ethereum/go-ethereum,262,committed,2015-01-19T01:24:09Z,NA,zelig,User,605ee4d2e8194e0471ed6d1cf400789c116ceae4,2015-01-19
ethereum/go-ethereum,262,committed,2015-01-19T01:24:28Z,NA,zelig,User,a314bbffaba05862ed7f6e60a9010ab75481b9b0,2015-01-19
ethereum/go-ethereum,262,committed,2015-01-19T04:53:48Z,NA,zelig,User,b5734f3cce8779edbb410578868b4cd44b333d4e,2015-01-19
ethereum/go-ethereum,262,committed,2015-01-19T04:55:30Z,NA,zelig,User,6ed5a1fd31f2f076f6f065551f48369a3f5165af,2015-01-19
ethereum/go-ethereum,262,committed,2015-01-19T11:21:13Z,NA,zelig,User,44779d854a97ec58d2c68491eff7b64ffbfd9abb,2015-01-19
ethereum/go-ethereum,262,committed,2015-01-19T23:42:13Z,NA,zelig,User,a8b3c03fbd51a0c1456e48dc11a0c3989f80cef6,2015-01-19
ethereum/go-ethereum,262,committed,2015-01-20T00:23:10Z,NA,zelig,User,6bb203d52348a9c7a31f6444662f12126c763abe,2015-01-20
ethereum/go-ethereum,262,committed,2015-01-20T00:41:45Z,NA,zelig,User,20ac18751efce1365d90f81098c499134ab79c87,2015-01-20
ethereum/go-ethereum,262,committed,2015-01-20T15:20:18Z,NA,zelig,User,2d4f5985c00324073e666d57f7fbd4d60b9592e4,2015-01-20
ethereum/go-ethereum,262,committed,2015-01-20T16:47:46Z,NA,zelig,User,0433cae5a632b5065d0aef1c6281a960c06a42e2,2015-01-20
ethereum/go-ethereum,262,committed,2015-01-21T10:22:07Z,NA,zelig,User,8f938c7aa43977f83338fe953252d6d8c297ab8d,2015-01-21
ethereum/go-ethereum,262,committed,2015-01-21T14:42:12Z,NA,zelig,User,012d9e1e827ca2fb502b64d9ca9038497172f2cf,2015-01-21
ethereum/go-ethereum,262,committed,2015-01-21T14:45:53Z,NA,zelig,User,1dda555230bc97b03cc4dd6f565d8ee88a430208,2015-01-21
ethereum/go-ethereum,262,committed,2015-01-21T16:22:49Z,NA,zelig,User,92bd2532c98e7f03d8a549ad4c70816ee51c040d,2015-01-21
ethereum/go-ethereum,262,committed,2015-01-21T16:53:13Z,NA,zelig,User,c5001a4722ab5e1dbc9710a0fc44da8bb1314aae,2015-01-21
ethereum/go-ethereum,262,committed,2015-01-21T19:43:29Z,NA,zelig,User,1853903fc037ed07c4d6a2cd8036efb35f6b9edb,2015-01-21
ethereum/go-ethereum,262,committed,2015-01-21T21:46:40Z,NA,zelig,User,7a33109e855f825c9cee92b02eb462a3e5872b2c,2015-01-21
ethereum/go-ethereum,262,committed,2015-01-21T22:03:28Z,NA,zelig,User,b29b7fedd0ea27012a41db17c524a83800075026,2015-01-21
ethereum/go-ethereum,262,committed,2015-01-22T00:21:38Z,NA,zelig,User,4bfe53eb6ed2d3decb615b31c6da91ac8aab1d89,2015-01-22
ethereum/go-ethereum,262,committed,2015-01-22T00:25:12Z,NA,zelig,User,9918dad19b341603fb91d2326d21716c78b8b007,2015-01-22
ethereum/go-ethereum,262,committed,2015-01-22T00:53:22Z,NA,zelig,User,ba8318db6a3bc475ea1a9a541db6e6b73d2b55cb,2015-01-22
ethereum/go-ethereum,262,committed,2015-01-23T11:44:45Z,NA,zelig,User,cd235b24c5378df21404feea2fea469a14f6ccf0,2015-01-23
ethereum/go-ethereum,262,committed,2015-01-23T11:45:26Z,NA,zelig,User,a4b4f680a12a7e1e58ae6c3d4699c9c3d69477c8,2015-01-23
ethereum/go-ethereum,262,committed,2015-01-23T12:44:57Z,NA,zelig,User,2f00e5cad120ae333ed88f90dee5f0fcad90f4ed,2015-01-23
ethereum/go-ethereum,262,committed,2015-01-23T13:00:02Z,NA,zelig,User,7f12ac702f67f07c1f315f642bdfee67f4041fed,2015-01-23
ethereum/go-ethereum,262,committed,2015-01-23T13:04:28Z,NA,zelig,User,876fd8bd176fdd48aa5fa17ac3d35a5884f987fd,2015-01-23
ethereum/go-ethereum,262,committed,2015-01-23T13:28:46Z,NA,zelig,User,2e76f1b6baac6ce0da9232c3aaddd441ef709d18,2015-01-23
ethereum/go-ethereum,262,committed,2015-01-26T14:08:30Z,NA,zelig,User,94af107fbc0175494ef04683c114c0de5b241cf4,2015-01-26
ethereum/go-ethereum,262,cross-referenced,2015-01-26T16:54:59Z,NA,zelig,User,NA,2015-01-26
ethereum/go-ethereum,262,commented,2015-01-26T16:55:45Z,CONTRIBUTOR,zelig,User,NA,2015-01-26
ethereum/go-ethereum,262,closed,2015-01-26T16:55:50Z,NA,zelig,User,NA,2015-01-26
ethereum/go-ethereum,262,unlabeled,2015-01-26T16:55:51Z,NA,zelig,User,NA,2015-01-26
ethereum/go-ethereum,262,head_ref_deleted,2018-05-25T14:45:44Z,NA,gbalint,User,NA,2018-05-25
ethereum/go-ethereum,262,referenced,2018-11-10T03:36:12Z,NA,ngtuna,User,NA,2018-11-10
ethereum/go-ethereum,262,referenced,2020-04-28T03:24:51Z,NA,Zergity,User,NA,2020-04-28
ethereum/go-ethereum,262,referenced,2023-11-30T14:27:28Z,NA,weiihann,User,NA,2023-11-30
ethereum/go-ethereum,262,cross-referenced,2023-11-30T14:37:01Z,NA,AndreiShybin,User,NA,2023-11-30
ethereum/go-ethereum,262,referenced,2024-01-04T20:32:46Z,NA,sduchesneau,User,NA,2024-01-04
ethereum/go-ethereum,262,referenced,2024-09-02T19:32:05Z,NA,luanxu-mch,User,NA,2024-09-02
ethereum/go-ethereum,262,referenced,2024-12-02T21:33:32Z,NA,s1na,User,NA,2024-12-02
ethereum/go-ethereum,262,line-commented,2015-01-18T16:31:08Z,NONE,zelig,User,NA,2015-01-18
ethereum/go-ethereum,263,labeled,2015-01-20T15:00:44Z,NA,obscuren,User,NA,2015-01-20
ethereum/go-ethereum,263,commented,2015-01-20T15:01:58Z,CONTRIBUTOR,tgerring,User,NA,2015-01-20
ethereum/go-ethereum,263,cross-referenced,2015-01-20T15:02:21Z,NA,tgerring,User,NA,2015-01-20
ethereum/go-ethereum,263,commented,2015-01-20T18:50:16Z,MEMBER,kumavis,User,NA,2015-01-20
ethereum/go-ethereum,263,mentioned,2015-01-20T18:50:16Z,NA,tgerring,User,NA,2015-01-20
ethereum/go-ethereum,263,subscribed,2015-01-20T18:50:16Z,NA,tgerring,User,NA,2015-01-20
ethereum/go-ethereum,263,committed,2015-01-22T17:00:15Z,NA,,,d5f38f5690caeb30794e62d4a1b2683a6107cfbc,2015-01-22
ethereum/go-ethereum,263,committed,2015-01-22T20:47:36Z,NA,obscuren,User,a2162258274511b13ecf002e7ec6b82f8508d7e7,2015-01-22
ethereum/go-ethereum,263,committed,2015-01-23T14:37:37Z,NA,,,3aa0410f6ecaa6a44c8e7fa0164cc3209eb6cb8e,2015-01-23
ethereum/go-ethereum,263,committed,2015-01-23T15:45:22Z,NA,,,94106cc41ff3795b9b13044f5625c2e1089795f5,2015-01-23
ethereum/go-ethereum,263,committed,2015-01-24T17:40:03Z,NA,obscuren,User,2ba54a69be2db6fd116534d95f68c764cc012921,2015-01-24
ethereum/go-ethereum,263,committed,2015-01-24T17:46:35Z,NA,obscuren,User,0d96528d2f17c0bd303ab7b86d1ec42c3801096b,2015-01-24
ethereum/go-ethereum,263,committed,2015-01-24T17:48:19Z,NA,obscuren,User,393a6c5edfa0ce270bd03b3ab83cfc002145778b,2015-01-24
ethereum/go-ethereum,263,committed,2015-01-24T18:09:29Z,NA,obscuren,User,48083608b513d97d9db10bbfdabb6e5f8830f08a,2015-01-24
ethereum/go-ethereum,263,committed,2015-01-26T14:46:10Z,NA,,,5d33d5a7d91721a7b41f86bdcce23d3e8c3d5a6a,2015-01-26
ethereum/go-ethereum,263,committed,2015-01-26T15:13:55Z,NA,,,c71aff99dbb45d5998049604109457aa34ecf573,2015-01-26
ethereum/go-ethereum,263,committed,2015-01-26T17:02:09Z,NA,,,079c59b929d5e09eebad6169c22f146bd2f060af,2015-01-26
ethereum/go-ethereum,263,committed,2015-01-27T15:30:38Z,NA,obscuren,User,fe14b0b82e10ce92309e6af4b13c6eec20d8df87,2015-01-27
ethereum/go-ethereum,263,committed,2015-01-27T15:31:29Z,NA,obscuren,User,8c99a87aa842e8b6cf44281dad1ca10371f109dd,2015-01-27
ethereum/go-ethereum,263,commented,2015-01-27T18:34:18Z,CONTRIBUTOR,tgerring,User,NA,2015-01-27
ethereum/go-ethereum,263,commented,2015-01-27T18:51:22Z,NONE,coveralls,User,NA,2015-01-27
ethereum/go-ethereum,263,commented,2015-01-27T21:09:01Z,NONE,coveralls,User,NA,2015-01-27
ethereum/go-ethereum,263,commented,2015-01-28T02:32:41Z,MEMBER,kumavis,User,NA,2015-01-28
ethereum/go-ethereum,263,commented,2015-01-28T02:53:24Z,CONTRIBUTOR,tgerring,User,NA,2015-01-28
ethereum/go-ethereum,263,committed,2015-01-28T09:23:58Z,NA,obscuren,User,159c4d56cd82d6fe721058557977f4efda31661c,2015-01-28
ethereum/go-ethereum,263,committed,2015-01-28T13:52:09Z,NA,obscuren,User,b46e1ca97e61ebfe4c37961e723142245efe5016,2015-01-28
ethereum/go-ethereum,263,committed,2015-01-28T17:14:28Z,NA,obscuren,User,7f638f0b2d8d989be25e660178d79df3278e4c84,2015-01-28
ethereum/go-ethereum,263,committed,2015-01-28T17:25:50Z,NA,obscuren,User,1146f25015b6d84072b71c490aba246e3010bd87,2015-01-28
ethereum/go-ethereum,263,committed,2015-01-28T17:36:23Z,NA,obscuren,User,872b2497114209119becf2e8a4d4a5818e2084ee,2015-01-28
ethereum/go-ethereum,263,commented,2015-01-28T21:35:40Z,MEMBER,kumavis,User,NA,2015-01-28
ethereum/go-ethereum,263,mentioned,2015-01-28T21:35:40Z,NA,tgerring,User,NA,2015-01-28
ethereum/go-ethereum,263,subscribed,2015-01-28T21:35:40Z,NA,tgerring,User,NA,2015-01-28
ethereum/go-ethereum,263,commented,2015-01-29T03:46:50Z,CONTRIBUTOR,tgerring,User,NA,2015-01-29
ethereum/go-ethereum,263,mentioned,2015-01-29T03:46:50Z,NA,kumavis,User,NA,2015-01-29
ethereum/go-ethereum,263,subscribed,2015-01-29T03:46:50Z,NA,kumavis,User,NA,2015-01-29
ethereum/go-ethereum,263,mentioned,2015-01-29T03:46:50Z,NA,obscuren,User,NA,2015-01-29
ethereum/go-ethereum,263,subscribed,2015-01-29T03:46:50Z,NA,obscuren,User,NA,2015-01-29
ethereum/go-ethereum,263,cross-referenced,2015-01-29T03:48:36Z,NA,tgerring,User,NA,2015-01-29
ethereum/go-ethereum,263,merged,2015-01-30T14:55:23Z,NA,obscuren,User,NA,2015-01-30
ethereum/go-ethereum,263,closed,2015-01-30T14:55:23Z,NA,obscuren,User,NA,2015-01-30
ethereum/go-ethereum,263,unlabeled,2015-01-30T14:55:25Z,NA,obscuren,User,NA,2015-01-30
ethereum/go-ethereum,263,head_ref_deleted,2015-01-30T15:25:22Z,NA,obscuren,User,NA,2015-01-30
ethereum/go-ethereum,263,commented,2015-01-31T06:54:32Z,MEMBER,kumavis,User,NA,2015-01-31
ethereum/go-ethereum,263,commented,2015-02-01T07:09:29Z,CONTRIBUTOR,obscuren,User,NA,2015-02-01
ethereum/go-ethereum,263,referenced,2018-11-10T02:55:48Z,NA,ngtuna,User,NA,2018-11-10
ethereum/go-ethereum,263,referenced,2021-08-13T20:23:13Z,NA,maoueh,User,NA,2021-08-13
ethereum/go-ethereum,263,referenced,2023-10-31T12:27:28Z,NA,tanishqjasoria,User,NA,2023-10-31
ethereum/go-ethereum,263,referenced,2023-11-30T14:27:28Z,NA,weiihann,User,NA,2023-11-30
ethereum/go-ethereum,263,referenced,2024-01-04T20:32:45Z,NA,sduchesneau,User,NA,2024-01-04
ethereum/go-ethereum,263,referenced,2024-04-29T17:41:56Z,NA,maoueh,User,NA,2024-04-29
ethereum/go-ethereum,268,committed,2015-01-21T15:35:43Z,NA,,,1f8290ca44df31cc4c4b68b30eef412476ed24e0,2015-01-21
ethereum/go-ethereum,268,committed,2015-01-21T18:08:05Z,NA,,,8af42d42da1d428025622d3b76982798ec9436bd,2015-01-21
ethereum/go-ethereum,268,cross-referenced,2015-01-22T11:47:47Z,NA,Gustav-Simonsson,User,NA,2015-01-22
ethereum/go-ethereum,268,merged,2015-01-22T21:43:07Z,NA,obscuren,User,NA,2015-01-22
ethereum/go-ethereum,268,closed,2015-01-22T21:43:07Z,NA,obscuren,User,NA,2015-01-22
ethereum/go-ethereum,268,referenced,2018-03-01T11:01:00Z,NA,acud,User,NA,2018-03-01
ethereum/go-ethereum,268,referenced,2018-11-10T02:55:48Z,NA,ngtuna,User,NA,2018-11-10
ethereum/go-ethereum,268,referenced,2020-04-28T03:24:52Z,NA,Zergity,User,NA,2020-04-28
ethereum/go-ethereum,268,referenced,2021-08-13T20:23:14Z,NA,maoueh,User,NA,2021-08-13
ethereum/go-ethereum,268,referenced,2021-12-15T16:17:14Z,NA,maoueh,User,NA,2021-12-15
ethereum/go-ethereum,268,referenced,2022-01-20T19:04:40Z,NA,tony-ricciardi,User,NA,2022-01-20
ethereum/go-ethereum,268,referenced,2022-05-03T17:36:50Z,NA,maoueh,User,NA,2022-05-03
ethereum/go-ethereum,268,referenced,2023-11-30T14:27:28Z,NA,weiihann,User,NA,2023-11-30
ethereum/go-ethereum,268,referenced,2024-01-04T20:32:49Z,NA,sduchesneau,User,NA,2024-01-04
ethereum/go-ethereum,268,line-commented,2015-01-22T12:43:37Z,CONTRIBUTOR,obscuren,User,NA,2015-01-22
ethereum/go-ethereum,265,committed,2015-01-21T16:04:11Z,NA,tgerring,User,7f9c3354872e6fcc63c37abddb184e3e58790bc3,2015-01-21
ethereum/go-ethereum,265,committed,2015-01-21T16:16:15Z,NA,tgerring,User,acdc19d1b7b25d6ebd8457f423659f3d112a4a75,2015-01-21
ethereum/go-ethereum,265,committed,2015-01-21T16:17:07Z,NA,tgerring,User,bdf99e098126880c10dc2ef68623c47ec6f04537,2015-01-21
ethereum/go-ethereum,265,committed,2015-01-21T16:18:46Z,NA,tgerring,User,41d80ba17bac2d6cfefb8a1c6206fe1ccee04d1d,2015-01-21
ethereum/go-ethereum,265,committed,2015-01-21T16:26:54Z,NA,tgerring,User,ed7d7b405e1de8010f2ddeecf2b3798e2f07ad31,2015-01-21
ethereum/go-ethereum,265,committed,2015-01-21T16:57:29Z,NA,tgerring,User,1077109e1153cc4fb4eece59dd48cd9f640d0e0b,2015-01-21
ethereum/go-ethereum,265,committed,2015-01-21T16:58:09Z,NA,tgerring,User,622bfd4f0815b9220f02e6b79f74ed1c77ec7649,2015-01-21
ethereum/go-ethereum,265,committed,2015-01-21T17:45:30Z,NA,tgerring,User,0aa76d3e5b3eb261103ebf5afd515394df0af914,2015-01-21
ethereum/go-ethereum,265,committed,2015-01-21T17:47:21Z,NA,tgerring,User,c14900dbb007af8aefc5f5583f3c17a613c66802,2015-01-21
ethereum/go-ethereum,265,labeled,2015-01-21T20:06:08Z,NA,obscuren,User,NA,2015-01-21
ethereum/go-ethereum,265,commented,2015-01-21T20:09:56Z,CONTRIBUTOR,tgerring,User,NA,2015-01-21
ethereum/go-ethereum,265,renamed,2015-02-04T18:14:05Z,NA,tgerring,User,NA,2015-02-04
ethereum/go-ethereum,265,renamed,2015-02-05T20:26:33Z,NA,obscuren,User,NA,2015-02-05
ethereum/go-ethereum,265,commented,2015-02-06T22:28:40Z,CONTRIBUTOR,tgerring,User,NA,2015-02-06
ethereum/go-ethereum,265,commented,2015-02-09T15:39:08Z,NONE,sveneh,User,NA,2015-02-09
ethereum/go-ethereum,265,mentioned,2015-02-09T15:39:08Z,NA,tgerring,User,NA,2015-02-09
ethereum/go-ethereum,265,subscribed,2015-02-09T15:39:08Z,NA,tgerring,User,NA,2015-02-09
ethereum/go-ethereum,265,commented,2015-02-09T17:51:59Z,CONTRIBUTOR,tgerring,User,NA,2015-02-09
ethereum/go-ethereum,265,commented,2015-02-10T09:13:03Z,NONE,sveneh,User,NA,2015-02-10
ethereum/go-ethereum,265,mentioned,2015-02-10T09:13:03Z,NA,heikoheiko,User,NA,2015-02-10
ethereum/go-ethereum,265,subscribed,2015-02-10T09:13:03Z,NA,heikoheiko,User,NA,2015-02-10
ethereum/go-ethereum,265,commented,2015-02-10T10:15:27Z,CONTRIBUTOR,obscuren,User,NA,2015-02-10
ethereum/go-ethereum,265,mentioned,2015-02-10T10:15:27Z,NA,sveneh,User,NA,2015-02-10
ethereum/go-ethereum,265,subscribed,2015-02-10T10:15:27Z,NA,sveneh,User,NA,2015-02-10
ethereum/go-ethereum,265,commented,2015-02-10T10:26:03Z,CONTRIBUTOR,obscuren,User,NA,2015-02-10
ethereum/go-ethereum,265,mentioned,2015-02-10T10:26:03Z,NA,sveneh,User,NA,2015-02-10
ethereum/go-ethereum,265,subscribed,2015-02-10T10:26:03Z,NA,sveneh,User,NA,2015-02-10
ethereum/go-ethereum,265,commented,2015-02-10T10:54:26Z,MEMBER,heikoheiko,User,NA,2015-02-10
ethereum/go-ethereum,265,committed,2015-02-10T18:21:13Z,NA,tgerring,User,d53e5646ecfce75790fea45a1ee552494ef88668,2015-02-10
ethereum/go-ethereum,265,commented,2015-02-11T10:34:16Z,CONTRIBUTOR,tgerring,User,NA,2015-02-11
ethereum/go-ethereum,265,committed,2015-02-11T11:45:41Z,NA,tgerring,User,3d6fd601c5eec13480b6c736f6811b663a885766,2015-02-11
ethereum/go-ethereum,265,commented,2015-02-11T12:10:42Z,CONTRIBUTOR,tgerring,User,NA,2015-02-11
ethereum/go-ethereum,265,committed,2015-02-11T17:49:00Z,NA,tgerring,User,db24fb792cf0dab91bc85e79aecf6758349002a4,2015-02-11
ethereum/go-ethereum,265,committed,2015-02-13T14:05:56Z,NA,obscuren,User,a5ea21cd85530eee6eb1bb83c37c20d009f11f74,2015-02-13
ethereum/go-ethereum,265,merged,2015-02-13T14:06:42Z,NA,obscuren,User,NA,2015-02-13
ethereum/go-ethereum,265,closed,2015-02-13T14:06:42Z,NA,obscuren,User,NA,2015-02-13
ethereum/go-ethereum,265,unlabeled,2015-02-13T14:06:43Z,NA,obscuren,User,NA,2015-02-13
ethereum/go-ethereum,265,head_ref_deleted,2015-02-21T09:52:20Z,NA,tgerring,User,NA,2015-02-21
ethereum/go-ethereum,265,referenced,2020-04-28T03:24:52Z,NA,Zergity,User,NA,2020-04-28
ethereum/go-ethereum,265,referenced,2021-02-22T21:09:26Z,NA,AusIV,User,NA,2021-02-22
ethereum/go-ethereum,265,referenced,2021-08-13T20:23:14Z,NA,maoueh,User,NA,2021-08-13
ethereum/go-ethereum,265,referenced,2022-01-20T19:04:40Z,NA,tony-ricciardi,User,NA,2022-01-20
ethereum/go-ethereum,265,referenced,2023-10-31T12:27:31Z,NA,tanishqjasoria,User,NA,2023-10-31
ethereum/go-ethereum,265,referenced,2023-11-30T14:27:28Z,NA,weiihann,User,NA,2023-11-30
ethereum/go-ethereum,265,referenced,2024-04-29T17:41:56Z,NA,maoueh,User,NA,2024-04-29
ethereum/go-ethereum,265,referenced,2024-09-02T19:32:05Z,NA,luanxu-mch,User,NA,2024-09-02
ethereum/go-ethereum,265,referenced,2024-12-02T21:33:32Z,NA,s1na,User,NA,2024-12-02
ethereum/go-ethereum,270,committed,2015-01-22T17:00:15Z,NA,,,d5f38f5690caeb30794e62d4a1b2683a6107cfbc,2015-01-22
ethereum/go-ethereum,270,commented,2015-01-22T20:49:01Z,CONTRIBUTOR,obscuren,User,NA,2015-01-22
ethereum/go-ethereum,270,committed,2015-01-23T14:37:37Z,NA,,,3aa0410f6ecaa6a44c8e7fa0164cc3209eb6cb8e,2015-01-23
ethereum/go-ethereum,270,committed,2015-01-23T15:45:22Z,NA,,,94106cc41ff3795b9b13044f5625c2e1089795f5,2015-01-23
ethereum/go-ethereum,270,commented,2015-01-23T15:48:26Z,MEMBER,chfast,User,NA,2015-01-23
ethereum/go-ethereum,270,committed,2015-01-26T14:46:10Z,NA,,,5d33d5a7d91721a7b41f86bdcce23d3e8c3d5a6a,2015-01-26
ethereum/go-ethereum,270,committed,2015-01-26T15:13:55Z,NA,,,c71aff99dbb45d5998049604109457aa34ecf573,2015-01-26
ethereum/go-ethereum,270,committed,2015-01-26T17:02:09Z,NA,,,079c59b929d5e09eebad6169c22f146bd2f060af,2015-01-26
ethereum/go-ethereum,270,merged,2015-01-27T15:31:46Z,NA,obscuren,User,NA,2015-01-27
ethereum/go-ethereum,270,closed,2015-01-27T15:31:46Z,NA,obscuren,User,NA,2015-01-27
ethereum/go-ethereum,270,head_ref_deleted,2015-01-29T12:41:50Z,NA,chfast,User,NA,2015-01-29
ethereum/go-ethereum,270,referenced,2018-11-10T02:55:48Z,NA,ngtuna,User,NA,2018-11-10
ethereum/go-ethereum,270,referenced,2020-04-28T03:24:53Z,NA,Zergity,User,NA,2020-04-28
ethereum/go-ethereum,270,referenced,2021-08-13T20:23:14Z,NA,maoueh,User,NA,2021-08-13
ethereum/go-ethereum,270,referenced,2022-01-20T19:04:40Z,NA,tony-ricciardi,User,NA,2022-01-20
ethereum/go-ethereum,270,referenced,2022-05-03T17:36:50Z,NA,maoueh,User,NA,2022-05-03
ethereum/go-ethereum,270,referenced,2023-09-27T09:36:16Z,NA,weiihann,User,NA,2023-09-27
ethereum/go-ethereum,270,referenced,2024-01-04T20:32:51Z,NA,sduchesneau,User,NA,2024-01-04
ethereum/go-ethereum,270,referenced,2024-12-02T21:33:33Z,NA,s1na,User,NA,2024-12-02
ethereum/go-ethereum,270,line-commented,2015-01-22T21:08:18Z,CONTRIBUTOR,chfast,User,NA,2015-01-22
ethereum/go-ethereum,270,line-commented,2015-01-22T21:12:59Z,CONTRIBUTOR,obscuren,User,NA,2015-01-22
ethereum/go-ethereum,270,line-commented,2015-01-22T21:26:03Z,CONTRIBUTOR,chfast,User,NA,2015-01-22
ethereum/go-ethereum,273,committed,2015-01-26T03:30:17Z,NA,,,512ffa2bf4308b44aa6f43f25238b375b58d7dbc,2015-01-26
ethereum/go-ethereum,273,committed,2015-01-28T04:12:57Z,NA,,,8d9752a557e33341a5fb73239dbae664b2f8aaa0,2015-01-28
ethereum/go-ethereum,273,merged,2015-01-28T21:14:07Z,NA,obscuren,User,NA,2015-01-28
ethereum/go-ethereum,273,closed,2015-01-28T21:14:07Z,NA,obscuren,User,NA,2015-01-28
ethereum/go-ethereum,273,referenced,2018-11-27T07:23:31Z,NA,ngtuna,User,NA,2018-11-27
ethereum/go-ethereum,273,referenced,2022-01-20T19:04:40Z,NA,tony-ricciardi,User,NA,2022-01-20
ethereum/go-ethereum,273,referenced,2024-01-04T20:32:51Z,NA,sduchesneau,User,NA,2024-01-04
ethereum/go-ethereum,273,referenced,2024-04-29T17:41:58Z,NA,maoueh,User,NA,2024-04-29
ethereum/go-ethereum,273,referenced,2024-09-02T19:32:05Z,NA,luanxu-mch,User,NA,2024-09-02
ethereum/go-ethereum,273,referenced,2024-12-02T21:33:33Z,NA,s1na,User,NA,2024-12-02
ethereum/go-ethereum,273,line-commented,2015-01-26T22:41:05Z,CONTRIBUTOR,Gustav-Simonsson,User,NA,2015-01-26
ethereum/go-ethereum,273,line-commented,2015-01-26T22:51:44Z,CONTRIBUTOR,Gustav-Simonsson,User,NA,2015-01-26
ethereum/go-ethereum,273,line-commented,2015-01-26T22:52:29Z,CONTRIBUTOR,Gustav-Simonsson,User,NA,2015-01-26
ethereum/go-ethereum,273,line-commented,2015-01-27T13:03:05Z,CONTRIBUTOR,Gustav-Simonsson,User,NA,2015-01-27
ethereum/go-ethereum,273,line-commented,2015-01-27T15:20:07Z,CONTRIBUTOR,Gustav-Simonsson,User,NA,2015-01-27
ethereum/go-ethereum,273,line-commented,2015-01-27T15:21:38Z,CONTRIBUTOR,Gustav-Simonsson,User,NA,2015-01-27
ethereum/go-ethereum,405,committed,2015-01-26T18:57:23Z,NA,ebuchman,User,2da367a2bee84d74d1bb0ea1b42d4c22fae486dd,2015-01-26
ethereum/go-ethereum,405,committed,2015-02-18T00:25:18Z,NA,ebuchman,User,2ba65f4fbaea49c1e0d99959b0331e09b153f931,2015-02-18
ethereum/go-ethereum,405,committed,2015-02-18T03:02:15Z,NA,ebuchman,User,9446489cf3f2eb4b5237b9355b3975fde2886508,2015-02-18
ethereum/go-ethereum,405,committed,2015-02-26T22:54:57Z,NA,ebuchman,User,5a827417d9cef0d2a765df11e747b1755bf04898,2015-02-26
ethereum/go-ethereum,405,committed,2015-02-27T20:59:33Z,NA,xcthulhu,User,8653db6df0018d08212493e3a3df4677162bdd8f,2015-02-27
ethereum/go-ethereum,405,committed,2015-02-27T21:05:03Z,NA,ebuchman,User,0efd6a881afac0b3082f3b1e8780e3438eea5b02,2015-02-27
ethereum/go-ethereum,405,committed,2015-02-27T21:13:31Z,NA,xcthulhu,User,3820a65299831331f215e158d287fe3df3b69ea6,2015-02-27
ethereum/go-ethereum,405,committed,2015-02-28T01:56:24Z,NA,xcthulhu,User,ba1f4bbe9132103af67c0c46f81c913d6a595d77,2015-02-28
ethereum/go-ethereum,405,commented,2015-03-02T06:38:33Z,CONTRIBUTOR,obscuren,User,NA,2015-03-02
ethereum/go-ethereum,405,committed,2015-03-02T23:56:11Z,NA,xcthulhu,User,080823bdeebbab2bcffdaefad703896700ed2c30,2015-03-02
ethereum/go-ethereum,405,committed,2015-03-02T23:56:13Z,NA,xcthulhu,User,ef0ebde4f524987e35fd5f76411539152c66d09d,2015-03-02
ethereum/go-ethereum,405,head_ref_force_pushed,2015-03-02T23:58:15Z,NA,xcthulhu,User,NA,2015-03-02
ethereum/go-ethereum,405,committed,2015-03-03T03:29:34Z,NA,xcthulhu,User,de9f79133faa1ff5dcd16fb4fd13d06b7799ded9,2015-03-03
ethereum/go-ethereum,405,head_ref_force_pushed,2015-03-03T03:30:19Z,NA,xcthulhu,User,NA,2015-03-03
ethereum/go-ethereum,405,commented,2015-03-03T16:19:01Z,CONTRIBUTOR,obscuren,User,NA,2015-03-03
ethereum/go-ethereum,405,committed,2015-03-04T20:36:03Z,NA,xcthulhu,User,3be1fed721fb0c9c4f6e22d0d19fe3a9b5bdfc0b,2015-03-04
ethereum/go-ethereum,405,committed,2015-03-04T20:38:03Z,NA,xcthulhu,User,470587eaa5dcd10571945bb9f2ffafb77804aac3,2015-03-04
ethereum/go-ethereum,405,committed,2015-03-04T20:46:00Z,NA,xcthulhu,User,bcc8cd8cc99581046ae6c46d9b08d7822e6578eb,2015-03-04
ethereum/go-ethereum,405,committed,2015-03-05T04:58:09Z,NA,xcthulhu,User,73f925db119d000360ad08318a502d4bdce77220,2015-03-05
ethereum/go-ethereum,405,commented,2015-03-05T18:24:41Z,CONTRIBUTOR,xcthulhu,User,NA,2015-03-05
ethereum/go-ethereum,405,closed,2015-03-05T18:24:41Z,NA,xcthulhu,User,NA,2015-03-05
ethereum/go-ethereum,405,referenced,2022-01-18T19:13:02Z,NA,AusIV,User,NA,2022-01-18
ethereum/go-ethereum,405,referenced,2022-12-09T20:00:46Z,NA,maoueh,User,NA,2022-12-09
ethereum/go-ethereum,405,referenced,2023-10-31T12:27:36Z,NA,tanishqjasoria,User,NA,2023-10-31
ethereum/go-ethereum,405,referenced,2024-04-17T18:45:53Z,NA,garyschulte,User,NA,2024-04-17
ethereum/go-ethereum,405,referenced,2024-11-18T12:14:42Z,NA,mralj,User,NA,2024-11-18
ethereum/go-ethereum,405,referenced,2024-12-02T21:33:43Z,NA,s1na,User,NA,2024-12-02
ethereum/go-ethereum,405,line-commented,2015-03-02T06:35:27Z,CONTRIBUTOR,obscuren,User,NA,2015-03-02
ethereum/go-ethereum,272,committed,2015-01-26T19:49:50Z,NA,ebuchman,User,b765e2d19c9154dcaa38e6043f96f709a7e75796,2015-01-26
ethereum/go-ethereum,272,referenced,2015-01-31T16:22:24Z,NA,obscuren,User,NA,2015-01-31
ethereum/go-ethereum,272,closed,2015-01-31T16:22:43Z,NA,obscuren,User,NA,2015-01-31
ethereum/go-ethereum,272,referenced,2018-04-09T06:39:54Z,NA,jwasinger,User,NA,2018-04-09
ethereum/go-ethereum,272,referenced,2020-04-28T03:24:53Z,NA,Zergity,User,NA,2020-04-28
ethereum/go-ethereum,272,referenced,2022-01-20T19:04:40Z,NA,tony-ricciardi,User,NA,2022-01-20
ethereum/go-ethereum,272,referenced,2023-10-31T12:27:31Z,NA,tanishqjasoria,User,NA,2023-10-31
ethereum/go-ethereum,272,referenced,2024-01-04T20:32:51Z,NA,sduchesneau,User,NA,2024-01-04
ethereum/go-ethereum,272,referenced,2024-09-02T19:32:05Z,NA,luanxu-mch,User,NA,2024-09-02
ethereum/go-ethereum,275,labeled,2015-01-27T13:46:09Z,NA,fjl,User,NA,2015-01-27
ethereum/go-ethereum,275,head_ref_force_pushed,2015-01-27T13:47:29Z,NA,fjl,User,NA,2015-01-27
ethereum/go-ethereum,275,head_ref_force_pushed,2015-01-27T23:48:19Z,NA,fjl,User,NA,2015-01-27
ethereum/go-ethereum,275,head_ref_force_pushed,2015-01-30T15:55:29Z,NA,fjl,User,NA,2015-01-30
ethereum/go-ethereum,275,head_ref_force_pushed,2015-01-30T15:59:07Z,NA,fjl,User,NA,2015-01-30
ethereum/go-ethereum,275,cross-referenced,2015-01-30T18:37:41Z,NA,fjl,User,NA,2015-01-30
ethereum/go-ethereum,275,committed,2015-02-02T11:24:15Z,NA,fjl,User,01f6763bf71e28f6d42d7bf59cf7feb83f55ef91,2015-02-02
ethereum/go-ethereum,275,committed,2015-02-02T11:24:15Z,NA,fjl,User,2ee081fa19a11b7627117e157482820064d6255b,2015-02-02
ethereum/go-ethereum,275,committed,2015-02-02T11:24:16Z,NA,fjl,User,368b5d6a400f9e49583d9b5bf660af42d7ce0301,2015-02-02
ethereum/go-ethereum,275,head_ref_force_pushed,2015-02-02T11:42:50Z,NA,fjl,User,NA,2015-02-02
ethereum/go-ethereum,275,commented,2015-02-02T11:44:18Z,CONTRIBUTOR,fjl,User,NA,2015-02-02
ethereum/go-ethereum,275,mentioned,2015-02-02T11:46:15Z,NA,obscuren,User,NA,2015-02-02
ethereum/go-ethereum,275,subscribed,2015-02-02T11:46:15Z,NA,obscuren,User,NA,2015-02-02
ethereum/go-ethereum,275,mentioned,2015-02-02T11:46:15Z,NA,zelig,User,NA,2015-02-02
ethereum/go-ethereum,275,subscribed,2015-02-02T11:46:15Z,NA,zelig,User,NA,2015-02-02
ethereum/go-ethereum,275,renamed,2015-02-02T12:02:50Z,NA,fjl,User,NA,2015-02-02
ethereum/go-ethereum,275,cross-referenced,2015-02-05T02:21:46Z,NA,fjl,User,NA,2015-02-05
ethereum/go-ethereum,275,closed,2015-02-05T02:23:52Z,NA,fjl,User,NA,2015-02-05
ethereum/go-ethereum,275,unlabeled,2015-02-05T02:23:52Z,NA,fjl,User,NA,2015-02-05
ethereum/go-ethereum,275,commented,2015-02-05T02:24:56Z,CONTRIBUTOR,fjl,User,NA,2015-02-05
ethereum/go-ethereum,275,head_ref_deleted,2015-05-29T23:40:05Z,NA,fjl,User,NA,2015-05-29
ethereum/go-ethereum,275,referenced,2018-03-01T11:01:00Z,NA,acud,User,NA,2018-03-01
ethereum/go-ethereum,275,referenced,2018-11-12T04:54:53Z,NA,ngtuna,User,NA,2018-11-12
ethereum/go-ethereum,275,referenced,2021-02-22T21:09:26Z,NA,AusIV,User,NA,2021-02-22
ethereum/go-ethereum,275,referenced,2022-01-20T19:04:40Z,NA,tony-ricciardi,User,NA,2022-01-20
ethereum/go-ethereum,275,referenced,2022-05-03T17:36:49Z,NA,maoueh,User,NA,2022-05-03
ethereum/go-ethereum,275,referenced,2023-11-30T14:27:29Z,NA,weiihann,User,NA,2023-11-30
ethereum/go-ethereum,275,cross-referenced,2023-11-30T14:37:01Z,NA,AndreiShybin,User,NA,2023-11-30
ethereum/go-ethereum,275,referenced,2024-09-02T19:32:05Z,NA,luanxu-mch,User,NA,2024-09-02
ethereum/go-ethereum,300,committed,2015-01-28T16:22:37Z,NA,tgerring,User,a88f609b8ab1e20eb2564d47605985d6b8f593e8,2015-01-28
ethereum/go-ethereum,300,committed,2015-01-28T18:01:15Z,NA,tgerring,User,21fd31dad8bc6e0291ca405314b516670333c707,2015-01-28
ethereum/go-ethereum,300,committed,2015-02-11T10:40:12Z,NA,tgerring,User,cfddb7f3cd3b8cecb1e59412ce4db5769f6c8007,2015-02-11
ethereum/go-ethereum,300,committed,2015-02-11T10:56:29Z,NA,tgerring,User,d613bf69bf3fd0cfbe28a2f68c87421f7d5bccf9,2015-02-11
ethereum/go-ethereum,300,labeled,2015-02-11T10:58:56Z,NA,obscuren,User,NA,2015-02-11
ethereum/go-ethereum,300,referenced,2015-02-11T10:59:51Z,NA,tgerring,User,NA,2015-02-11
ethereum/go-ethereum,300,merged,2015-02-11T10:59:51Z,NA,tgerring,User,NA,2015-02-11
ethereum/go-ethereum,300,closed,2015-02-11T10:59:51Z,NA,tgerring,User,NA,2015-02-11
ethereum/go-ethereum,300,unlabeled,2015-02-11T10:59:52Z,NA,obscuren,User,NA,2015-02-11
ethereum/go-ethereum,300,referenced,2018-03-23T16:19:17Z,NA,nonsense,User,NA,2018-03-23
ethereum/go-ethereum,300,referenced,2018-11-27T05:05:11Z,NA,ngtuna,User,NA,2018-11-27
ethereum/go-ethereum,300,referenced,2020-04-28T03:24:55Z,NA,Zergity,User,NA,2020-04-28
ethereum/go-ethereum,300,referenced,2021-02-22T21:09:27Z,NA,AusIV,User,NA,2021-02-22
ethereum/go-ethereum,300,referenced,2022-01-20T19:04:41Z,NA,tony-ricciardi,User,NA,2022-01-20
ethereum/go-ethereum,300,cross-referenced,2022-11-05T08:55:40Z,NA,AndreiShybin,User,NA,2022-11-05
ethereum/go-ethereum,300,referenced,2022-11-30T03:22:11Z,NA,dindinw,User,NA,2022-11-30
ethereum/go-ethereum,300,cross-referenced,2022-12-26T05:35:47Z,NA,AndreiShybin,User,NA,2022-12-26
ethereum/go-ethereum,300,referenced,2024-06-14T12:17:57Z,NA,sduchesneau,User,NA,2024-06-14
ethereum/go-ethereum,286,labeled,2015-02-02T17:58:39Z,NA,obscuren,User,NA,2015-02-02
ethereum/go-ethereum,286,commented,2015-02-03T16:28:12Z,CONTRIBUTOR,tgerring,User,NA,2015-02-03
ethereum/go-ethereum,286,committed,2015-02-04T16:57:47Z,NA,tgerring,User,2656a2d0387464d6c5039f38189649533c578708,2015-02-04
ethereum/go-ethereum,286,committed,2015-02-04T16:58:18Z,NA,tgerring,User,429077a5a043ea6664f795ab34ad09ec2f65286f,2015-02-04
ethereum/go-ethereum,286,labeled,2015-02-04T18:45:15Z,NA,tgerring,User,NA,2015-02-04
ethereum/go-ethereum,286,merged,2015-02-05T20:23:21Z,NA,obscuren,User,NA,2015-02-05
ethereum/go-ethereum,286,closed,2015-02-05T20:23:21Z,NA,obscuren,User,NA,2015-02-05
ethereum/go-ethereum,286,unlabeled,2015-02-05T20:23:21Z,NA,obscuren,User,NA,2015-02-05
ethereum/go-ethereum,286,referenced,2018-03-23T16:19:17Z,NA,nonsense,User,NA,2018-03-23
ethereum/go-ethereum,286,referenced,2018-11-28T07:27:29Z,NA,ngtuna,User,NA,2018-11-28
ethereum/go-ethereum,286,referenced,2020-04-28T03:24:54Z,NA,Zergity,User,NA,2020-04-28
ethereum/go-ethereum,286,referenced,2021-02-22T21:09:26Z,NA,AusIV,User,NA,2021-02-22
ethereum/go-ethereum,286,cross-referenced,2023-11-30T14:37:00Z,NA,AndreiShybin,User,NA,2023-11-30
ethereum/go-ethereum,286,referenced,2024-02-26T19:27:38Z,NA,sduchesneau,User,NA,2024-02-26
ethereum/go-ethereum,286,referenced,2024-04-29T17:41:58Z,NA,maoueh,User,NA,2024-04-29
ethereum/go-ethereum,286,referenced,2024-11-21T22:27:17Z,NA,luanxu-mch,User,NA,2024-11-21
ethereum/go-ethereum,287,committed,2015-02-02T19:04:00Z,NA,tgerring,User,1f4ed49b4c3400c8f567a29c70d4fb26df97f305,2015-02-02
ethereum/go-ethereum,287,labeled,2015-02-02T19:34:06Z,NA,obscuren,User,NA,2015-02-02
ethereum/go-ethereum,287,commented,2015-02-02T19:42:20Z,NONE,coveralls,User,NA,2015-02-02
ethereum/go-ethereum,287,renamed,2015-02-04T18:16:13Z,NA,tgerring,User,NA,2015-02-04
ethereum/go-ethereum,287,commented,2015-02-04T18:17:26Z,CONTRIBUTOR,tgerring,User,NA,2015-02-04
ethereum/go-ethereum,287,mentioned,2015-02-04T18:17:26Z,NA,obscuren,User,NA,2015-02-04
ethereum/go-ethereum,287,subscribed,2015-02-04T18:17:26Z,NA,obscuren,User,NA,2015-02-04
ethereum/go-ethereum,287,labeled,2015-02-04T18:44:51Z,NA,tgerring,User,NA,2015-02-04
ethereum/go-ethereum,287,referenced,2015-02-05T19:09:13Z,NA,obscuren,User,NA,2015-02-05
ethereum/go-ethereum,287,merged,2015-02-05T19:09:13Z,NA,obscuren,User,NA,2015-02-05
ethereum/go-ethereum,287,closed,2015-02-05T19:09:13Z,NA,obscuren,User,NA,2015-02-05
ethereum/go-ethereum,287,unlabeled,2015-02-05T19:09:14Z,NA,obscuren,User,NA,2015-02-05
ethereum/go-ethereum,287,head_ref_deleted,2015-02-05T21:49:09Z,NA,tgerring,User,NA,2015-02-05
ethereum/go-ethereum,287,referenced,2018-11-20T02:36:40Z,NA,ngtuna,User,NA,2018-11-20
ethereum/go-ethereum,287,referenced,2020-04-28T03:24:54Z,NA,Zergity,User,NA,2020-04-28
ethereum/go-ethereum,287,referenced,2021-08-13T20:23:14Z,NA,maoueh,User,NA,2021-08-13
ethereum/go-ethereum,287,referenced,2023-11-30T14:27:30Z,NA,weiihann,User,NA,2023-11-30
ethereum/go-ethereum,287,referenced,2024-02-26T19:27:38Z,NA,sduchesneau,User,NA,2024-02-26
ethereum/go-ethereum,287,referenced,2024-09-02T19:32:06Z,NA,luanxu-mch,User,NA,2024-09-02
ethereum/go-ethereum,294,committed,2015-02-02T19:18:43Z,NA,duckized,User,97c42a311b0857add28be9a16c51e398441f0ae1,2015-02-02
ethereum/go-ethereum,294,committed,2015-02-02T20:17:44Z,NA,duckized,User,6cd6a44f08c06f13797381c1a7042d01766d103f,2015-02-02
ethereum/go-ethereum,294,committed,2015-02-02T20:40:17Z,NA,duckized,User,89eff45bc8d2d4d207c3e03dee5fa4a97a56c727,2015-02-02
ethereum/go-ethereum,294,committed,2015-02-03T20:08:54Z,NA,duckized,User,1fa98129c038ccdef894d41ce82d3028f52e803d,2015-02-03
ethereum/go-ethereum,294,committed,2015-02-04T22:30:54Z,NA,duckized,User,5f051551aaca2382d8899ad2073ca5754fbcf12d,2015-02-04
ethereum/go-ethereum,294,committed,2015-02-05T19:21:37Z,NA,duckized,User,1032d133fbe4dd5ffddc27152e046da4916b5382,2015-02-05
ethereum/go-ethereum,294,committed,2015-02-05T19:46:41Z,NA,duckized,User,87d721e85ff527f3b2a65acfbc71dd19f97059a1,2015-02-05
ethereum/go-ethereum,294,committed,2015-02-05T20:23:34Z,NA,duckized,User,a46334fbfef9123cf7be10d92d350827ec5bdd15,2015-02-05
ethereum/go-ethereum,294,committed,2015-02-05T20:27:44Z,NA,alexvansande,User,dc1deeba72643ae03a4ac41de7287c2fe38f85e6,2015-02-05
ethereum/go-ethereum,294,committed,2015-02-05T20:35:23Z,NA,duckized,User,cbdbdf79214751bc3dc1fd10d9e7e0bcbb8f5172,2015-02-05
ethereum/go-ethereum,294,committed,2015-02-05T20:41:43Z,NA,duckized,User,9047f5dd4cc79771c554ef41db22b53ee04f872d,2015-02-05
ethereum/go-ethereum,294,committed,2015-02-05T20:42:58Z,NA,duckized,User,1345ec570cb58f69d74cea53a264ed0f6b9a4592,2015-02-05
ethereum/go-ethereum,294,committed,2015-02-05T20:46:20Z,NA,duckized,User,40dbd6ada2d1f1171ab7dfb82c8df4f61f1ba671,2015-02-05
ethereum/go-ethereum,294,committed,2015-02-05T20:56:25Z,NA,duckized,User,cd30ccaff6e6c5fb86a08b3d3458ee966d56c9b7,2015-02-05
ethereum/go-ethereum,294,committed,2015-02-05T20:56:53Z,NA,duckized,User,a36b2576fc8e4bf73161abd978de592c48fc538a,2015-02-05
ethereum/go-ethereum,294,committed,2015-02-05T20:59:42Z,NA,duckized,User,0703f8e408f0c28d6ab6eeab1b5dc91fa15ec719,2015-02-05
ethereum/go-ethereum,294,committed,2015-02-05T21:00:11Z,NA,duckized,User,4fe3fdd1490a0ad60ab4358d3ad138fe0a2b0f1f,2015-02-05
ethereum/go-ethereum,294,committed,2015-02-05T21:00:56Z,NA,duckized,User,8fa3b692559e4aadb575c136609568f23a54c7df,2015-02-05
ethereum/go-ethereum,294,committed,2015-02-05T21:01:33Z,NA,duckized,User,2d3b0074044839c457334ca1427639a2a9c7f2a0,2015-02-05
ethereum/go-ethereum,294,committed,2015-02-05T21:02:44Z,NA,duckized,User,2d8614482fff6e8f8378ec405491ee5764bd0b37,2015-02-05
ethereum/go-ethereum,294,committed,2015-02-06T11:56:57Z,NA,duckized,User,e32473b8da5e3e426c6c2e4f09963192a8e52162,2015-02-06
ethereum/go-ethereum,294,committed,2015-02-06T14:08:13Z,NA,duckized,User,95059226a90e7adc56ed66c7d5da53c9294e568b,2015-02-06
ethereum/go-ethereum,294,committed,2015-02-06T14:12:02Z,NA,duckized,User,b36c72a8efd3b2dd4b95b8c609d6977b2f3f9e83,2015-02-06
ethereum/go-ethereum,294,committed,2015-02-06T20:55:05Z,NA,duckized,User,1c7a46ec410f74d1f36b4a320ffc0a322100a9ce,2015-02-06
ethereum/go-ethereum,294,committed,2015-02-06T20:58:25Z,NA,duckized,User,dadf595f34c8ae311f9d72e6ea7d309de5240a9a,2015-02-06
ethereum/go-ethereum,294,committed,2015-02-06T22:28:52Z,NA,duckized,User,c36954d8737e1354b073b7d64cd8d281600766ef,2015-02-06
ethereum/go-ethereum,294,committed,2015-02-06T22:34:11Z,NA,duckized,User,35b022e5a76bdff08a0ef5bfccb947da066862fa,2015-02-06
ethereum/go-ethereum,294,committed,2015-02-09T17:35:52Z,NA,duckized,User,b979ab0ae20b0e85c3b7ef4702b1510ebc7ab2ef,2015-02-09
ethereum/go-ethereum,294,committed,2015-02-10T12:07:35Z,NA,duckized,User,c591a8a18e7005f7780b7c62bf11a3d47614d47c,2015-02-10
ethereum/go-ethereum,294,committed,2015-02-10T14:10:02Z,NA,duckized,User,4cfcaaa2ca149c54fca1206403a08516b3eed86d,2015-02-10
ethereum/go-ethereum,294,committed,2015-02-10T14:16:22Z,NA,duckized,User,d62c9b8314f979d690cdc669b144ab94bb2be024,2015-02-10
ethereum/go-ethereum,294,committed,2015-02-10T14:27:21Z,NA,duckized,User,f66432fe0b0dc41a39f451b5dcd7802e7eb70295,2015-02-10
ethereum/go-ethereum,294,closed,2015-02-10T15:17:46Z,NA,obscuren,User,NA,2015-02-10
ethereum/go-ethereum,294,referenced,2018-11-21T08:23:12Z,NA,ngtuna,User,NA,2018-11-21
ethereum/go-ethereum,294,referenced,2021-08-13T20:23:14Z,NA,maoueh,User,NA,2021-08-13
ethereum/go-ethereum,294,referenced,2022-01-20T19:04:41Z,NA,tony-ricciardi,User,NA,2022-01-20
ethereum/go-ethereum,294,referenced,2022-05-03T17:36:50Z,NA,maoueh,User,NA,2022-05-03
ethereum/go-ethereum,294,referenced,2023-11-30T14:27:30Z,NA,weiihann,User,NA,2023-11-30
ethereum/go-ethereum,294,referenced,2024-06-14T12:17:57Z,NA,sduchesneau,User,NA,2024-06-14
ethereum/go-ethereum,293,committed,2015-02-02T19:18:43Z,NA,duckized,User,97c42a311b0857add28be9a16c51e398441f0ae1,2015-02-02
ethereum/go-ethereum,293,committed,2015-02-02T20:17:44Z,NA,duckized,User,6cd6a44f08c06f13797381c1a7042d01766d103f,2015-02-02
ethereum/go-ethereum,293,committed,2015-02-02T20:40:17Z,NA,duckized,User,89eff45bc8d2d4d207c3e03dee5fa4a97a56c727,2015-02-02
ethereum/go-ethereum,293,committed,2015-02-03T20:08:54Z,NA,duckized,User,1fa98129c038ccdef894d41ce82d3028f52e803d,2015-02-03
ethereum/go-ethereum,293,committed,2015-02-04T22:30:54Z,NA,duckized,User,5f051551aaca2382d8899ad2073ca5754fbcf12d,2015-02-04
ethereum/go-ethereum,293,committed,2015-02-05T19:21:37Z,NA,duckized,User,1032d133fbe4dd5ffddc27152e046da4916b5382,2015-02-05
ethereum/go-ethereum,293,closed,2015-02-05T19:51:54Z,NA,alexvandesande,User,NA,2015-02-05
ethereum/go-ethereum,293,referenced,2018-11-21T08:23:12Z,NA,ngtuna,User,NA,2018-11-21
ethereum/go-ethereum,293,referenced,2020-04-28T03:24:54Z,NA,Zergity,User,NA,2020-04-28
ethereum/go-ethereum,293,referenced,2021-02-22T21:09:27Z,NA,AusIV,User,NA,2021-02-22
ethereum/go-ethereum,293,referenced,2022-01-20T19:04:41Z,NA,tony-ricciardi,User,NA,2022-01-20
ethereum/go-ethereum,293,referenced,2023-11-30T14:27:31Z,NA,weiihann,User,NA,2023-11-30
ethereum/go-ethereum,293,referenced,2024-03-29T17:50:05Z,NA,maoueh,User,NA,2024-03-29
ethereum/go-ethereum,293,referenced,2024-04-29T17:41:59Z,NA,maoueh,User,NA,2024-04-29
ethereum/go-ethereum,293,referenced,2024-09-02T19:32:06Z,NA,luanxu-mch,User,NA,2024-09-02
ethereum/go-ethereum,288,committed,2015-02-03T00:32:13Z,NA,,,72651172d379697ff6a2492a1ed9c36760571562,2015-02-03
ethereum/go-ethereum,288,commented,2015-02-05T06:49:11Z,NONE,Gustav-Simonsson,User,NA,2015-02-05
ethereum/go-ethereum,288,mentioned,2015-02-05T06:49:11Z,NA,obscuren,User,NA,2015-02-05
ethereum/go-ethereum,288,subscribed,2015-02-05T06:49:11Z,NA,obscuren,User,NA,2015-02-05
ethereum/go-ethereum,288,closed,2015-02-05T06:49:17Z,NA,Gustav-Simonsson,User,NA,2015-02-05
ethereum/go-ethereum,288,referenced,2018-07-17T13:56:00Z,NA,enriquefynn,User,NA,2018-07-17
ethereum/go-ethereum,288,referenced,2018-11-21T08:23:12Z,NA,ngtuna,User,NA,2018-11-21
ethereum/go-ethereum,288,referenced,2020-04-28T03:24:54Z,NA,Zergity,User,NA,2020-04-28
ethereum/go-ethereum,288,referenced,2023-11-30T14:27:30Z,NA,weiihann,User,NA,2023-11-30
ethereum/go-ethereum,288,cross-referenced,2023-11-30T14:37:00Z,NA,AndreiShybin,User,NA,2023-11-30
ethereum/go-ethereum,288,referenced,2024-02-26T19:27:38Z,NA,sduchesneau,User,NA,2024-02-26
ethereum/go-ethereum,288,referenced,2024-09-02T19:32:06Z,NA,luanxu-mch,User,NA,2024-09-02
ethereum/go-ethereum,290,committed,2015-02-03T22:09:39Z,NA,,,697c2b5dc16653228c5264d01c08163cebda3aeb,2015-02-03
ethereum/go-ethereum,290,referenced,2015-02-05T20:23:56Z,NA,obscuren,User,NA,2015-02-05
ethereum/go-ethereum,290,merged,2015-02-05T20:23:56Z,NA,obscuren,User,NA,2015-02-05
ethereum/go-ethereum,290,closed,2015-02-05T20:23:56Z,NA,obscuren,User,NA,2015-02-05
ethereum/go-ethereum,290,referenced,2018-11-21T08:23:12Z,NA,ngtuna,User,NA,2018-11-21
ethereum/go-ethereum,290,cross-referenced,2020-07-16T23:17:04Z,NA,snyk-bot,User,NA,2020-07-16
ethereum/go-ethereum,290,cross-referenced,2022-08-23T07:43:22Z,NA,snyk-bot,User,NA,2022-08-23
ethereum/go-ethereum,290,referenced,2024-02-02T17:10:37Z,NA,weiihann,User,NA,2024-02-02
ethereum/go-ethereum,290,referenced,2024-03-29T17:50:04Z,NA,maoueh,User,NA,2024-03-29
ethereum/go-ethereum,290,referenced,2024-04-29T17:41:58Z,NA,maoueh,User,NA,2024-04-29
ethereum/go-ethereum,290,referenced,2024-09-02T19:32:06Z,NA,luanxu-mch,User,NA,2024-09-02
ethereum/go-ethereum,290,referenced,2024-12-02T21:33:34Z,NA,s1na,User,NA,2024-12-02
ethereum/go-ethereum,292,labeled,2015-02-05T02:21:47Z,NA,fjl,User,NA,2015-02-05
ethereum/go-ethereum,292,head_ref_force_pushed,2015-02-05T02:23:15Z,NA,fjl,User,NA,2015-02-05
ethereum/go-ethereum,292,cross-referenced,2015-02-05T02:24:09Z,NA,fjl,User,NA,2015-02-05
ethereum/go-ethereum,292,cross-referenced,2015-02-05T02:24:42Z,NA,fjl,User,NA,2015-02-05
ethereum/go-ethereum,292,cross-referenced,2015-02-05T02:24:56Z,NA,fjl,User,NA,2015-02-05
ethereum/go-ethereum,292,head_ref_force_pushed,2015-02-05T15:32:52Z,NA,fjl,User,NA,2015-02-05
ethereum/go-ethereum,292,commented,2015-02-05T15:33:17Z,CONTRIBUTOR,fjl,User,NA,2015-02-05
ethereum/go-ethereum,292,renamed,2015-02-05T20:26:23Z,NA,obscuren,User,NA,2015-02-05
ethereum/go-ethereum,292,committed,2015-02-05T23:00:34Z,NA,zelig,User,c8a8aa0d43336491f6aa264467968e06b489d34c,2015-02-05
ethereum/go-ethereum,292,committed,2015-02-05T23:00:34Z,NA,zelig,User,88167f39a6437e282ff75a6ec30e8081d6d50441,2015-02-05
ethereum/go-ethereum,292,committed,2015-02-05T23:00:34Z,NA,zelig,User,d227f6184e9d8ce21d40d032dedc910b2bd25f89,2015-02-05
ethereum/go-ethereum,292,committed,2015-02-05T23:00:34Z,NA,zelig,User,4e52adb84a2cda50877aa92584c9d1675cf51b62,2015-02-05
ethereum/go-ethereum,292,committed,2015-02-05T23:00:34Z,NA,zelig,User,b855f671a508a7e8160cbdd27197ba83310b264c,2015-02-05
ethereum/go-ethereum,292,committed,2015-02-05T23:00:34Z,NA,zelig,User,714b955d6e03a822af80b566b0fa73098761f57a,2015-02-05
ethereum/go-ethereum,292,committed,2015-02-05T23:00:34Z,NA,zelig,User,3b6385b14624faee26445a3d98fa94efdb30d29a,2015-02-05
ethereum/go-ethereum,292,committed,2015-02-05T23:00:35Z,NA,zelig,User,076c382a7486ebf58f33e1e0df49e92dc877ea19,2015-02-05
ethereum/go-ethereum,292,committed,2015-02-05T23:00:35Z,NA,zelig,User,489d956283390b701473edd4a597afea2c426d41,2015-02-05
ethereum/go-ethereum,292,committed,2015-02-05T23:00:35Z,NA,zelig,User,1803c65e4097b9d6cb83f72a8a09aeddcc01f685,2015-02-05
ethereum/go-ethereum,292,committed,2015-02-05T23:00:35Z,NA,zelig,User,e252c634cb40c8ef7f9bcd542f5418a937929620,2015-02-05
ethereum/go-ethereum,292,committed,2015-02-05T23:00:35Z,NA,zelig,User,2e868566d7f4c97bd4a92c4943919ed52a55e9b1,2015-02-05
ethereum/go-ethereum,292,committed,2015-02-05T23:00:35Z,NA,zelig,User,923504ce3df504a843cfa775d577ac99bdbfdb70,2015-02-05
ethereum/go-ethereum,292,committed,2015-02-05T23:00:35Z,NA,zelig,User,58fc2c679b3d3b987aeefc98aa22db5f02717638,2015-02-05
ethereum/go-ethereum,292,committed,2015-02-05T23:00:35Z,NA,zelig,User,364b7832811c19106456b3b30a34c7097a0b526e,2015-02-05
ethereum/go-ethereum,292,committed,2015-02-05T23:00:35Z,NA,zelig,User,4afde4e738e3981e086d6e8710c3d711d0e8531d,2015-02-05
ethereum/go-ethereum,292,committed,2015-02-05T23:00:35Z,NA,zelig,User,1f2adb05b57b0b657bfa62b47d46e3a9bf1d8496,2015-02-05
ethereum/go-ethereum,292,committed,2015-02-05T23:00:35Z,NA,zelig,User,20aade56c3057a221d7fa7152a4969d5f8f980d5,2015-02-05
ethereum/go-ethereum,292,committed,2015-02-05T23:00:35Z,NA,zelig,User,faa069a126da29a246193713568634e5be6edd2d,2015-02-05
ethereum/go-ethereum,292,committed,2015-02-05T23:00:35Z,NA,zelig,User,54252ede3177cb169fbb9e4824a31ce58cb0316c,2015-02-05
ethereum/go-ethereum,292,committed,2015-02-05T23:00:35Z,NA,zelig,User,4499743522d32990614c7d900d746e998a1b81ed,2015-02-05
ethereum/go-ethereum,292,committed,2015-02-05T23:00:36Z,NA,zelig,User,68205dec9ff8ab7d16c61f5e32b104d7aa20b352,2015-02-05
ethereum/go-ethereum,292,committed,2015-02-05T23:00:36Z,NA,zelig,User,71765957e4442105647045a14a0a551459daddfd,2015-02-05
ethereum/go-ethereum,292,committed,2015-02-05T23:00:36Z,NA,zelig,User,488a04273639694399929b28c50eadf1bb34405b,2015-02-05
ethereum/go-ethereum,292,committed,2015-02-05T23:00:36Z,NA,zelig,User,2e48d39fc7fc9b8d65e9b6e0ce6863b9374f2233,2015-02-05
ethereum/go-ethereum,292,committed,2015-02-05T23:00:36Z,NA,fjl,User,410b35e9135baa86e92bc07e0ef85d04e3ac0561,2015-02-05
ethereum/go-ethereum,292,committed,2015-02-05T23:00:36Z,NA,fjl,User,8c3095faf03fb6c8138e6b8691df49be4a6fffae,2015-02-05
ethereum/go-ethereum,292,committed,2015-02-05T23:00:36Z,NA,fjl,User,12224c7f5924720767d73f06ed4571dc3ce2f092,2015-02-05
ethereum/go-ethereum,292,committed,2015-02-05T23:00:36Z,NA,fjl,User,739066ec56393e63b93531787746fb8ba5f1df15,2015-02-05
ethereum/go-ethereum,292,committed,2015-02-05T23:00:36Z,NA,fjl,User,5bdc1159433138d92ed6fefb253e3c6ed3a43995,2015-02-05
ethereum/go-ethereum,292,committed,2015-02-05T23:00:36Z,NA,fjl,User,8e8ec8f5f8974aafeac5e4a9ead76878fe22cefd,2015-02-05
ethereum/go-ethereum,292,committed,2015-02-05T23:03:59Z,NA,fjl,User,56f777b2fc77275bc636562b66a08b19afe2ec56,2015-02-05
ethereum/go-ethereum,292,head_ref_force_pushed,2015-02-05T23:05:54Z,NA,fjl,User,NA,2015-02-05
ethereum/go-ethereum,292,committed,2015-02-06T23:12:23Z,NA,fjl,User,8564eb9f7efcc7a0e639f6a45d7e67037fedac5f,2015-02-06
ethereum/go-ethereum,292,committed,2015-02-06T23:43:52Z,NA,fjl,User,e34d1341022a51d8a86c4836c91e4e0ded888d27,2015-02-06
ethereum/go-ethereum,292,committed,2015-02-06T23:46:56Z,NA,fjl,User,2cf4fed11b01bb99e08b838f7df2b9396f42f758,2015-02-06
ethereum/go-ethereum,292,committed,2015-02-06T23:52:49Z,NA,fjl,User,028775a0863946c1e9ad51fe7b22faa5c59b2605,2015-02-06
ethereum/go-ethereum,292,committed,2015-02-09T10:02:32Z,NA,fjl,User,9915d3c3be831fa2c95ac277459945d969bd7b06,2015-02-09
ethereum/go-ethereum,292,committed,2015-02-09T15:17:07Z,NA,fjl,User,f1ebad2508b6941df5802d607b30b7a5e7b2c67d,2015-02-09
ethereum/go-ethereum,292,committed,2015-02-10T11:29:50Z,NA,fjl,User,0c7df37351ab85c577fe815d6d22f4627832b0c3,2015-02-10
ethereum/go-ethereum,292,committed,2015-02-10T11:30:09Z,NA,fjl,User,a3cd2187194b79cd8b14c4ec4f1abca91a0147e0,2015-02-10
ethereum/go-ethereum,292,cross-referenced,2015-02-10T11:43:56Z,NA,fjl,User,NA,2015-02-10
ethereum/go-ethereum,292,committed,2015-02-10T12:30:07Z,NA,fjl,User,a21b30c9012572e1bbed62ac43bdb1bdc89dab92,2015-02-10
ethereum/go-ethereum,292,committed,2015-02-10T13:26:54Z,NA,fjl,User,4242b054628b46ea3470e156992c8e41e01c0739,2015-02-10
ethereum/go-ethereum,292,cross-referenced,2015-02-12T10:19:18Z,NA,tgerring,User,NA,2015-02-12
ethereum/go-ethereum,292,committed,2015-02-13T10:39:31Z,NA,fjl,User,1543833ca0b920d38e98994367f3871867d66781,2015-02-13
ethereum/go-ethereum,292,committed,2015-02-13T10:39:31Z,NA,fjl,User,d0a2e655c9599f462bb20bd49bc69b8e1e330a21,2015-02-13
ethereum/go-ethereum,292,committed,2015-02-13T10:39:31Z,NA,fjl,User,82f0bd9009d8d577c86e800e9673a1972117113d,2015-02-13
ethereum/go-ethereum,292,committed,2015-02-13T10:39:32Z,NA,fjl,User,170eb3ac684231dc2ddebc34e7006e0f2b5fc0c1,2015-02-13
ethereum/go-ethereum,292,commented,2015-02-13T10:41:33Z,CONTRIBUTOR,fjl,User,NA,2015-02-13
ethereum/go-ethereum,292,mentioned,2015-02-13T10:41:33Z,NA,obscuren,User,NA,2015-02-13
ethereum/go-ethereum,292,subscribed,2015-02-13T10:41:33Z,NA,obscuren,User,NA,2015-02-13
ethereum/go-ethereum,292,committed,2015-02-13T13:44:00Z,NA,fjl,User,5110f80bba13e3758ae1836a88afee123df81e3e,2015-02-13
ethereum/go-ethereum,292,committed,2015-02-13T14:06:46Z,NA,fjl,User,22ee366ed6419516eece4436c9f7b5b63ea8a713,2015-02-13
ethereum/go-ethereum,292,committed,2015-02-13T14:06:47Z,NA,fjl,User,7101f4499873fbf6a68cbe08a45797ff8ec71e74,2015-02-13
ethereum/go-ethereum,292,committed,2015-02-13T14:06:47Z,NA,fjl,User,5cc1256fd679cbb8cb80502494b8c02befc757c8,2015-02-13
ethereum/go-ethereum,292,committed,2015-02-13T14:06:47Z,NA,fjl,User,cf754b9483a61075cf50eb4846eeecdc48ad37c0,2015-02-13
ethereum/go-ethereum,292,committed,2015-02-13T14:06:47Z,NA,fjl,User,fd3e1061e01690c7046a0d80635284c1592b7699,2015-02-13
ethereum/go-ethereum,292,committed,2015-02-13T14:08:40Z,NA,fjl,User,32a9c0ca809508c1648b8f44f3e09725af7a80d3,2015-02-13
ethereum/go-ethereum,292,merged,2015-02-13T16:30:41Z,NA,obscuren,User,NA,2015-02-13
ethereum/go-ethereum,292,closed,2015-02-13T16:30:41Z,NA,obscuren,User,NA,2015-02-13
ethereum/go-ethereum,292,unlabeled,2015-02-13T16:30:41Z,NA,obscuren,User,NA,2015-02-13
ethereum/go-ethereum,292,head_ref_deleted,2015-05-29T23:40:07Z,NA,fjl,User,NA,2015-05-29
ethereum/go-ethereum,292,cross-referenced,2016-05-07T05:56:48Z,NA,gsj5,User,NA,2016-05-07
ethereum/go-ethereum,292,referenced,2018-11-21T08:23:12Z,NA,ngtuna,User,NA,2018-11-21
ethereum/go-ethereum,292,referenced,2020-04-28T03:24:54Z,NA,Zergity,User,NA,2020-04-28
ethereum/go-ethereum,292,referenced,2021-08-13T20:23:14Z,NA,maoueh,User,NA,2021-08-13
ethereum/go-ethereum,292,referenced,2023-11-30T14:27:30Z,NA,weiihann,User,NA,2023-11-30
ethereum/go-ethereum,292,referenced,2024-03-29T17:50:05Z,NA,maoueh,User,NA,2024-03-29
ethereum/go-ethereum,292,referenced,2024-09-02T19:32:06Z,NA,luanxu-mch,User,NA,2024-09-02
ethereum/go-ethereum,292,referenced,2024-12-02T21:33:34Z,NA,s1na,User,NA,2024-12-02
ethereum/go-ethereum,301,committed,2015-02-05T23:13:51Z,NA,tgerring,User,f3ac378ca4f670a6504d5138278bb33104eade0a,2015-02-05
ethereum/go-ethereum,301,committed,2015-02-05T23:23:22Z,NA,tgerring,User,b58b6b9bac156035d416b5c837b49baa769b2db3,2015-02-05
ethereum/go-ethereum,301,committed,2015-02-05T23:49:44Z,NA,tgerring,User,5e0b2b260c9e6fb27826ca16e9d49f370df56b78,2015-02-05
ethereum/go-ethereum,301,committed,2015-02-06T00:11:31Z,NA,tgerring,User,e4bb419707ae0cde8a19f79154d5715d0ce1d6df,2015-02-06
ethereum/go-ethereum,301,labeled,2015-02-11T13:07:45Z,NA,obscuren,User,NA,2015-02-11
ethereum/go-ethereum,301,commented,2015-02-11T13:23:42Z,NONE,coveralls,User,NA,2015-02-11
ethereum/go-ethereum,301,referenced,2015-02-11T13:25:44Z,NA,tgerring,User,NA,2015-02-11
ethereum/go-ethereum,301,merged,2015-02-11T13:25:44Z,NA,tgerring,User,NA,2015-02-11
ethereum/go-ethereum,301,closed,2015-02-11T13:25:44Z,NA,tgerring,User,NA,2015-02-11
ethereum/go-ethereum,301,unlabeled,2015-02-11T13:25:45Z,NA,obscuren,User,NA,2015-02-11
ethereum/go-ethereum,301,referenced,2020-04-28T03:24:55Z,NA,Zergity,User,NA,2020-04-28
ethereum/go-ethereum,301,referenced,2022-01-20T19:04:42Z,NA,tony-ricciardi,User,NA,2022-01-20
ethereum/go-ethereum,301,referenced,2022-05-03T17:36:50Z,NA,maoueh,User,NA,2022-05-03
ethereum/go-ethereum,301,referenced,2023-11-30T14:27:31Z,NA,weiihann,User,NA,2023-11-30
ethereum/go-ethereum,301,referenced,2024-09-02T19:32:07Z,NA,luanxu-mch,User,NA,2024-09-02
ethereum/go-ethereum,301,referenced,2024-12-02T21:33:35Z,NA,s1na,User,NA,2024-12-02
ethereum/go-ethereum,296,committed,2015-02-07T03:36:22Z,NA,frewsxcv,User,792cd0aa105cce213445d8e9ef75789653cac3f4,2015-02-07
ethereum/go-ethereum,296,referenced,2015-02-10T15:41:32Z,NA,fjl,User,NA,2015-02-10
ethereum/go-ethereum,296,merged,2015-02-10T15:41:32Z,NA,fjl,User,NA,2015-02-10
ethereum/go-ethereum,296,closed,2015-02-10T15:41:32Z,NA,fjl,User,NA,2015-02-10
ethereum/go-ethereum,296,head_ref_deleted,2015-02-10T15:42:05Z,NA,frewsxcv,User,NA,2015-02-10
ethereum/go-ethereum,296,referenced,2018-03-23T16:19:17Z,NA,nonsense,User,NA,2018-03-23
ethereum/go-ethereum,296,referenced,2018-11-21T10:51:54Z,NA,ngtuna,User,NA,2018-11-21
ethereum/go-ethereum,296,referenced,2020-04-28T03:24:54Z,NA,Zergity,User,NA,2020-04-28
ethereum/go-ethereum,296,cross-referenced,2020-07-16T23:17:04Z,NA,snyk-bot,User,NA,2020-07-16
ethereum/go-ethereum,296,referenced,2021-02-22T21:09:26Z,NA,AusIV,User,NA,2021-02-22
ethereum/go-ethereum,296,cross-referenced,2022-08-23T07:43:22Z,NA,snyk-bot,User,NA,2022-08-23
ethereum/go-ethereum,296,referenced,2023-11-30T14:27:31Z,NA,weiihann,User,NA,2023-11-30
ethereum/go-ethereum,296,referenced,2024-03-29T17:50:05Z,NA,maoueh,User,NA,2024-03-29
ethereum/go-ethereum,296,referenced,2024-09-02T19:32:06Z,NA,luanxu-mch,User,NA,2024-09-02
ethereum/go-ethereum,296,referenced,2024-12-02T21:33:34Z,NA,s1na,User,NA,2024-12-02
ethereum/go-ethereum,297,committed,2015-02-09T15:27:49Z,NA,,,70e2df3904acf61db0d9c6805dda81c5e7fc2529,2015-02-09
ethereum/go-ethereum,297,commented,2015-02-09T15:44:41Z,CONTRIBUTOR,tgerring,User,NA,2015-02-09
ethereum/go-ethereum,297,commented,2015-02-10T09:11:25Z,NONE,sveneh,User,NA,2015-02-10
ethereum/go-ethereum,297,commented,2015-02-10T09:21:15Z,CONTRIBUTOR,fjl,User,NA,2015-02-10
ethereum/go-ethereum,297,merged,2015-02-11T10:29:07Z,NA,tgerring,User,NA,2015-02-11
ethereum/go-ethereum,297,closed,2015-02-11T10:29:07Z,NA,tgerring,User,NA,2015-02-11
ethereum/go-ethereum,297,referenced,2018-03-23T16:19:17Z,NA,nonsense,User,NA,2018-03-23
ethereum/go-ethereum,297,referenced,2018-11-23T03:26:48Z,NA,ngtuna,User,NA,2018-11-23
ethereum/go-ethereum,297,referenced,2021-02-22T21:09:27Z,NA,AusIV,User,NA,2021-02-22
ethereum/go-ethereum,297,referenced,2022-01-20T19:04:41Z,NA,tony-ricciardi,User,NA,2022-01-20
ethereum/go-ethereum,297,referenced,2023-11-30T14:27:31Z,NA,weiihann,User,NA,2023-11-30
ethereum/go-ethereum,297,referenced,2024-05-13T17:26:59Z,NA,billettc,User,NA,2024-05-13
ethereum/go-ethereum,297,referenced,2024-09-02T19:32:06Z,NA,luanxu-mch,User,NA,2024-09-02
ethereum/go-ethereum,298,committed,2015-02-10T15:14:07Z,NA,duckized,User,6b5f4ed244e73ee4116aa5558641f67d8f469ff1,2015-02-10
ethereum/go-ethereum,298,committed,2015-02-10T15:16:17Z,NA,duckized,User,80890cd9ddb8cf958c202be6c9bbc503fd425718,2015-02-10
ethereum/go-ethereum,298,referenced,2015-02-10T16:21:29Z,NA,obscuren,User,NA,2015-02-10
ethereum/go-ethereum,298,merged,2015-02-10T16:21:29Z,NA,obscuren,User,NA,2015-02-10
ethereum/go-ethereum,298,closed,2015-02-10T16:21:29Z,NA,obscuren,User,NA,2015-02-10
ethereum/go-ethereum,298,referenced,2018-11-23T10:24:23Z,NA,ngtuna,User,NA,2018-11-23
ethereum/go-ethereum,298,cross-referenced,2020-07-16T23:17:04Z,NA,snyk-bot,User,NA,2020-07-16
ethereum/go-ethereum,298,referenced,2022-01-20T19:04:41Z,NA,tony-ricciardi,User,NA,2022-01-20
ethereum/go-ethereum,298,cross-referenced,2022-08-23T07:43:22Z,NA,snyk-bot,User,NA,2022-08-23
ethereum/go-ethereum,298,referenced,2024-09-02T19:32:06Z,NA,luanxu-mch,User,NA,2024-09-02
ethereum/go-ethereum,298,referenced,2024-12-02T21:33:34Z,NA,s1na,User,NA,2024-12-02
ethereum/go-ethereum,299,committed,2015-02-10T21:49:28Z,NA,,,8c056aebe10c8c56f7c25889780b04e00f9ca00b,2015-02-10
ethereum/go-ethereum,299,head_ref_force_pushed,2015-02-10T21:50:50Z,NA,Gustav-Simonsson,User,NA,2015-02-10
ethereum/go-ethereum,299,commented,2015-02-10T21:53:19Z,NONE,Gustav-Simonsson,User,NA,2015-02-10
ethereum/go-ethereum,299,committed,2015-02-13T14:38:26Z,NA,,,39434e383b9e6fee30371afd5a9841de75671f56,2015-02-13
ethereum/go-ethereum,299,committed,2015-02-13T17:25:25Z,NA,,,f35d62b75977231bb45d2e298c3f39744c875e67,2015-02-13
ethereum/go-ethereum,299,merged,2015-02-13T22:35:39Z,NA,obscuren,User,NA,2015-02-13
ethereum/go-ethereum,299,closed,2015-02-13T22:35:39Z,NA,obscuren,User,NA,2015-02-13
ethereum/go-ethereum,299,referenced,2018-04-22T22:12:40Z,NA,jpeletier,User,NA,2018-04-22
ethereum/go-ethereum,299,referenced,2020-04-28T03:24:55Z,NA,Zergity,User,NA,2020-04-28
ethereum/go-ethereum,299,referenced,2022-01-20T19:04:41Z,NA,tony-ricciardi,User,NA,2022-01-20
ethereum/go-ethereum,299,cross-referenced,2022-11-05T08:55:40Z,NA,AndreiShybin,User,NA,2022-11-05
ethereum/go-ethereum,299,cross-referenced,2022-12-26T05:35:47Z,NA,AndreiShybin,User,NA,2022-12-26
ethereum/go-ethereum,299,referenced,2024-09-02T19:32:07Z,NA,luanxu-mch,User,NA,2024-09-02
ethereum/go-ethereum,299,referenced,2024-12-02T21:33:34Z,NA,s1na,User,NA,2024-12-02
ethereum/go-ethereum,299,referenced,2024-12-02T21:33:34Z,NA,s1na,User,NA,2024-12-02
ethereum/go-ethereum,299,line-commented,2015-02-11T23:22:06Z,CONTRIBUTOR,obscuren,User,NA,2015-02-11
ethereum/go-ethereum,302,committed,2015-02-11T18:16:35Z,NA,duckized,User,6221b282d40c18c5c79c459e3b6218cd565a20b1,2015-02-11
ethereum/go-ethereum,302,referenced,2015-02-11T18:22:23Z,NA,obscuren,User,NA,2015-02-11
ethereum/go-ethereum,302,merged,2015-02-11T18:22:23Z,NA,obscuren,User,NA,2015-02-11
ethereum/go-ethereum,302,closed,2015-02-11T18:22:23Z,NA,obscuren,User,NA,2015-02-11
ethereum/go-ethereum,302,referenced,2018-03-23T16:19:17Z,NA,nonsense,User,NA,2018-03-23
ethereum/go-ethereum,302,referenced,2018-11-27T05:05:11Z,NA,ngtuna,User,NA,2018-11-27
ethereum/go-ethereum,302,referenced,2020-04-28T03:24:55Z,NA,Zergity,User,NA,2020-04-28
ethereum/go-ethereum,302,referenced,2021-02-22T21:09:26Z,NA,AusIV,User,NA,2021-02-22
ethereum/go-ethereum,302,referenced,2024-06-13T18:50:19Z,NA,maoueh,User,NA,2024-06-13
ethereum/go-ethereum,302,referenced,2024-06-14T12:17:57Z,NA,sduchesneau,User,NA,2024-06-14
ethereum/go-ethereum,302,referenced,2024-11-21T22:27:17Z,NA,luanxu-mch,User,NA,2024-11-21
ethereum/go-ethereum,302,referenced,2024-12-02T21:33:34Z,NA,s1na,User,NA,2024-12-02
ethereum/go-ethereum,303,committed,2015-02-11T18:28:56Z,NA,fjl,User,b94f85de22cd53b87872543c959064cd2043c40d,2015-02-11
ethereum/go-ethereum,303,mentioned,2015-02-11T18:29:32Z,NA,zelig,User,NA,2015-02-11
ethereum/go-ethereum,303,subscribed,2015-02-11T18:29:32Z,NA,zelig,User,NA,2015-02-11
ethereum/go-ethereum,303,labeled,2015-02-11T18:29:32Z,NA,fjl,User,NA,2015-02-11
ethereum/go-ethereum,303,referenced,2015-02-11T18:57:13Z,NA,nagydani,User,NA,2015-02-11
ethereum/go-ethereum,303,referenced,2015-02-11T19:22:04Z,NA,obscuren,User,NA,2015-02-11
ethereum/go-ethereum,303,merged,2015-02-11T19:22:04Z,NA,obscuren,User,NA,2015-02-11
ethereum/go-ethereum,303,closed,2015-02-11T19:22:04Z,NA,obscuren,User,NA,2015-02-11
ethereum/go-ethereum,303,unlabeled,2015-02-11T19:22:06Z,NA,obscuren,User,NA,2015-02-11
ethereum/go-ethereum,303,head_ref_deleted,2015-05-29T23:40:06Z,NA,fjl,User,NA,2015-05-29
ethereum/go-ethereum,303,referenced,2018-03-23T16:19:17Z,NA,nonsense,User,NA,2018-03-23
ethereum/go-ethereum,303,referenced,2018-11-27T05:05:11Z,NA,ngtuna,User,NA,2018-11-27
ethereum/go-ethereum,303,referenced,2022-05-03T17:36:50Z,NA,maoueh,User,NA,2022-05-03
ethereum/go-ethereum,303,referenced,2023-10-31T12:27:31Z,NA,tanishqjasoria,User,NA,2023-10-31
ethereum/go-ethereum,303,referenced,2023-11-02T06:41:48Z,NA,rjl493456442,User,NA,2023-11-02
ethereum/go-ethereum,303,referenced,2024-05-13T17:27:00Z,NA,billettc,User,NA,2024-05-13
ethereum/go-ethereum,303,referenced,2024-06-14T12:17:58Z,NA,sduchesneau,User,NA,2024-06-14
ethereum/go-ethereum,303,referenced,2024-11-21T22:27:18Z,NA,luanxu-mch,User,NA,2024-11-21
ethereum/go-ethereum,303,referenced,2024-12-02T21:33:35Z,NA,s1na,User,NA,2024-12-02
ethereum/go-ethereum,313,committed,2015-02-13T16:28:04Z,NA,,,988a366a185a1171f54d893c0a4deb0cbd22f2d8,2015-02-13
ethereum/go-ethereum,313,committed,2015-02-14T23:40:06Z,NA,,,4d1a9cb8356254a731a3369ad8654835540489ce,2015-02-14
ethereum/go-ethereum,313,commented,2015-02-15T14:03:57Z,NONE,Gustav-Simonsson,User,NA,2015-02-15
ethereum/go-ethereum,313,closed,2015-02-20T16:51:31Z,NA,Gustav-Simonsson,User,NA,2015-02-20
ethereum/go-ethereum,313,referenced,2021-02-22T21:09:27Z,NA,AusIV,User,NA,2021-02-22
ethereum/go-ethereum,313,referenced,2022-12-09T20:00:45Z,NA,maoueh,User,NA,2022-12-09
ethereum/go-ethereum,313,referenced,2023-10-31T12:27:28Z,NA,tanishqjasoria,User,NA,2023-10-31
ethereum/go-ethereum,313,referenced,2024-02-02T17:10:37Z,NA,weiihann,User,NA,2024-02-02
ethereum/go-ethereum,313,referenced,2024-06-14T12:17:58Z,NA,sduchesneau,User,NA,2024-06-14
ethereum/go-ethereum,313,referenced,2024-11-21T22:27:19Z,NA,luanxu-mch,User,NA,2024-11-21
ethereum/go-ethereum,313,referenced,2024-12-02T21:33:35Z,NA,s1na,User,NA,2024-12-02
ethereum/go-ethereum,324,committed,2015-02-13T17:32:15Z,NA,duckized,User,7aef0fed29ec9e0b7f65f12f242c75b39b652d47,2015-02-13
ethereum/go-ethereum,324,committed,2015-02-16T10:17:31Z,NA,duckized,User,05f28088499fdc0105bb17cee9345a3483aa24f2,2015-02-16
ethereum/go-ethereum,324,committed,2015-02-16T13:34:47Z,NA,duckized,User,1878630b591b039fadb6f88e15340d04f4af3ed1,2015-02-16
ethereum/go-ethereum,324,committed,2015-02-16T13:43:30Z,NA,duckized,User,3068e2688d88912ec33f3d80fd0fe26c4e897dcd,2015-02-16
ethereum/go-ethereum,324,committed,2015-02-16T19:55:14Z,NA,duckized,User,666ef482392340ba111fa3347160468266ff3cb5,2015-02-16
ethereum/go-ethereum,324,committed,2015-02-16T23:52:40Z,NA,duckized,User,c4b8c115294ea34d3e820c9e39bdda80af8026ff,2015-02-16
ethereum/go-ethereum,324,committed,2015-02-17T10:22:52Z,NA,duckized,User,a22711a7b569fd9d29fe03591ef2c39d793877b1,2015-02-17
ethereum/go-ethereum,324,committed,2015-02-17T10:23:28Z,NA,duckized,User,0de1d1dd588266961740b598da4e01e5efdf2d1f,2015-02-17
ethereum/go-ethereum,324,committed,2015-02-17T10:52:22Z,NA,duckized,User,fbd5e4d5afeaff6c250a3a953b18476cdb4b86ae,2015-02-17
ethereum/go-ethereum,324,committed,2015-02-17T11:29:10Z,NA,duckized,User,abb9b7f46ff3b2ef0bb4f2e95f029591688768c4,2015-02-17
ethereum/go-ethereum,324,merged,2015-02-17T15:20:09Z,NA,obscuren,User,NA,2015-02-17
ethereum/go-ethereum,324,closed,2015-02-17T15:20:09Z,NA,obscuren,User,NA,2015-02-17
ethereum/go-ethereum,324,referenced,2021-07-12T15:42:17Z,NA,AusIV,User,NA,2021-07-12
ethereum/go-ethereum,324,referenced,2021-08-20T20:15:54Z,NA,maoueh,User,NA,2021-08-20
ethereum/go-ethereum,324,referenced,2022-01-20T19:04:42Z,NA,tony-ricciardi,User,NA,2022-01-20
ethereum/go-ethereum,324,referenced,2024-02-06T22:43:24Z,NA,marioevz,User,NA,2024-02-06
ethereum/go-ethereum,324,referenced,2024-07-17T19:15:24Z,NA,sduchesneau,User,NA,2024-07-17
ethereum/go-ethereum,308,committed,2015-02-13T20:41:13Z,NA,fjl,User,1c1a3033beed74b22adc9827929e72ae04ed42cc,2015-02-13
ethereum/go-ethereum,308,labeled,2015-02-13T20:42:14Z,NA,fjl,User,NA,2015-02-13
ethereum/go-ethereum,308,referenced,2015-02-13T20:51:51Z,NA,obscuren,User,NA,2015-02-13
ethereum/go-ethereum,308,merged,2015-02-13T20:51:51Z,NA,obscuren,User,NA,2015-02-13
ethereum/go-ethereum,308,closed,2015-02-13T20:51:52Z,NA,obscuren,User,NA,2015-02-13
ethereum/go-ethereum,308,unlabeled,2015-02-13T20:51:52Z,NA,obscuren,User,NA,2015-02-13
ethereum/go-ethereum,308,head_ref_deleted,2015-05-29T23:40:08Z,NA,fjl,User,NA,2015-05-29
ethereum/go-ethereum,308,referenced,2022-01-20T19:04:41Z,NA,tony-ricciardi,User,NA,2022-01-20
ethereum/go-ethereum,308,referenced,2024-02-02T17:10:37Z,NA,weiihann,User,NA,2024-02-02
ethereum/go-ethereum,308,referenced,2024-06-14T12:17:58Z,NA,sduchesneau,User,NA,2024-06-14
ethereum/go-ethereum,308,referenced,2024-11-21T22:27:18Z,NA,luanxu-mch,User,NA,2024-11-21
ethereum/go-ethereum,308,referenced,2024-12-02T21:33:35Z,NA,s1na,User,NA,2024-12-02
ethereum/go-ethereum,309,committed,2015-02-13T22:54:34Z,NA,fjl,User,4bef3ce284574c7e0e9a76004e076fc686b13bf6,2015-02-13
ethereum/go-ethereum,309,committed,2015-02-13T23:12:37Z,NA,fjl,User,8464e43eaf7d4841f90c8345d6d0afdf3f90ad49,2015-02-13
ethereum/go-ethereum,309,labeled,2015-02-13T23:14:31Z,NA,fjl,User,NA,2015-02-13
ethereum/go-ethereum,309,cross-referenced,2015-02-13T23:27:15Z,NA,fjl,User,NA,2015-02-13
ethereum/go-ethereum,309,referenced,2015-02-13T23:27:40Z,NA,obscuren,User,NA,2015-02-13
ethereum/go-ethereum,309,merged,2015-02-13T23:27:40Z,NA,obscuren,User,NA,2015-02-13
ethereum/go-ethereum,309,closed,2015-02-13T23:27:40Z,NA,obscuren,User,NA,2015-02-13
ethereum/go-ethereum,309,unlabeled,2015-02-13T23:27:41Z,NA,obscuren,User,NA,2015-02-13
ethereum/go-ethereum,309,head_ref_deleted,2015-05-29T23:40:10Z,NA,fjl,User,NA,2015-05-29
ethereum/go-ethereum,309,referenced,2021-02-22T21:09:27Z,NA,AusIV,User,NA,2021-02-22
ethereum/go-ethereum,309,referenced,2022-05-03T17:36:51Z,NA,maoueh,User,NA,2022-05-03
ethereum/go-ethereum,309,referenced,2023-10-31T12:27:27Z,NA,tanishqjasoria,User,NA,2023-10-31
ethereum/go-ethereum,309,referenced,2024-06-14T12:17:58Z,NA,sduchesneau,User,NA,2024-06-14
ethereum/go-ethereum,309,referenced,2024-11-21T22:27:18Z,NA,luanxu-mch,User,NA,2024-11-21
ethereum/go-ethereum,309,referenced,2024-12-02T21:33:35Z,NA,s1na,User,NA,2024-12-02
ethereum/go-ethereum,312,committed,2015-02-14T23:48:00Z,NA,zelig,User,f5f69dff19824a853859a76f98c09645f10c16db,2015-02-14
ethereum/go-ethereum,312,labeled,2015-02-14T23:55:56Z,NA,zelig,User,NA,2015-02-14
ethereum/go-ethereum,312,cross-referenced,2015-02-15T00:34:01Z,NA,zelig,User,NA,2015-02-15
ethereum/go-ethereum,312,commented,2015-02-15T08:58:49Z,CONTRIBUTOR,fjl,User,NA,2015-02-15
ethereum/go-ethereum,312,closed,2015-02-15T08:58:49Z,NA,fjl,User,NA,2015-02-15
ethereum/go-ethereum,312,unlabeled,2015-02-15T08:58:50Z,NA,fjl,User,NA,2015-02-15
ethereum/go-ethereum,312,commented,2015-02-15T10:33:35Z,CONTRIBUTOR,fjl,User,NA,2015-02-15
ethereum/go-ethereum,312,commented,2015-02-15T20:14:47Z,CONTRIBUTOR,zelig,User,NA,2015-02-15
ethereum/go-ethereum,312,commented,2015-02-16T09:34:38Z,MEMBER,subtly,User,NA,2015-02-16
ethereum/go-ethereum,312,mentioned,2015-02-16T09:34:38Z,NA,zelig,User,NA,2015-02-16
ethereum/go-ethereum,312,subscribed,2015-02-16T09:34:38Z,NA,zelig,User,NA,2015-02-16
ethereum/go-ethereum,312,commented,2015-02-16T10:17:50Z,NONE,nagydani,User,NA,2015-02-16
ethereum/go-ethereum,312,renamed,2015-02-16T10:33:24Z,NA,tgerring,User,NA,2015-02-16
ethereum/go-ethereum,312,referenced,2018-03-23T16:19:17Z,NA,nonsense,User,NA,2018-03-23
ethereum/go-ethereum,312,head_ref_deleted,2018-05-25T14:45:51Z,NA,gbalint,User,NA,2018-05-25
ethereum/go-ethereum,312,cross-referenced,2022-11-05T08:55:40Z,NA,AndreiShybin,User,NA,2022-11-05
ethereum/go-ethereum,312,cross-referenced,2022-12-26T05:35:47Z,NA,AndreiShybin,User,NA,2022-12-26
ethereum/go-ethereum,312,referenced,2023-10-31T12:27:32Z,NA,tanishqjasoria,User,NA,2023-10-31
ethereum/go-ethereum,312,referenced,2024-01-15T14:32:56Z,NA,spencer-tb,User,NA,2024-01-15
ethereum/go-ethereum,312,cross-referenced,2024-02-02T19:59:56Z,NA,AndreiShybin,User,NA,2024-02-02
ethereum/go-ethereum,312,referenced,2024-06-14T12:17:58Z,NA,sduchesneau,User,NA,2024-06-14
ethereum/go-ethereum,312,referenced,2024-12-02T21:33:36Z,NA,s1na,User,NA,2024-12-02
ethereum/go-ethereum,316,committed,2015-02-15T08:51:10Z,NA,,,9c1b43f813df2e425a362f1cd97122efc3f214d8,2015-02-15
ethereum/go-ethereum,316,cross-referenced,2015-02-16T09:14:19Z,NA,Gustav-Simonsson,User,NA,2015-02-16
ethereum/go-ethereum,316,closed,2015-02-17T13:58:47Z,NA,Gustav-Simonsson,User,NA,2015-02-17
ethereum/go-ethereum,316,referenced,2022-01-20T19:04:42Z,NA,tony-ricciardi,User,NA,2022-01-20
ethereum/go-ethereum,316,referenced,2022-05-03T17:36:51Z,NA,maoueh,User,NA,2022-05-03
ethereum/go-ethereum,316,cross-referenced,2022-11-05T08:55:40Z,NA,AndreiShybin,User,NA,2022-11-05
ethereum/go-ethereum,316,cross-referenced,2022-12-26T05:35:47Z,NA,AndreiShybin,User,NA,2022-12-26
ethereum/go-ethereum,316,referenced,2023-10-31T12:27:32Z,NA,tanishqjasoria,User,NA,2023-10-31
ethereum/go-ethereum,316,cross-referenced,2024-02-02T19:59:56Z,NA,AndreiShybin,User,NA,2024-02-02
ethereum/go-ethereum,316,referenced,2024-06-13T18:50:19Z,NA,maoueh,User,NA,2024-06-13
ethereum/go-ethereum,316,referenced,2024-06-14T12:17:59Z,NA,sduchesneau,User,NA,2024-06-14
ethereum/go-ethereum,316,referenced,2024-12-02T21:33:36Z,NA,s1na,User,NA,2024-12-02
ethereum/go-ethereum,413,committed,2015-02-16T15:27:11Z,NA,,,b9894c1d0979b9f3e8428b1dc230f1ece106f676,2015-02-16
ethereum/go-ethereum,413,committed,2015-02-23T17:39:05Z,NA,,,114c3b4efe7f30ab7be0bec013210e7b4c3d08d7,2015-02-23
ethereum/go-ethereum,413,committed,2015-02-24T10:27:22Z,NA,,,85f765a533b3be4fd4d44cd58b666adf6e011e17,2015-02-24
ethereum/go-ethereum,413,committed,2015-03-02T17:43:01Z,NA,,,9c6d9dfc5c9fdd9aeb8f4d9926ed98008b849f2e,2015-03-02
ethereum/go-ethereum,413,committed,2015-03-02T17:46:55Z,NA,,,24003c76d12b83602ca93be375a3bc19f4fb3f1b,2015-03-02
ethereum/go-ethereum,413,committed,2015-03-03T11:31:26Z,NA,,,e72173dc43331e000c23ab693f6aee99fb86ed06,2015-03-03
ethereum/go-ethereum,413,referenced,2015-03-03T19:39:51Z,NA,obscuren,User,NA,2015-03-03
ethereum/go-ethereum,413,merged,2015-03-03T19:39:51Z,NA,obscuren,User,NA,2015-03-03
ethereum/go-ethereum,413,closed,2015-03-03T19:39:51Z,NA,obscuren,User,NA,2015-03-03
ethereum/go-ethereum,413,head_ref_deleted,2019-04-24T09:38:28Z,NA,axic,User,NA,2019-04-24
ethereum/go-ethereum,413,referenced,2022-01-20T19:04:45Z,NA,tony-ricciardi,User,NA,2022-01-20
ethereum/go-ethereum,413,referenced,2023-10-31T12:27:36Z,NA,tanishqjasoria,User,NA,2023-10-31
ethereum/go-ethereum,413,referenced,2024-04-11T06:43:26Z,NA,tanishqjasoria,User,NA,2024-04-11
ethereum/go-ethereum,413,referenced,2024-04-17T18:45:54Z,NA,garyschulte,User,NA,2024-04-17
ethereum/go-ethereum,413,referenced,2025-05-02T22:50:59Z,NA,maoueh,User,NA,2025-05-02
ethereum/go-ethereum,325,committed,2015-02-17T11:04:20Z,NA,fjl,User,34d0e1b2c32d1bfe3aaa8519cf760ce499315ad5,2015-02-17
ethereum/go-ethereum,325,committed,2015-02-17T11:37:09Z,NA,fjl,User,bb346a3ae1b6c250fdcb28b97280d3512a7fe219,2015-02-17
ethereum/go-ethereum,325,committed,2015-02-17T12:05:58Z,NA,fjl,User,119bea22aaf061d5b3e6a9abee9b1b95655b9fbe,2015-02-17
ethereum/go-ethereum,325,committed,2015-02-17T12:10:11Z,NA,fjl,User,f965f41b6e8d177f4f06a8421ee071350813a1ac,2015-02-17
ethereum/go-ethereum,325,labeled,2015-02-17T12:13:35Z,NA,fjl,User,NA,2015-02-17
ethereum/go-ethereum,325,referenced,2015-02-17T22:19:45Z,NA,obscuren,User,NA,2015-02-17
ethereum/go-ethereum,325,merged,2015-02-17T22:19:45Z,NA,obscuren,User,NA,2015-02-17
ethereum/go-ethereum,325,closed,2015-02-17T22:19:45Z,NA,obscuren,User,NA,2015-02-17
ethereum/go-ethereum,325,unlabeled,2015-02-17T22:19:45Z,NA,obscuren,User,NA,2015-02-17
ethereum/go-ethereum,325,head_ref_deleted,2015-05-29T23:40:10Z,NA,fjl,User,NA,2015-05-29
ethereum/go-ethereum,325,referenced,2022-01-20T19:04:44Z,NA,tony-ricciardi,User,NA,2022-01-20
ethereum/go-ethereum,325,referenced,2023-10-31T12:27:35Z,NA,tanishqjasoria,User,NA,2023-10-31
ethereum/go-ethereum,325,referenced,2024-06-17T17:07:53Z,NA,sduchesneau,User,NA,2024-06-17
ethereum/go-ethereum,325,referenced,2024-11-21T22:27:21Z,NA,luanxu-mch,User,NA,2024-11-21
ethereum/go-ethereum,327,labeled,2015-02-17T14:20:25Z,NA,fjl,User,NA,2015-02-17
ethereum/go-ethereum,327,committed,2015-02-17T14:21:39Z,NA,fjl,User,7ea131d4ffddaae15c697fe0d025ff431bacc01a,2015-02-17
ethereum/go-ethereum,327,head_ref_force_pushed,2015-02-17T14:21:48Z,NA,fjl,User,NA,2015-02-17
ethereum/go-ethereum,327,referenced,2015-02-17T15:22:41Z,NA,obscuren,User,NA,2015-02-17
ethereum/go-ethereum,327,merged,2015-02-17T15:22:41Z,NA,obscuren,User,NA,2015-02-17
ethereum/go-ethereum,327,closed,2015-02-17T15:22:41Z,NA,obscuren,User,NA,2015-02-17
ethereum/go-ethereum,327,unlabeled,2015-02-17T15:22:41Z,NA,obscuren,User,NA,2015-02-17
ethereum/go-ethereum,327,head_ref_deleted,2015-05-29T23:40:10Z,NA,fjl,User,NA,2015-05-29
ethereum/go-ethereum,327,referenced,2018-04-04T02:48:17Z,NA,jwasinger,User,NA,2018-04-04
ethereum/go-ethereum,327,referenced,2023-10-31T12:27:28Z,NA,tanishqjasoria,User,NA,2023-10-31
ethereum/go-ethereum,327,referenced,2024-06-17T17:07:53Z,NA,sduchesneau,User,NA,2024-06-17
ethereum/go-ethereum,335,committed,2015-02-17T16:37:26Z,NA,duckized,User,0e2f6691bfbbcc666c409be6b8657bd6ca475ddd,2015-02-17
ethereum/go-ethereum,335,commented,2015-02-17T22:19:19Z,CONTRIBUTOR,obscuren,User,NA,2015-02-17
ethereum/go-ethereum,335,committed,2015-02-18T09:25:40Z,NA,duckized,User,acd93c29711f18787ec3392751f57ffe08b5df28,2015-02-18
ethereum/go-ethereum,335,commented,2015-02-18T09:29:30Z,NONE,alexvandesande,User,NA,2015-02-18
ethereum/go-ethereum,335,cross-referenced,2015-02-18T13:51:28Z,NA,jorisbontje,User,NA,2015-02-18
ethereum/go-ethereum,335,referenced,2015-02-19T21:36:35Z,NA,obscuren,User,NA,2015-02-19
ethereum/go-ethereum,335,merged,2015-02-19T21:36:35Z,NA,obscuren,User,NA,2015-02-19
ethereum/go-ethereum,335,closed,2015-02-19T21:36:35Z,NA,obscuren,User,NA,2015-02-19
ethereum/go-ethereum,335,referenced,2022-01-20T19:04:42Z,NA,tony-ricciardi,User,NA,2022-01-20
ethereum/go-ethereum,335,referenced,2023-10-31T12:27:29Z,NA,tanishqjasoria,User,NA,2023-10-31
ethereum/go-ethereum,335,referenced,2024-02-02T17:10:36Z,NA,weiihann,User,NA,2024-02-02
ethereum/go-ethereum,335,referenced,2024-08-30T19:26:33Z,NA,sduchesneau,User,NA,2024-08-30
ethereum/go-ethereum,335,referenced,2024-12-26T19:36:11Z,NA,luanxu-mch,User,NA,2024-12-26
ethereum/go-ethereum,335,line-commented,2015-02-17T22:16:29Z,CONTRIBUTOR,obscuren,User,NA,2015-02-17
ethereum/go-ethereum,339,committed,2015-02-18T09:52:23Z,NA,tgerring,User,f499f343baefece18764135eb99af0c7e038ff5e,2015-02-18
ethereum/go-ethereum,339,committed,2015-02-18T09:52:36Z,NA,tgerring,User,07bdba687f4971641c4dadc526c634dfbe4177d8,2015-02-18
ethereum/go-ethereum,339,labeled,2015-02-18T09:54:06Z,NA,obscuren,User,NA,2015-02-18
ethereum/go-ethereum,339,referenced,2015-02-19T11:25:45Z,NA,tgerring,User,NA,2015-02-19
ethereum/go-ethereum,339,merged,2015-02-19T11:25:45Z,NA,tgerring,User,NA,2015-02-19
ethereum/go-ethereum,339,closed,2015-02-19T11:25:45Z,NA,tgerring,User,NA,2015-02-19
ethereum/go-ethereum,339,unlabeled,2015-02-19T11:25:58Z,NA,obscuren,User,NA,2015-02-19
ethereum/go-ethereum,339,referenced,2018-12-10T10:29:02Z,NA,ngtuna,User,NA,2018-12-10
ethereum/go-ethereum,339,referenced,2021-07-12T15:42:20Z,NA,AusIV,User,NA,2021-07-12
ethereum/go-ethereum,339,cross-referenced,2022-11-05T08:55:40Z,NA,AndreiShybin,User,NA,2022-11-05
ethereum/go-ethereum,339,cross-referenced,2022-12-26T05:35:47Z,NA,AndreiShybin,User,NA,2022-12-26
ethereum/go-ethereum,339,referenced,2024-09-24T07:34:10Z,NA,sduchesneau,User,NA,2024-09-24
ethereum/go-ethereum,339,referenced,2024-12-02T21:33:38Z,NA,s1na,User,NA,2024-12-02
ethereum/go-ethereum,339,referenced,2024-12-26T19:36:11Z,NA,luanxu-mch,User,NA,2024-12-26
ethereum/go-ethereum,351,committed,2015-02-18T18:52:42Z,NA,,,58154ed1d7c776c785d9a74c67b9b4cef6544de0,2015-02-18
ethereum/go-ethereum,351,committed,2015-02-18T18:53:52Z,NA,,,18a6d147c586371146379efbe0329ddd5d6de86c,2015-02-18
ethereum/go-ethereum,351,commented,2015-02-19T15:53:14Z,NONE,Gustav-Simonsson,User,NA,2015-02-19
ethereum/go-ethereum,351,commented,2015-02-19T21:40:06Z,CONTRIBUTOR,obscuren,User,NA,2015-02-19
ethereum/go-ethereum,351,closed,2015-02-20T13:34:05Z,NA,Gustav-Simonsson,User,NA,2015-02-20
ethereum/go-ethereum,351,referenced,2021-07-12T15:42:20Z,NA,AusIV,User,NA,2021-07-12
ethereum/go-ethereum,351,referenced,2022-01-20T19:04:43Z,NA,tony-ricciardi,User,NA,2022-01-20
ethereum/go-ethereum,351,referenced,2023-10-31T12:27:33Z,NA,tanishqjasoria,User,NA,2023-10-31
ethereum/go-ethereum,351,referenced,2024-02-02T17:10:38Z,NA,weiihann,User,NA,2024-02-02
ethereum/go-ethereum,351,referenced,2024-12-02T21:33:38Z,NA,s1na,User,NA,2024-12-02
ethereum/go-ethereum,344,committed,2015-02-18T22:16:55Z,NA,jaekwon,User,c04295ec4ddee39963253e67aa92a1f05c6f5512,2015-02-18
ethereum/go-ethereum,344,closed,2015-02-18T22:42:00Z,NA,jaekwon,User,NA,2015-02-18
ethereum/go-ethereum,344,head_ref_deleted,2015-02-18T22:42:07Z,NA,jaekwon,User,NA,2015-02-18
ethereum/go-ethereum,344,referenced,2018-12-12T07:12:13Z,NA,ngtuna,User,NA,2018-12-12
ethereum/go-ethereum,344,referenced,2022-01-20T19:04:43Z,NA,tony-ricciardi,User,NA,2022-01-20
ethereum/go-ethereum,344,referenced,2022-05-03T17:36:51Z,NA,maoueh,User,NA,2022-05-03
ethereum/go-ethereum,344,cross-referenced,2022-11-05T08:55:40Z,NA,AndreiShybin,User,NA,2022-11-05
ethereum/go-ethereum,344,cross-referenced,2022-12-26T05:35:47Z,NA,AndreiShybin,User,NA,2022-12-26
ethereum/go-ethereum,344,referenced,2023-10-31T12:27:30Z,NA,tanishqjasoria,User,NA,2023-10-31
ethereum/go-ethereum,344,referenced,2024-12-02T21:33:38Z,NA,s1na,User,NA,2024-12-02
ethereum/go-ethereum,344,referenced,2024-12-26T19:36:12Z,NA,luanxu-mch,User,NA,2024-12-26
ethereum/go-ethereum,401,committed,2015-02-19T00:23:30Z,NA,xcthulhu,User,beb46856f1de7854d24a22f9c1dffabda56f8378,2015-02-19
ethereum/go-ethereum,401,committed,2015-02-26T19:26:49Z,NA,obscuren,User,0fd6a22a867ab89cd23e9692e6f3544ce3383dca,2015-02-26
ethereum/go-ethereum,401,committed,2015-02-27T06:22:27Z,NA,xcthulhu,User,6976e3a08cce2f9f426bd1f57c366d10c70d68ad,2015-02-27
ethereum/go-ethereum,401,committed,2015-02-27T15:17:31Z,NA,xcthulhu,User,af7920241a262df4dcffeea2f17aa9aff5f63952,2015-02-27
ethereum/go-ethereum,401,commented,2015-02-28T20:10:14Z,CONTRIBUTOR,obscuren,User,NA,2015-02-28
ethereum/go-ethereum,401,closed,2015-02-28T20:10:14Z,NA,obscuren,User,NA,2015-02-28
ethereum/go-ethereum,401,commented,2015-02-28T20:14:28Z,CONTRIBUTOR,xcthulhu,User,NA,2015-02-28
ethereum/go-ethereum,401,commented,2015-02-28T20:31:08Z,NONE,Gustav-Simonsson,User,NA,2015-02-28
ethereum/go-ethereum,401,mentioned,2015-02-28T20:31:08Z,NA,xcthulhu,User,NA,2015-02-28
ethereum/go-ethereum,401,subscribed,2015-02-28T20:31:08Z,NA,xcthulhu,User,NA,2015-02-28
ethereum/go-ethereum,401,mentioned,2015-02-28T20:31:08Z,NA,vbuterin,User,NA,2015-02-28
ethereum/go-ethereum,401,subscribed,2015-02-28T20:31:08Z,NA,vbuterin,User,NA,2015-02-28
ethereum/go-ethereum,401,mentioned,2015-02-28T20:31:08Z,NA,gavofyork,User,NA,2015-02-28
ethereum/go-ethereum,401,subscribed,2015-02-28T20:31:08Z,NA,gavofyork,User,NA,2015-02-28
ethereum/go-ethereum,401,commented,2015-03-14T12:14:30Z,CONTRIBUTOR,xcthulhu,User,NA,2015-03-14
ethereum/go-ethereum,401,commented,2015-03-14T18:17:32Z,CONTRIBUTOR,obscuren,User,NA,2015-03-14
ethereum/go-ethereum,401,mentioned,2015-03-14T18:17:32Z,NA,xcthulhu,User,NA,2015-03-14
ethereum/go-ethereum,401,subscribed,2015-03-14T18:17:32Z,NA,xcthulhu,User,NA,2015-03-14
ethereum/go-ethereum,401,referenced,2023-10-31T12:27:36Z,NA,tanishqjasoria,User,NA,2023-10-31
ethereum/go-ethereum,401,referenced,2024-04-05T10:58:50Z,NA,tanishqjasoria,User,NA,2024-04-05
ethereum/go-ethereum,401,referenced,2024-12-02T21:33:44Z,NA,s1na,User,NA,2024-12-02
ethereum/go-ethereum,401,referenced,2025-02-10T21:33:14Z,NA,maoueh,User,NA,2025-02-10
ethereum/go-ethereum,401,referenced,2025-05-28T09:15:01Z,NA,thedevbirb,User,NA,2025-05-28
ethereum/go-ethereum,345,committed,2015-02-19T09:38:36Z,NA,,,5aff8bfb5918e53ba2590b25e6c17e1875870f6a,2015-02-19
ethereum/go-ethereum,345,commented,2015-02-19T09:46:29Z,CONTRIBUTOR,tgerring,User,NA,2015-02-19
ethereum/go-ethereum,345,commented,2015-02-19T11:26:23Z,CONTRIBUTOR,fjl,User,NA,2015-02-19
ethereum/go-ethereum,345,referenced,2015-02-19T21:37:13Z,NA,obscuren,User,NA,2015-02-19
ethereum/go-ethereum,345,merged,2015-02-19T21:37:13Z,NA,obscuren,User,NA,2015-02-19
ethereum/go-ethereum,345,closed,2015-02-19T21:37:13Z,NA,obscuren,User,NA,2015-02-19
ethereum/go-ethereum,345,referenced,2018-12-19T03:29:55Z,NA,ngtuna,User,NA,2018-12-19
ethereum/go-ethereum,345,referenced,2021-07-12T15:42:20Z,NA,AusIV,User,NA,2021-07-12
ethereum/go-ethereum,345,referenced,2022-01-20T19:04:43Z,NA,tony-ricciardi,User,NA,2022-01-20
ethereum/go-ethereum,345,cross-referenced,2022-11-05T08:55:40Z,NA,AndreiShybin,User,NA,2022-11-05
ethereum/go-ethereum,345,cross-referenced,2022-12-26T05:35:47Z,NA,AndreiShybin,User,NA,2022-12-26
ethereum/go-ethereum,345,referenced,2023-10-31T12:27:32Z,NA,tanishqjasoria,User,NA,2023-10-31
ethereum/go-ethereum,345,referenced,2024-10-01T12:08:32Z,NA,mralj,User,NA,2024-10-01
ethereum/go-ethereum,345,referenced,2024-12-02T21:33:38Z,NA,s1na,User,NA,2024-12-02
ethereum/go-ethereum,345,referenced,2024-12-26T19:36:12Z,NA,luanxu-mch,User,NA,2024-12-26
ethereum/go-ethereum,345,referenced,2025-01-07T21:08:20Z,NA,maoueh,User,NA,2025-01-07
ethereum/go-ethereum,346,committed,2015-02-19T09:55:56Z,NA,frozeman,User,b23e5b63f5cce6a35b903467fe8406f00b825f7b,2015-02-19
ethereum/go-ethereum,346,closed,2015-02-19T10:20:32Z,NA,frozeman,User,NA,2015-02-19
ethereum/go-ethereum,346,referenced,2018-04-04T21:44:50Z,NA,jwasinger,User,NA,2018-04-04
ethereum/go-ethereum,346,referenced,2022-01-20T19:04:43Z,NA,tony-ricciardi,User,NA,2022-01-20
ethereum/go-ethereum,346,cross-referenced,2022-11-05T08:55:40Z,NA,AndreiShybin,User,NA,2022-11-05
ethereum/go-ethereum,346,cross-referenced,2022-12-26T05:35:47Z,NA,AndreiShybin,User,NA,2022-12-26
ethereum/go-ethereum,346,referenced,2023-10-31T12:27:32Z,NA,tanishqjasoria,User,NA,2023-10-31
ethereum/go-ethereum,346,referenced,2024-02-06T22:43:24Z,NA,marioevz,User,NA,2024-02-06
ethereum/go-ethereum,346,referenced,2024-12-02T21:33:39Z,NA,s1na,User,NA,2024-12-02
ethereum/go-ethereum,346,referenced,2025-01-07T21:08:20Z,NA,maoueh,User,NA,2025-01-07
ethereum/go-ethereum,346,referenced,2025-05-28T09:14:50Z,NA,thedevbirb,User,NA,2025-05-28
ethereum/go-ethereum,354,committed,2015-02-19T10:44:26Z,NA,frozeman,User,4ce02e621bc590376840825a8d02b4f5bbb809d8,2015-02-19
ethereum/go-ethereum,354,committed,2015-02-19T10:53:20Z,NA,frozeman,User,4af2345f27e5977499737d54578438dec2ff0d11,2015-02-19
ethereum/go-ethereum,354,committed,2015-02-19T23:37:48Z,NA,frozeman,User,1358321874c97134ea0e63bb2330768f444aaa05,2015-02-19
ethereum/go-ethereum,354,committed,2015-02-19T23:43:07Z,NA,frozeman,User,dda91ab706b247e277c7049b263136cdd4d81d90,2015-02-19
ethereum/go-ethereum,354,commented,2015-02-20T09:10:06Z,MEMBER,maran,User,NA,2015-02-20
ethereum/go-ethereum,354,commented,2015-02-20T10:29:19Z,CONTRIBUTOR,obscuren,User,NA,2015-02-20
ethereum/go-ethereum,354,closed,2015-02-20T10:30:47Z,NA,obscuren,User,NA,2015-02-20
ethereum/go-ethereum,354,referenced,2018-04-04T21:44:50Z,NA,jwasinger,User,NA,2018-04-04
ethereum/go-ethereum,354,referenced,2022-01-20T19:04:46Z,NA,tony-ricciardi,User,NA,2022-01-20
ethereum/go-ethereum,354,referenced,2023-10-31T12:27:30Z,NA,tanishqjasoria,User,NA,2023-10-31
ethereum/go-ethereum,354,referenced,2024-02-02T17:10:38Z,NA,weiihann,User,NA,2024-02-02
ethereum/go-ethereum,354,referenced,2024-10-01T12:08:32Z,NA,mralj,User,NA,2024-10-01
ethereum/go-ethereum,354,referenced,2024-12-02T21:33:39Z,NA,s1na,User,NA,2024-12-02
ethereum/go-ethereum,347,committed,2015-02-19T10:44:26Z,NA,frozeman,User,4ce02e621bc590376840825a8d02b4f5bbb809d8,2015-02-19
ethereum/go-ethereum,347,committed,2015-02-19T10:53:20Z,NA,frozeman,User,4af2345f27e5977499737d54578438dec2ff0d11,2015-02-19
ethereum/go-ethereum,347,cross-referenced,2015-02-19T14:00:30Z,NA,frozeman,User,NA,2015-02-19
ethereum/go-ethereum,347,commented,2015-02-19T21:39:08Z,CONTRIBUTOR,obscuren,User,NA,2015-02-19
ethereum/go-ethereum,347,closed,2015-02-19T21:39:08Z,NA,obscuren,User,NA,2015-02-19
ethereum/go-ethereum,347,commented,2015-02-19T23:45:38Z,CONTRIBUTOR,frozeman,User,NA,2015-02-19
ethereum/go-ethereum,347,commented,2015-02-19T23:46:05Z,CONTRIBUTOR,frozeman,User,NA,2015-02-19
ethereum/go-ethereum,347,referenced,2018-04-22T22:12:40Z,NA,jpeletier,User,NA,2018-04-22
ethereum/go-ethereum,347,referenced,2021-07-12T15:42:19Z,NA,AusIV,User,NA,2021-07-12
ethereum/go-ethereum,347,referenced,2022-01-20T19:04:43Z,NA,tony-ricciardi,User,NA,2022-01-20
ethereum/go-ethereum,347,cross-referenced,2022-11-05T08:55:40Z,NA,AndreiShybin,User,NA,2022-11-05
ethereum/go-ethereum,347,cross-referenced,2022-12-26T05:35:47Z,NA,AndreiShybin,User,NA,2022-12-26
ethereum/go-ethereum,347,referenced,2023-10-31T12:27:29Z,NA,tanishqjasoria,User,NA,2023-10-31
ethereum/go-ethereum,347,referenced,2024-02-02T17:10:37Z,NA,weiihann,User,NA,2024-02-02
ethereum/go-ethereum,347,referenced,2024-12-26T19:36:12Z,NA,luanxu-mch,User,NA,2024-12-26
ethereum/go-ethereum,347,referenced,2025-01-07T21:08:20Z,NA,maoueh,User,NA,2025-01-07
ethereum/go-ethereum,353,committed,2015-02-19T12:21:37Z,NA,tgerring,User,dba4f3122e83a66edc1fa089c5d69f789b07a6b3,2015-02-19
ethereum/go-ethereum,353,labeled,2015-02-19T17:09:14Z,NA,obscuren,User,NA,2015-02-19
ethereum/go-ethereum,353,committed,2015-02-19T17:41:50Z,NA,tgerring,User,605dd3a9820bb74be883afe3cb0e462aca40b32d,2015-02-19
ethereum/go-ethereum,353,renamed,2015-02-19T17:42:33Z,NA,tgerring,User,NA,2015-02-19
ethereum/go-ethereum,353,committed,2015-02-19T17:58:15Z,NA,tgerring,User,a59cd94625f589bb167be7a9c4588ff959dcfc00,2015-02-19
ethereum/go-ethereum,353,merged,2015-02-20T14:18:41Z,NA,obscuren,User,NA,2015-02-20
ethereum/go-ethereum,353,closed,2015-02-20T14:18:41Z,NA,obscuren,User,NA,2015-02-20
ethereum/go-ethereum,353,unlabeled,2015-02-20T14:18:42Z,NA,obscuren,User,NA,2015-02-20
ethereum/go-ethereum,353,referenced,2018-04-04T02:48:17Z,NA,jwasinger,User,NA,2018-04-04
ethereum/go-ethereum,353,referenced,2023-10-31T12:27:30Z,NA,tanishqjasoria,User,NA,2023-10-31
ethereum/go-ethereum,353,referenced,2024-02-02T17:10:38Z,NA,weiihann,User,NA,2024-02-02
ethereum/go-ethereum,353,referenced,2024-09-24T07:34:10Z,NA,sduchesneau,User,NA,2024-09-24
ethereum/go-ethereum,353,referenced,2024-10-01T12:08:32Z,NA,mralj,User,NA,2024-10-01
ethereum/go-ethereum,353,referenced,2024-12-02T21:33:38Z,NA,s1na,User,NA,2024-12-02
ethereum/go-ethereum,353,referenced,2025-01-08T03:04:30Z,NA,jsvisa,User,NA,2025-01-08
ethereum/go-ethereum,352,committed,2015-02-19T15:54:53Z,NA,fjl,User,73f94f37559ca0c8739c7dddeaf46d36827fdf30,2015-02-19
ethereum/go-ethereum,352,committed,2015-02-19T15:54:53Z,NA,fjl,User,1ec6190e866eeefd91ea82b31da9f94753685a4a,2015-02-19
ethereum/go-ethereum,352,committed,2015-02-19T15:54:54Z,NA,fjl,User,3dbd32093cd1060c339b3351fbb676b8c7cc31f0,2015-02-19
ethereum/go-ethereum,352,committed,2015-02-19T16:08:18Z,NA,fjl,User,dd871e791cdd2aefd001f6c3a11ac9378dde0bf5,2015-02-19
ethereum/go-ethereum,352,committed,2015-02-19T16:09:13Z,NA,fjl,User,fa15854a54d1d4505619aa3b3deabb50cd8ca881,2015-02-19
ethereum/go-ethereum,352,committed,2015-02-19T16:09:33Z,NA,fjl,User,3719db352a3de1c7daece71895abdd871616a2aa,2015-02-19
ethereum/go-ethereum,352,labeled,2015-02-19T16:12:31Z,NA,fjl,User,NA,2015-02-19
ethereum/go-ethereum,352,cross-referenced,2015-02-19T21:21:28Z,NA,fjl,User,NA,2015-02-19
ethereum/go-ethereum,352,referenced,2015-02-19T21:46:07Z,NA,obscuren,User,NA,2015-02-19
ethereum/go-ethereum,352,merged,2015-02-19T21:46:07Z,NA,obscuren,User,NA,2015-02-19
ethereum/go-ethereum,352,closed,2015-02-19T21:46:07Z,NA,obscuren,User,NA,2015-02-19
ethereum/go-ethereum,352,unlabeled,2015-02-19T21:46:09Z,NA,obscuren,User,NA,2015-02-19
ethereum/go-ethereum,352,head_ref_deleted,2015-05-29T23:40:11Z,NA,fjl,User,NA,2015-05-29
ethereum/go-ethereum,352,referenced,2021-07-12T15:42:20Z,NA,AusIV,User,NA,2021-07-12
ethereum/go-ethereum,352,referenced,2024-02-02T17:10:38Z,NA,weiihann,User,NA,2024-02-02
ethereum/go-ethereum,352,referenced,2024-12-02T21:33:38Z,NA,s1na,User,NA,2024-12-02
ethereum/go-ethereum,352,referenced,2025-05-02T22:51:01Z,NA,maoueh,User,NA,2025-05-02
ethereum/go-ethereum,355,committed,2015-02-20T10:40:20Z,NA,fjl,User,81dea2d8e796b60ca9325bd2a3e502b71e25e6cc,2015-02-20
ethereum/go-ethereum,355,committed,2015-02-20T10:40:58Z,NA,fjl,User,4ab7a290cdc6495a7ebcea9384cdc6622f2fd000,2015-02-20
ethereum/go-ethereum,355,committed,2015-02-20T10:40:58Z,NA,fjl,User,01ce066d4307e6e8cab815eab9295a0b259130b9,2015-02-20
ethereum/go-ethereum,355,committed,2015-02-20T10:40:58Z,NA,fjl,User,b3b6210886abd0962f97add91c081ac732639102,2015-02-20
ethereum/go-ethereum,355,labeled,2015-02-20T10:46:39Z,NA,fjl,User,NA,2015-02-20
ethereum/go-ethereum,355,committed,2015-02-20T10:55:26Z,NA,fjl,User,66abe2e3d43c1004630c0c2f52a7f427bd51293b,2015-02-20
ethereum/go-ethereum,355,renamed,2015-02-20T11:08:13Z,NA,fjl,User,NA,2015-02-20
ethereum/go-ethereum,355,renamed,2015-02-20T11:08:17Z,NA,fjl,User,NA,2015-02-20
ethereum/go-ethereum,355,committed,2015-02-20T11:18:29Z,NA,fjl,User,654f7f707c9bd327fcbf0dcb89715a5930f915eb,2015-02-20
ethereum/go-ethereum,355,committed,2015-02-20T11:21:05Z,NA,fjl,User,3b12a9293c35fd336122d9387ab6bc9b67d2803a,2015-02-20
ethereum/go-ethereum,355,head_ref_force_pushed,2015-02-20T11:22:24Z,NA,fjl,User,NA,2015-02-20
ethereum/go-ethereum,355,referenced,2015-02-20T12:00:10Z,NA,obscuren,User,NA,2015-02-20
ethereum/go-ethereum,355,merged,2015-02-20T12:00:10Z,NA,obscuren,User,NA,2015-02-20
ethereum/go-ethereum,355,closed,2015-02-20T12:00:10Z,NA,obscuren,User,NA,2015-02-20
ethereum/go-ethereum,355,unlabeled,2015-02-20T12:00:11Z,NA,obscuren,User,NA,2015-02-20
ethereum/go-ethereum,355,head_ref_deleted,2015-02-20T13:17:07Z,NA,fjl,User,NA,2015-02-20
ethereum/go-ethereum,355,referenced,2021-07-12T15:42:21Z,NA,AusIV,User,NA,2021-07-12
ethereum/go-ethereum,355,referenced,2021-08-20T20:15:55Z,NA,maoueh,User,NA,2021-08-20
ethereum/go-ethereum,355,referenced,2024-02-02T17:10:38Z,NA,weiihann,User,NA,2024-02-02
ethereum/go-ethereum,355,referenced,2024-10-01T12:08:33Z,NA,mralj,User,NA,2024-10-01
ethereum/go-ethereum,355,referenced,2024-12-02T21:33:39Z,NA,s1na,User,NA,2024-12-02
ethereum/go-ethereum,355,referenced,2025-01-07T21:08:20Z,NA,maoueh,User,NA,2025-01-07
ethereum/go-ethereum,355,referenced,2025-01-08T03:04:30Z,NA,jsvisa,User,NA,2025-01-08
ethereum/go-ethereum,359,committed,2015-02-20T14:24:43Z,NA,fjl,User,e282ad25a83e93f7a5ac085e3580ee9051daad10,2015-02-20
ethereum/go-ethereum,359,committed,2015-02-20T14:26:50Z,NA,fjl,User,e968928613a5d49ad67e921a52883268d4ad74d1,2015-02-20
ethereum/go-ethereum,359,labeled,2015-02-21T08:08:50Z,NA,fjl,User,NA,2015-02-21
ethereum/go-ethereum,359,referenced,2015-02-22T12:27:53Z,NA,obscuren,User,NA,2015-02-22
ethereum/go-ethereum,359,merged,2015-02-22T12:27:53Z,NA,obscuren,User,NA,2015-02-22
ethereum/go-ethereum,359,closed,2015-02-22T12:27:53Z,NA,obscuren,User,NA,2015-02-22
ethereum/go-ethereum,359,unlabeled,2015-02-22T12:27:54Z,NA,obscuren,User,NA,2015-02-22
ethereum/go-ethereum,359,head_ref_deleted,2015-05-29T23:40:12Z,NA,fjl,User,NA,2015-05-29
ethereum/go-ethereum,359,referenced,2018-12-25T15:24:26Z,NA,ngtuna,User,NA,2018-12-25
ethereum/go-ethereum,359,referenced,2022-05-03T17:36:51Z,NA,maoueh,User,NA,2022-05-03
ethereum/go-ethereum,359,referenced,2023-10-31T12:27:33Z,NA,tanishqjasoria,User,NA,2023-10-31
ethereum/go-ethereum,359,referenced,2024-03-13T07:31:19Z,NA,weiihann,User,NA,2024-03-13
ethereum/go-ethereum,359,referenced,2024-09-24T07:34:10Z,NA,sduchesneau,User,NA,2024-09-24
ethereum/go-ethereum,359,referenced,2024-10-01T12:08:33Z,NA,mralj,User,NA,2024-10-01
ethereum/go-ethereum,359,referenced,2025-01-08T03:04:30Z,NA,jsvisa,User,NA,2025-01-08
ethereum/go-ethereum,360,committed,2015-02-21T04:34:02Z,NA,,,fd3793b8cf04e2ca78b9c0a01844a09aa25b91e9,2015-02-21
ethereum/go-ethereum,360,cross-referenced,2015-02-21T12:51:38Z,NA,Gustav-Simonsson,User,NA,2015-02-21
ethereum/go-ethereum,360,referenced,2015-02-22T12:28:50Z,NA,obscuren,User,NA,2015-02-22
ethereum/go-ethereum,360,merged,2015-02-22T12:28:50Z,NA,obscuren,User,NA,2015-02-22
ethereum/go-ethereum,360,closed,2015-02-22T12:28:50Z,NA,obscuren,User,NA,2015-02-22
ethereum/go-ethereum,360,referenced,2018-12-25T15:24:26Z,NA,ngtuna,User,NA,2018-12-25
ethereum/go-ethereum,360,referenced,2021-08-20T20:15:55Z,NA,maoueh,User,NA,2021-08-20
ethereum/go-ethereum,360,referenced,2023-10-31T12:27:32Z,NA,tanishqjasoria,User,NA,2023-10-31
ethereum/go-ethereum,360,referenced,2024-10-02T07:24:51Z,NA,mralj,User,NA,2024-10-02
ethereum/go-ethereum,360,referenced,2025-01-08T03:04:30Z,NA,jsvisa,User,NA,2025-01-08
ethereum/go-ethereum,364,committed,2015-02-21T12:48:09Z,NA,tgerring,User,d8f7cb2f55e7e8cf1c831b65e8962bb0bdd2599e,2015-02-21
ethereum/go-ethereum,364,labeled,2015-02-21T12:54:00Z,NA,obscuren,User,NA,2015-02-21
ethereum/go-ethereum,364,commented,2015-02-21T12:59:23Z,NONE,coveralls,User,NA,2015-02-21
ethereum/go-ethereum,364,referenced,2015-02-21T12:59:34Z,NA,tgerring,User,NA,2015-02-21
ethereum/go-ethereum,364,merged,2015-02-21T12:59:34Z,NA,tgerring,User,NA,2015-02-21
ethereum/go-ethereum,364,closed,2015-02-21T12:59:34Z,NA,tgerring,User,NA,2015-02-21
ethereum/go-ethereum,364,unlabeled,2015-02-21T12:59:35Z,NA,obscuren,User,NA,2015-02-21
ethereum/go-ethereum,364,referenced,2024-02-13T21:17:54Z,NA,marioevz,User,NA,2024-02-13
ethereum/go-ethereum,364,referenced,2024-10-01T12:08:33Z,NA,mralj,User,NA,2024-10-01
ethereum/go-ethereum,364,referenced,2025-01-07T21:08:20Z,NA,maoueh,User,NA,2025-01-07
ethereum/go-ethereum,368,committed,2015-02-23T10:28:20Z,NA,,,40adb7feb657cd1cb2e4c7a02c8a9db95b18e67c,2015-02-23
ethereum/go-ethereum,368,cross-referenced,2015-02-23T15:46:20Z,NA,tgerring,User,NA,2015-02-23
ethereum/go-ethereum,368,cross-referenced,2015-02-23T20:15:02Z,NA,tgerring,User,NA,2015-02-23
ethereum/go-ethereum,368,referenced,2015-02-24T16:30:44Z,NA,obscuren,User,NA,2015-02-24
ethereum/go-ethereum,368,merged,2015-02-24T16:30:44Z,NA,obscuren,User,NA,2015-02-24
ethereum/go-ethereum,368,closed,2015-02-24T16:30:44Z,NA,obscuren,User,NA,2015-02-24
ethereum/go-ethereum,368,cross-referenced,2015-02-25T21:06:24Z,NA,tgerring,User,NA,2015-02-25
ethereum/go-ethereum,368,referenced,2018-12-29T06:21:34Z,NA,ngtuna,User,NA,2018-12-29
ethereum/go-ethereum,368,referenced,2022-05-03T17:36:51Z,NA,maoueh,User,NA,2022-05-03
ethereum/go-ethereum,368,referenced,2022-06-13T17:06:58Z,NA,maoueh,User,NA,2022-06-13
ethereum/go-ethereum,368,cross-referenced,2022-11-05T08:55:40Z,NA,AndreiShybin,User,NA,2022-11-05
ethereum/go-ethereum,368,referenced,2022-12-09T20:00:47Z,NA,maoueh,User,NA,2022-12-09
ethereum/go-ethereum,368,cross-referenced,2022-12-26T05:35:47Z,NA,AndreiShybin,User,NA,2022-12-26
ethereum/go-ethereum,368,referenced,2023-10-31T12:27:33Z,NA,tanishqjasoria,User,NA,2023-10-31
ethereum/go-ethereum,368,referenced,2024-10-01T12:08:33Z,NA,mralj,User,NA,2024-10-01
ethereum/go-ethereum,368,referenced,2024-12-02T21:33:40Z,NA,s1na,User,NA,2024-12-02
ethereum/go-ethereum,369,committed,2015-02-23T10:54:23Z,NA,tgerring,User,6fd894aae00c8c0f9f33eae7353dd9afd97f4fa1,2015-02-23
ethereum/go-ethereum,369,labeled,2015-02-23T11:02:34Z,NA,obscuren,User,NA,2015-02-23
ethereum/go-ethereum,369,renamed,2015-02-23T11:04:13Z,NA,tgerring,User,NA,2015-02-23
ethereum/go-ethereum,369,commented,2015-02-23T11:05:49Z,CONTRIBUTOR,tgerring,User,NA,2015-02-23
ethereum/go-ethereum,369,labeled,2015-02-23T15:11:14Z,NA,tgerring,User,NA,2015-02-23
ethereum/go-ethereum,369,unlabeled,2015-02-23T15:11:14Z,NA,tgerring,User,NA,2015-02-23
ethereum/go-ethereum,369,referenced,2015-02-24T16:29:08Z,NA,obscuren,User,NA,2015-02-24
ethereum/go-ethereum,369,merged,2015-02-24T16:29:08Z,NA,obscuren,User,NA,2015-02-24
ethereum/go-ethereum,369,closed,2015-02-24T16:29:08Z,NA,obscuren,User,NA,2015-02-24
ethereum/go-ethereum,369,unlabeled,2015-02-24T16:29:09Z,NA,obscuren,User,NA,2015-02-24
ethereum/go-ethereum,369,cross-referenced,2015-02-24T16:53:15Z,NA,tgerring,User,NA,2015-02-24
ethereum/go-ethereum,369,cross-referenced,2022-11-05T08:55:40Z,NA,AndreiShybin,User,NA,2022-11-05
ethereum/go-ethereum,369,cross-referenced,2022-12-26T05:35:47Z,NA,AndreiShybin,User,NA,2022-12-26
ethereum/go-ethereum,369,referenced,2023-10-31T12:27:35Z,NA,tanishqjasoria,User,NA,2023-10-31
ethereum/go-ethereum,369,referenced,2024-03-13T07:31:20Z,NA,weiihann,User,NA,2024-03-13
ethereum/go-ethereum,369,referenced,2024-10-01T12:08:34Z,NA,mralj,User,NA,2024-10-01
ethereum/go-ethereum,369,referenced,2024-12-02T21:33:40Z,NA,s1na,User,NA,2024-12-02
ethereum/go-ethereum,369,referenced,2025-02-10T21:33:15Z,NA,maoueh,User,NA,2025-02-10
ethereum/go-ethereum,423,committed,2015-02-23T11:52:50Z,NA,duckized,User,bb3338df6363d8267a24190584f0908463241a6c,2015-02-23
ethereum/go-ethereum,423,committed,2015-02-23T12:05:15Z,NA,duckized,User,dea65840186fe861017524c9cb59ae07ac97ed06,2015-02-23
ethereum/go-ethereum,423,committed,2015-03-02T21:39:07Z,NA,duckized,User,21c373b55dc8543fb97ebf3c66128506d4f74d0a,2015-03-02
ethereum/go-ethereum,423,committed,2015-03-03T18:00:34Z,NA,duckized,User,8c2940a98b8dc2163b8baea367680e1d9e249365,2015-03-03
ethereum/go-ethereum,423,committed,2015-03-04T13:02:11Z,NA,duckized,User,cf880f78d5e85d563654ac8277c1d51bf8c382c2,2015-03-04
ethereum/go-ethereum,423,committed,2015-03-04T13:04:07Z,NA,duckized,User,5f25c117eb6a1145b18fc13ebc03e4dc570b908e,2015-03-04
ethereum/go-ethereum,423,committed,2015-03-04T15:59:17Z,NA,duckized,User,e1bae3771ede3696a271ec15bb1958a22c2710f2,2015-03-04
ethereum/go-ethereum,423,committed,2015-03-04T18:13:57Z,NA,duckized,User,671e38fb65252afee9f1451f42f9d25fe497ac01,2015-03-04
ethereum/go-ethereum,423,committed,2015-03-04T19:31:48Z,NA,duckized,User,178798ef871a58a7ada2bbc54a80953f104fd6b0,2015-03-04
ethereum/go-ethereum,423,merged,2015-03-05T16:40:48Z,NA,obscuren,User,NA,2015-03-05
ethereum/go-ethereum,423,closed,2015-03-05T16:40:48Z,NA,obscuren,User,NA,2015-03-05
ethereum/go-ethereum,423,referenced,2022-01-18T19:13:05Z,NA,AusIV,User,NA,2022-01-18
ethereum/go-ethereum,423,referenced,2022-01-20T19:04:46Z,NA,tony-ricciardi,User,NA,2022-01-20
ethereum/go-ethereum,423,referenced,2023-10-31T12:27:37Z,NA,tanishqjasoria,User,NA,2023-10-31
ethereum/go-ethereum,423,referenced,2024-05-13T08:25:22Z,NA,spencer-tb,User,NA,2024-05-13
ethereum/go-ethereum,423,referenced,2024-11-18T12:14:44Z,NA,mralj,User,NA,2024-11-18
ethereum/go-ethereum,423,referenced,2024-12-02T21:33:45Z,NA,s1na,User,NA,2024-12-02
ethereum/go-ethereum,423,referenced,2025-05-02T22:51:00Z,NA,maoueh,User,NA,2025-05-02
ethereum/go-ethereum,423,referenced,2025-05-28T09:15:02Z,NA,thedevbirb,User,NA,2025-05-28
ethereum/go-ethereum,371,committed,2015-02-23T20:33:31Z,NA,jaekwon,User,5b8321225a1aa3f54d94e66400003be098151c53,2015-02-23
ethereum/go-ethereum,371,cross-referenced,2015-02-24T17:06:36Z,NA,Gustav-Simonsson,User,NA,2015-02-24
ethereum/go-ethereum,371,closed,2015-02-24T20:58:26Z,NA,obscuren,User,NA,2015-02-24
ethereum/go-ethereum,371,referenced,2019-01-03T09:41:26Z,NA,ngtuna,User,NA,2019-01-03
ethereum/go-ethereum,371,referenced,2022-01-20T19:04:44Z,NA,tony-ricciardi,User,NA,2022-01-20
ethereum/go-ethereum,371,referenced,2023-10-31T12:27:33Z,NA,tanishqjasoria,User,NA,2023-10-31
ethereum/go-ethereum,371,referenced,2024-10-01T12:08:34Z,NA,mralj,User,NA,2024-10-01
ethereum/go-ethereum,371,referenced,2024-12-02T21:33:39Z,NA,s1na,User,NA,2024-12-02
ethereum/go-ethereum,371,referenced,2025-01-07T21:08:20Z,NA,maoueh,User,NA,2025-01-07
ethereum/go-ethereum,372,committed,2015-02-23T20:48:22Z,NA,,,193e20c8fe6337198e40ed21216928be2be21484,2015-02-23
ethereum/go-ethereum,372,closed,2015-02-23T23:27:22Z,NA,Gustav-Simonsson,User,NA,2015-02-23
ethereum/go-ethereum,372,referenced,2022-01-20T19:04:44Z,NA,tony-ricciardi,User,NA,2022-01-20
ethereum/go-ethereum,372,referenced,2023-10-31T12:27:33Z,NA,tanishqjasoria,User,NA,2023-10-31
ethereum/go-ethereum,372,referenced,2024-11-18T12:14:43Z,NA,mralj,User,NA,2024-11-18
ethereum/go-ethereum,372,referenced,2024-12-02T21:33:40Z,NA,s1na,User,NA,2024-12-02
ethereum/go-ethereum,372,referenced,2025-02-07T18:55:46Z,NA,maoueh,User,NA,2025-02-07
ethereum/go-ethereum,373,committed,2015-02-24T07:51:58Z,NA,tgerring,User,4142708d9d30a38c3071b895b2c42f8723830fb1,2015-02-24
ethereum/go-ethereum,373,labeled,2015-02-24T07:53:10Z,NA,obscuren,User,NA,2015-02-24
ethereum/go-ethereum,373,commented,2015-02-24T14:55:03Z,CONTRIBUTOR,frozeman,User,NA,2015-02-24
ethereum/go-ethereum,373,committed,2015-02-24T15:46:43Z,NA,tgerring,User,2a7ca69a8260b887a309e1c43a74b4e644c391fa,2015-02-24
ethereum/go-ethereum,373,commented,2015-02-24T15:47:44Z,CONTRIBUTOR,tgerring,User,NA,2015-02-24
ethereum/go-ethereum,373,mentioned,2015-02-24T15:47:44Z,NA,frozeman,User,NA,2015-02-24
ethereum/go-ethereum,373,subscribed,2015-02-24T15:47:44Z,NA,frozeman,User,NA,2015-02-24
ethereum/go-ethereum,373,committed,2015-02-24T16:32:11Z,NA,tgerring,User,1e919a5e977f81b746568e50604b63d1dd393a6b,2015-02-24
ethereum/go-ethereum,373,referenced,2015-02-24T16:49:14Z,NA,tgerring,User,NA,2015-02-24
ethereum/go-ethereum,373,merged,2015-02-24T16:49:14Z,NA,tgerring,User,NA,2015-02-24
ethereum/go-ethereum,373,closed,2015-02-24T16:49:14Z,NA,tgerring,User,NA,2015-02-24
ethereum/go-ethereum,373,unlabeled,2015-02-24T16:49:15Z,NA,obscuren,User,NA,2015-02-24
ethereum/go-ethereum,373,commented,2015-02-24T16:58:21Z,CONTRIBUTOR,obscuren,User,NA,2015-02-24
ethereum/go-ethereum,373,referenced,2021-07-12T15:42:23Z,NA,AusIV,User,NA,2021-07-12
ethereum/go-ethereum,373,referenced,2022-06-13T17:06:58Z,NA,maoueh,User,NA,2022-06-13
ethereum/go-ethereum,373,referenced,2023-10-31T12:27:33Z,NA,tanishqjasoria,User,NA,2023-10-31
ethereum/go-ethereum,373,referenced,2024-10-01T12:08:34Z,NA,mralj,User,NA,2024-10-01
ethereum/go-ethereum,373,referenced,2024-12-02T21:33:40Z,NA,s1na,User,NA,2024-12-02
ethereum/go-ethereum,373,referenced,2025-09-19T19:12:16Z,NA,maoueh,User,NA,2025-09-19
ethereum/go-ethereum,373,line-commented,2015-02-24T16:28:24Z,CONTRIBUTOR,obscuren,User,NA,2015-02-24
ethereum/go-ethereum,376,committed,2015-02-24T15:18:27Z,NA,frozeman,User,3fcdafebc262f42bfa80fcffdeb322c37f6eacf3,2015-02-24
ethereum/go-ethereum,376,referenced,2015-02-24T16:27:14Z,NA,obscuren,User,NA,2015-02-24
ethereum/go-ethereum,376,merged,2015-02-24T16:27:14Z,NA,obscuren,User,NA,2015-02-24
ethereum/go-ethereum,376,closed,2015-02-24T16:27:14Z,NA,obscuren,User,NA,2015-02-24
ethereum/go-ethereum,376,referenced,2018-04-22T22:12:40Z,NA,jpeletier,User,NA,2018-04-22
ethereum/go-ethereum,376,referenced,2021-11-12T05:43:04Z,NA,maoueh,User,NA,2021-11-12
ethereum/go-ethereum,376,referenced,2023-10-31T12:27:34Z,NA,tanishqjasoria,User,NA,2023-10-31
ethereum/go-ethereum,376,referenced,2025-02-07T18:55:45Z,NA,maoueh,User,NA,2025-02-07
ethereum/go-ethereum,376,referenced,2025-05-28T09:15:00Z,NA,thedevbirb,User,NA,2025-05-28
ethereum/go-ethereum,378,committed,2015-02-24T17:05:10Z,NA,,,923950ccaaa4f9c1c0cebfbdd99fb0f16c47fd37,2015-02-24
ethereum/go-ethereum,378,head_ref_force_pushed,2015-02-24T17:05:25Z,NA,Gustav-Simonsson,User,NA,2015-02-24
ethereum/go-ethereum,378,commented,2015-02-24T17:06:36Z,NONE,Gustav-Simonsson,User,NA,2015-02-24
ethereum/go-ethereum,378,referenced,2015-02-24T20:58:42Z,NA,obscuren,User,NA,2015-02-24
ethereum/go-ethereum,378,merged,2015-02-24T20:58:42Z,NA,obscuren,User,NA,2015-02-24
ethereum/go-ethereum,378,closed,2015-02-24T20:58:42Z,NA,obscuren,User,NA,2015-02-24
ethereum/go-ethereum,378,referenced,2019-01-03T09:41:26Z,NA,ngtuna,User,NA,2019-01-03
ethereum/go-ethereum,378,referenced,2021-07-12T15:42:23Z,NA,AusIV,User,NA,2021-07-12
ethereum/go-ethereum,378,referenced,2022-01-20T19:04:44Z,NA,tony-ricciardi,User,NA,2022-01-20
ethereum/go-ethereum,378,referenced,2024-03-13T07:31:20Z,NA,weiihann,User,NA,2024-03-13
ethereum/go-ethereum,378,referenced,2025-05-02T22:50:58Z,NA,maoueh,User,NA,2025-05-02
ethereum/go-ethereum,378,referenced,2025-05-28T09:14:50Z,NA,thedevbirb,User,NA,2025-05-28
ethereum/go-ethereum,379,committed,2015-02-24T18:05:03Z,NA,tgerring,User,21becb0febdf11132a40ff69c6145d9babf8458d,2015-02-24
ethereum/go-ethereum,379,committed,2015-02-24T18:11:01Z,NA,tgerring,User,43acad81b3fbee608bf19e6ba32ba27b98d9a7ff,2015-02-24
ethereum/go-ethereum,379,labeled,2015-02-24T18:12:24Z,NA,obscuren,User,NA,2015-02-24
ethereum/go-ethereum,379,committed,2015-02-24T18:22:08Z,NA,tgerring,User,c8e9abff53d869f74211e157abcb2827d181e106,2015-02-24
ethereum/go-ethereum,379,committed,2015-02-24T18:54:18Z,NA,tgerring,User,2e3a6e2559d02ba90957eaf333e571dec935e00a,2015-02-24
ethereum/go-ethereum,379,labeled,2015-02-24T19:06:08Z,NA,tgerring,User,NA,2015-02-24
ethereum/go-ethereum,379,unlabeled,2015-02-24T19:06:08Z,NA,tgerring,User,NA,2015-02-24
ethereum/go-ethereum,379,referenced,2015-02-24T21:00:39Z,NA,obscuren,User,NA,2015-02-24
ethereum/go-ethereum,379,merged,2015-02-24T21:00:39Z,NA,obscuren,User,NA,2015-02-24
ethereum/go-ethereum,379,closed,2015-02-24T21:00:39Z,NA,obscuren,User,NA,2015-02-24
ethereum/go-ethereum,379,unlabeled,2015-02-24T21:00:40Z,NA,obscuren,User,NA,2015-02-24
ethereum/go-ethereum,379,referenced,2018-04-22T22:12:40Z,NA,jpeletier,User,NA,2018-04-22
ethereum/go-ethereum,379,referenced,2019-01-03T09:41:26Z,NA,ngtuna,User,NA,2019-01-03
ethereum/go-ethereum,379,referenced,2021-07-12T15:42:23Z,NA,AusIV,User,NA,2021-07-12
ethereum/go-ethereum,379,referenced,2021-08-25T02:54:28Z,NA,maoueh,User,NA,2021-08-25
ethereum/go-ethereum,379,referenced,2022-01-20T19:04:44Z,NA,tony-ricciardi,User,NA,2022-01-20
ethereum/go-ethereum,379,referenced,2023-10-31T12:27:35Z,NA,tanishqjasoria,User,NA,2023-10-31
ethereum/go-ethereum,379,referenced,2024-02-14T22:07:41Z,NA,marioevz,User,NA,2024-02-14
ethereum/go-ethereum,379,referenced,2024-12-02T21:33:40Z,NA,s1na,User,NA,2024-12-02
ethereum/go-ethereum,379,referenced,2025-01-07T21:08:20Z,NA,maoueh,User,NA,2025-01-07
ethereum/go-ethereum,379,referenced,2025-05-28T09:14:50Z,NA,thedevbirb,User,NA,2025-05-28
ethereum/go-ethereum,392,committed,2015-02-25T08:57:49Z,NA,tgerring,User,9e0ab22dd01d677a853f1af2c865f8654081ca26,2015-02-25
ethereum/go-ethereum,392,labeled,2015-02-26T09:58:07Z,NA,obscuren,User,NA,2015-02-26
ethereum/go-ethereum,392,referenced,2015-02-26T10:14:33Z,NA,obscuren,User,NA,2015-02-26
ethereum/go-ethereum,392,merged,2015-02-26T10:14:33Z,NA,obscuren,User,NA,2015-02-26
ethereum/go-ethereum,392,closed,2015-02-26T10:14:33Z,NA,obscuren,User,NA,2015-02-26
ethereum/go-ethereum,392,unlabeled,2015-02-26T10:14:34Z,NA,obscuren,User,NA,2015-02-26
ethereum/go-ethereum,392,referenced,2019-01-09T08:08:06Z,NA,ngtuna,User,NA,2019-01-09
ethereum/go-ethereum,392,referenced,2021-07-13T16:22:11Z,NA,AusIV,User,NA,2021-07-13
ethereum/go-ethereum,392,referenced,2022-06-13T17:06:58Z,NA,maoueh,User,NA,2022-06-13
ethereum/go-ethereum,392,referenced,2024-12-02T21:33:42Z,NA,s1na,User,NA,2024-12-02
ethereum/go-ethereum,382,committed,2015-02-25T10:40:52Z,NA,tgerring,User,ce2b2422d6efe9d8c4744a83bab8d80d9e94128d,2015-02-25
ethereum/go-ethereum,382,labeled,2015-02-25T11:52:31Z,NA,obscuren,User,NA,2015-02-25
ethereum/go-ethereum,382,referenced,2015-02-25T12:00:35Z,NA,tgerring,User,NA,2015-02-25
ethereum/go-ethereum,382,merged,2015-02-25T12:00:35Z,NA,tgerring,User,NA,2015-02-25
ethereum/go-ethereum,382,closed,2015-02-25T12:00:35Z,NA,tgerring,User,NA,2015-02-25
ethereum/go-ethereum,382,unlabeled,2015-02-25T12:00:36Z,NA,obscuren,User,NA,2015-02-25
ethereum/go-ethereum,382,head_ref_deleted,2015-06-28T11:15:57Z,NA,tgerring,User,NA,2015-06-28
ethereum/go-ethereum,382,referenced,2024-12-02T21:33:41Z,NA,s1na,User,NA,2024-12-02
ethereum/go-ethereum,382,referenced,2025-05-02T22:50:56Z,NA,maoueh,User,NA,2025-05-02
ethereum/go-ethereum,382,referenced,2025-05-28T09:14:50Z,NA,thedevbirb,User,NA,2025-05-28
ethereum/go-ethereum,383,committed,2015-02-25T12:21:59Z,NA,zelig,User,d46c7bcaf9268a191f0156d36abf394df5374795,2015-02-25
ethereum/go-ethereum,383,committed,2015-02-25T12:34:12Z,NA,zelig,User,422490d75cf9a2406430f2d7c0d7dd77ede18f7c,2015-02-25
ethereum/go-ethereum,383,committed,2015-02-25T13:04:51Z,NA,zelig,User,cdc86965cb38335b97d0bef337e0a53ed7c7f7e3,2015-02-25
ethereum/go-ethereum,383,labeled,2015-02-25T13:12:43Z,NA,zelig,User,NA,2015-02-25
ethereum/go-ethereum,383,committed,2015-02-25T13:38:37Z,NA,zelig,User,16ecda951b767800b4e09ad8e86e0866b05136be,2015-02-25
ethereum/go-ethereum,383,head_ref_force_pushed,2015-02-25T13:39:58Z,NA,zelig,User,NA,2015-02-25
ethereum/go-ethereum,383,commented,2015-02-28T20:04:23Z,CONTRIBUTOR,obscuren,User,NA,2015-02-28
ethereum/go-ethereum,383,committed,2015-03-02T17:43:12Z,NA,zelig,User,a60a18b080197cad836f18f9d093bba3bcb6cef8,2015-03-02
ethereum/go-ethereum,383,committed,2015-03-02T19:13:41Z,NA,zelig,User,af6971f823431e091142dc81f1b252f681d086cf,2015-03-02
ethereum/go-ethereum,383,committed,2015-03-02T20:39:21Z,NA,zelig,User,47278a6e4eb4b8dc02ff322ba24c9c225267ffe5,2015-03-02
ethereum/go-ethereum,383,committed,2015-03-03T19:06:15Z,NA,zelig,User,2c616bd2795974877b0d3e23e99f6eff9e775218,2015-03-03
ethereum/go-ethereum,383,committed,2015-03-05T18:33:57Z,NA,zelig,User,9067b2848a44d7a58ab794accfebd697207f26c7,2015-03-05
ethereum/go-ethereum,383,merged,2015-03-10T00:22:47Z,NA,obscuren,User,NA,2015-03-10
ethereum/go-ethereum,383,closed,2015-03-10T00:22:47Z,NA,obscuren,User,NA,2015-03-10
ethereum/go-ethereum,383,unlabeled,2015-03-10T00:22:49Z,NA,obscuren,User,NA,2015-03-10
ethereum/go-ethereum,383,referenced,2018-05-04T10:47:21Z,NA,nolash,User,NA,2018-05-04
ethereum/go-ethereum,383,referenced,2018-05-04T16:13:10Z,NA,nolash,User,NA,2018-05-04
ethereum/go-ethereum,383,referenced,2018-05-08T09:42:51Z,NA,nolash,User,NA,2018-05-08
ethereum/go-ethereum,383,head_ref_deleted,2018-05-25T14:46:27Z,NA,gbalint,User,NA,2018-05-25
ethereum/go-ethereum,383,referenced,2021-07-12T15:42:23Z,NA,AusIV,User,NA,2021-07-12
ethereum/go-ethereum,383,referenced,2023-10-31T12:27:35Z,NA,tanishqjasoria,User,NA,2023-10-31
ethereum/go-ethereum,383,referenced,2024-12-20T18:00:51Z,NA,Eduard-Voiculescu,User,NA,2024-12-20
ethereum/go-ethereum,383,referenced,2025-05-02T22:50:56Z,NA,maoueh,User,NA,2025-05-02
ethereum/go-ethereum,383,referenced,2025-05-28T09:14:50Z,NA,thedevbirb,User,NA,2025-05-28
ethereum/go-ethereum,385,committed,2015-02-25T16:37:12Z,NA,,,b296b36d2b2aaa2f81d26b3c133ace2714c58a7d,2015-02-25
ethereum/go-ethereum,385,committed,2015-02-25T17:40:59Z,NA,,,d1311c53eee916ae8472a3b7eaf40b5e94f7675f,2015-02-25
ethereum/go-ethereum,385,committed,2015-02-25T18:30:57Z,NA,,,23f265809170fae044be12851f5591f55495003a,2015-02-25
ethereum/go-ethereum,385,referenced,2015-02-25T22:58:30Z,NA,obscuren,User,NA,2015-02-25
ethereum/go-ethereum,385,merged,2015-02-25T22:58:30Z,NA,obscuren,User,NA,2015-02-25
ethereum/go-ethereum,385,closed,2015-02-25T22:58:30Z,NA,obscuren,User,NA,2015-02-25
ethereum/go-ethereum,385,referenced,2018-04-22T22:12:40Z,NA,jpeletier,User,NA,2018-04-22
ethereum/go-ethereum,385,referenced,2022-01-20T19:04:44Z,NA,tony-ricciardi,User,NA,2022-01-20
ethereum/go-ethereum,385,referenced,2022-12-09T20:00:45Z,NA,maoueh,User,NA,2022-12-09
ethereum/go-ethereum,385,referenced,2024-12-02T21:33:41Z,NA,s1na,User,NA,2024-12-02
ethereum/go-ethereum,385,referenced,2025-02-07T18:55:46Z,NA,maoueh,User,NA,2025-02-07
ethereum/go-ethereum,385,line-commented,2015-02-25T20:54:03Z,CONTRIBUTOR,obscuren,User,NA,2015-02-25
ethereum/go-ethereum,385,line-commented,2015-02-25T20:54:42Z,CONTRIBUTOR,obscuren,User,NA,2015-02-25
ethereum/go-ethereum,385,line-commented,2015-02-25T20:54:59Z,CONTRIBUTOR,obscuren,User,NA,2015-02-25
ethereum/go-ethereum,385,line-commented,2015-02-25T20:55:08Z,CONTRIBUTOR,obscuren,User,NA,2015-02-25
ethereum/go-ethereum,385,line-commented,2015-02-25T21:01:06Z,CONTRIBUTOR,obscuren,User,NA,2015-02-25
ethereum/go-ethereum,385,line-commented,2015-02-25T21:01:23Z,CONTRIBUTOR,obscuren,User,NA,2015-02-25
ethereum/go-ethereum,385,line-commented,2015-02-25T21:01:55Z,CONTRIBUTOR,obscuren,User,NA,2015-02-25
ethereum/go-ethereum,388,committed,2015-02-25T19:00:32Z,NA,,,260ab739694b554c3cdec8531b98e0334753fbe1,2015-02-25
ethereum/go-ethereum,388,referenced,2015-02-25T22:58:01Z,NA,obscuren,User,NA,2015-02-25
ethereum/go-ethereum,388,merged,2015-02-25T22:58:01Z,NA,obscuren,User,NA,2015-02-25
ethereum/go-ethereum,388,closed,2015-02-25T22:58:01Z,NA,obscuren,User,NA,2015-02-25
ethereum/go-ethereum,388,referenced,2021-11-12T05:43:04Z,NA,maoueh,User,NA,2021-11-12
ethereum/go-ethereum,388,referenced,2023-10-31T12:27:34Z,NA,tanishqjasoria,User,NA,2023-10-31
ethereum/go-ethereum,388,referenced,2024-12-02T21:33:41Z,NA,s1na,User,NA,2024-12-02
ethereum/go-ethereum,388,referenced,2025-02-07T18:55:46Z,NA,maoueh,User,NA,2025-02-07
ethereum/go-ethereum,388,referenced,2025-04-10T11:12:16Z,NA,billettc,User,NA,2025-04-10
ethereum/go-ethereum,391,committed,2015-02-26T01:24:20Z,NA,tgerring,User,8eeab7ea3fb7a01a610e46940141eecf7435873a,2015-02-26
ethereum/go-ethereum,391,committed,2015-02-26T01:32:27Z,NA,tgerring,User,d5aed82b11589bb3f8b0df4544081fe898b8c724,2015-02-26
ethereum/go-ethereum,391,committed,2015-02-26T01:36:06Z,NA,tgerring,User,739b7cc2ac7de9c6c24547be00de81338089d724,2015-02-26
ethereum/go-ethereum,391,labeled,2015-02-26T01:43:08Z,NA,obscuren,User,NA,2015-02-26
ethereum/go-ethereum,391,committed,2015-02-26T01:48:55Z,NA,tgerring,User,57cea0c623ed808ad134bd62610afb6b842f5d0d,2015-02-26
ethereum/go-ethereum,391,referenced,2015-02-26T09:59:07Z,NA,obscuren,User,NA,2015-02-26
ethereum/go-ethereum,391,merged,2015-02-26T09:59:07Z,NA,obscuren,User,NA,2015-02-26
ethereum/go-ethereum,391,closed,2015-02-26T09:59:07Z,NA,obscuren,User,NA,2015-02-26
ethereum/go-ethereum,391,unlabeled,2015-02-26T09:59:08Z,NA,obscuren,User,NA,2015-02-26
ethereum/go-ethereum,391,cross-referenced,2015-02-26T17:42:32Z,NA,tgerring,User,NA,2015-02-26
ethereum/go-ethereum,391,referenced,2022-01-20T19:04:45Z,NA,tony-ricciardi,User,NA,2022-01-20
ethereum/go-ethereum,391,referenced,2024-11-18T12:14:43Z,NA,mralj,User,NA,2024-11-18
ethereum/go-ethereum,391,referenced,2024-12-02T21:33:41Z,NA,s1na,User,NA,2024-12-02
ethereum/go-ethereum,391,referenced,2025-05-28T09:14:51Z,NA,thedevbirb,User,NA,2025-05-28
ethereum/go-ethereum,412,committed,2015-02-26T20:01:40Z,NA,tgerring,User,d90b71bc5518e1f794268fe58f62525302287bd3,2015-02-26
ethereum/go-ethereum,412,committed,2015-02-26T20:04:26Z,NA,tgerring,User,a39c73672efd542b53b79fdadb89afec93498cc1,2015-02-26
ethereum/go-ethereum,412,committed,2015-02-28T00:00:42Z,NA,tgerring,User,f6e821fd335911c26d515094ac0af4fa69526279,2015-02-28
ethereum/go-ethereum,412,committed,2015-02-28T00:04:54Z,NA,tgerring,User,ea0517b5396efc7bd47f820ec0263f68f76f29a4,2015-02-28
ethereum/go-ethereum,412,committed,2015-02-28T18:15:57Z,NA,obscuren,User,6ea7aae29ca71e6fe857b85296b574e09df57184,2015-02-28
ethereum/go-ethereum,412,committed,2015-02-28T19:14:01Z,NA,obscuren,User,7adf065b10a0a05aea759e7f29a2a4acfa0f5521,2015-02-28
ethereum/go-ethereum,412,committed,2015-02-28T19:14:10Z,NA,obscuren,User,6c0b1943828dc36e4914bb1df6815f9f6f3da227,2015-02-28
ethereum/go-ethereum,412,committed,2015-02-28T19:24:20Z,NA,obscuren,User,7ab13e0f17e9d1b783d93bd4952cc6d7cc77ea7f,2015-02-28
ethereum/go-ethereum,412,committed,2015-02-28T20:06:57Z,NA,obscuren,User,43b5777709d9b867d1e2331d5586b914207f354f,2015-02-28
ethereum/go-ethereum,412,committed,2015-02-28T20:07:46Z,NA,obscuren,User,cdb77f0ecd239fe7a5494891c6a42645904a432b,2015-02-28
ethereum/go-ethereum,412,committed,2015-02-28T22:01:41Z,NA,obscuren,User,fdf939a6f9b5360d76415c7118969d92af2774f9,2015-02-28
ethereum/go-ethereum,412,committed,2015-02-28T22:09:49Z,NA,obscuren,User,65cad14f9b27db396d036f47814d4843d947ac43,2015-02-28
ethereum/go-ethereum,412,committed,2015-03-03T06:52:20Z,NA,zelig,User,34be795bc11e72092460401d015852d61c769509,2015-03-03
ethereum/go-ethereum,412,committed,2015-03-03T08:37:20Z,NA,zelig,User,76af536d0d16e3f0742a46d448b3e0dcb46458f6,2015-03-03
ethereum/go-ethereum,412,committed,2015-03-03T08:43:05Z,NA,zelig,User,fc47f0f27b4b672c84e8de230a5a3c5e5519f3aa,2015-03-03
ethereum/go-ethereum,412,committed,2015-03-03T08:44:41Z,NA,zelig,User,6c2856df2335dec946a5ebc14a4438b261e0c881,2015-03-03
ethereum/go-ethereum,412,labeled,2015-03-03T08:49:51Z,NA,zelig,User,NA,2015-03-03
ethereum/go-ethereum,412,commented,2015-03-05T08:52:36Z,NONE,sveneh,User,NA,2015-03-05
ethereum/go-ethereum,412,commented,2015-03-05T16:34:37Z,CONTRIBUTOR,obscuren,User,NA,2015-03-05
ethereum/go-ethereum,412,cross-referenced,2015-03-05T17:00:14Z,NA,tgerring,User,NA,2015-03-05
ethereum/go-ethereum,412,commented,2015-03-05T20:35:31Z,CONTRIBUTOR,tgerring,User,NA,2015-03-05
ethereum/go-ethereum,412,closed,2015-03-05T20:35:31Z,NA,tgerring,User,NA,2015-03-05
ethereum/go-ethereum,412,unlabeled,2015-03-05T20:35:32Z,NA,obscuren,User,NA,2015-03-05
ethereum/go-ethereum,412,head_ref_deleted,2015-03-08T10:06:05Z,NA,zelig,User,NA,2015-03-08
ethereum/go-ethereum,412,head_ref_restored,2015-03-08T10:06:38Z,NA,zelig,User,NA,2015-03-08
ethereum/go-ethereum,412,head_ref_deleted,2015-03-08T10:08:56Z,NA,zelig,User,NA,2015-03-08
ethereum/go-ethereum,412,referenced,2018-04-27T15:00:08Z,NA,nolash,User,NA,2018-04-27
ethereum/go-ethereum,412,referenced,2019-01-29T09:55:34Z,NA,ngtuna,User,NA,2019-01-29
ethereum/go-ethereum,412,referenced,2021-11-12T05:43:04Z,NA,maoueh,User,NA,2021-11-12
ethereum/go-ethereum,412,referenced,2022-01-20T19:04:45Z,NA,tony-ricciardi,User,NA,2022-01-20
ethereum/go-ethereum,412,referenced,2022-12-09T20:00:46Z,NA,maoueh,User,NA,2022-12-09
ethereum/go-ethereum,412,referenced,2024-04-11T06:43:26Z,NA,tanishqjasoria,User,NA,2024-04-11
ethereum/go-ethereum,412,referenced,2024-04-17T18:45:54Z,NA,garyschulte,User,NA,2024-04-17
ethereum/go-ethereum,412,referenced,2024-12-02T21:33:43Z,NA,s1na,User,NA,2024-12-02
ethereum/go-ethereum,412,referenced,2025-05-02T22:51:00Z,NA,maoueh,User,NA,2025-05-02
ethereum/go-ethereum,398,committed,2015-02-26T20:01:40Z,NA,tgerring,User,d90b71bc5518e1f794268fe58f62525302287bd3,2015-02-26
ethereum/go-ethereum,398,labeled,2015-02-26T20:02:47Z,NA,obscuren,User,NA,2015-02-26
ethereum/go-ethereum,398,committed,2015-02-26T20:04:26Z,NA,tgerring,User,a39c73672efd542b53b79fdadb89afec93498cc1,2015-02-26
ethereum/go-ethereum,398,labeled,2015-02-26T20:18:58Z,NA,tgerring,User,NA,2015-02-26
ethereum/go-ethereum,398,unlabeled,2015-02-26T20:18:58Z,NA,tgerring,User,NA,2015-02-26
ethereum/go-ethereum,398,commented,2015-02-26T20:24:35Z,CONTRIBUTOR,tgerring,User,NA,2015-02-26
ethereum/go-ethereum,398,renamed,2015-02-27T00:02:55Z,NA,tgerring,User,NA,2015-02-27
ethereum/go-ethereum,398,referenced,2015-02-28T20:06:57Z,NA,obscuren,User,NA,2015-02-28
ethereum/go-ethereum,398,merged,2015-02-28T20:06:57Z,NA,obscuren,User,NA,2015-02-28
ethereum/go-ethereum,398,closed,2015-02-28T20:06:57Z,NA,obscuren,User,NA,2015-02-28
ethereum/go-ethereum,398,unlabeled,2015-02-28T20:06:58Z,NA,obscuren,User,NA,2015-02-28
ethereum/go-ethereum,398,head_ref_deleted,2015-04-09T12:13:58Z,NA,tgerring,User,NA,2015-04-09
ethereum/go-ethereum,398,referenced,2018-04-22T22:12:40Z,NA,jpeletier,User,NA,2018-04-22
ethereum/go-ethereum,33346,copilot_work_started,2025-12-02T10:27:50Z,NA,cloorc,User,NA,2025-12-02
ethereum/go-ethereum,33346,copilot_work_finished,2025-12-02T10:29:36Z,NA,cloorc,User,NA,2025-12-02
ethereum/go-ethereum,33261,base_ref_force_pushed,2025-12-17T13:35:57Z,NA,MariusVanDerWijden,User,NA,2025-12-17
ethereum/go-ethereum,33043,marked_as_duplicate,2025-10-28T22:59:26Z,NA,fjl,User,NA,2025-10-28
ethereum/go-ethereum,32151,base_ref_changed,2025-07-05T11:21:44Z,NA,healthykim,User,NA,2025-07-05
ethereum/go-ethereum,30669,connected,2024-10-24T11:47:55Z,NA,fjl,User,NA,2024-10-24
ethereum/go-ethereum,24326,user_blocked,2022-02-14T12:49:41Z,NA,ethereum,Organization,NA,2022-02-14
ethereum/go-ethereum,22881,locked,2021-05-26T06:58:10Z,NA,ethereum,Organization,NA,2021-05-26
